ESTADO;CÓDIGO;CONCATENADO2;DESC. COMPONENTE;CLASSE;GRUPO;FORNECEDOR;CUSTO UND (ATUAL);CUSTO TOTAL (ATUAL);MÊS;ANO;MÊS/ANO;
PR;2701070006;PR2701070006;ACESSULFAME DE POTASSIO;EDULCORANTE;XAROPARIA;DAXIA;28,53;5706;MAR;2024;03/2024;
PR;2701070006;PR2701070006;ACESSULFAME DE POTASSIO;EDULCORANTE;XAROPARIA;GERAL;28,53;6419,25;ABR;2024;04/2024;
MS;2701070006;MS2701070006;ACESSULFAME DE POTASSIO;EDULCORANTE;XAROPARIA;GERAL;28,53;4992,75;ABR;2024;04/2024;
MS;2701090002;MS2701090002;ACIDO CITRICO;ACID.E CONSERV.;REF/ENER/ROM/DEL;GERAL;8,95;268500;ABR;2024;04/2024;
MS;2701090003;MS2701090003;ACIDO LACTICO - IBC;CERVEJARIA;OUTROS;GERAL;10,41;0;MAR;2024;03/2024;
MS;2701090003;MS2701090003;ACIDO LACTICO - IBC;CERVEJARIA;OUTROS;GERAL;10,41;5205;MAI;2024;05/2024;
PA;12038514;PA12038514;ACIDO PERACETICO DIVOSAN FORT;NÃO PRODUTIVO;CIP;GERAL;0;0;ABR;2024;04/2024;
MS;2701090004;MS2701090004;ACIDO TARTARICO ;ACID.E CONSERV.;NOCH/TON/BEL;MCASSAB;35,5;3550;MAR;2024;03/2024;
PR;2801090003;PR2801090003;ACIDO TARTARICO;ACID.E CONSERV.;NOCH/TON/BEL;MCASSAB;35,5;3550;MAR;2024;03/2024;
MS;2701080001;MS2701080001;ACUCAR CRISTAL;AÇUCAR;XAROPARIA;GERAL;1,84;0;MAR;2024;03/2024;
PR;2701080001;PR2701080001;ACUCAR CRISTAL;AÇUCAR;XAROPARIA;GERAL;1,84;0;MAR;2024;03/2024;
MS;2701080001;MS2701080001;ACUCAR CRISTAL;AÇUCAR;XAROPARIA;GERAL;1,84;370944;ABR;2024;04/2024;
PR;2701080001;PR2701080001;ACUCAR CRISTAL;AÇUCAR;XAROPARIA;GERAL;1,84;516672;ABR;2024;04/2024;
PA;10010001;PA10010001;ACUCAR CRISTAL;AÇUCAR;XAROPARIA;GERAL;2,27792;455584;MAI;2024;05/2024;
MS;DAT3;MSDAT3;ADITIVO PARA LIMPEZA LINX 1512;NÃO PRODUTIVO;DATADORA;GERAL;0;0;ABR;2024;04/2024;
MS;DAT3;MSDAT3;ADITIVO PARA LIMPEZA LINX 1512;NÃO PRODUTIVO;DATADORA;GERAL;0;0;MAI;2024;05/2024;
MS;DAT6;MSDAT6;ADITIVO PARA LIMPEZA VIDEO JET V901Q;NÃO PRODUTIVO;DATADORA;GERAL;0;0;MAI;2024;05/2024;
MS;DAT6;MSDAT6;ADITIVO PARA LIMPEZA VIDEO JET V901Q;NÃO PRODUTIVO;DATADORA;GERAL;0;0;ABR;2024;04/2024;
PR;2801170001;PR2801170001;AGUARDENTE DE CANA CACHACA LT;CACHAÇA;TANQUE;GERAL;2,26;0;JAN;2024;01/2024;
PR;2801170001;PR2801170001;AGUARDENTE DE CANA CACHACA LT;CACHAÇA;TANQUE;GERAL;2,26;0;JAN;2024;01/2024;
PR;2801170001;PR2801170001;AGUARDENTE DE CANA CACHACA LT;CACHAÇA;TANQUE;GERAL;2,26;0;JAN;2024;01/2024;
PR;2801170001;PR2801170001;AGUARDENTE DE CANA CACHACA LT;CACHAÇA;TANQUE;GERAL;2,26;33900;ABR;2024;04/2024;
PR;2801170001;PR2801170001;AGUARDENTE DE CANA CACHACA LT;CACHAÇA;TANQUE;GERAL;2,26;33900;ABR;2024;04/2024;
MS;2701210005;MS2701210005;ALGINATO DE PROPILENO GLICOL;CERVEJARIA;OUTROS;GERAL;283,79;56758,000000000007;MAI;2024;05/2024;
PR;2801120003;PR2801120003;PREMIX ENERG EMULVIT 8959 - BOMBADÃO SAPORITI -IND;CONCENT./KITs;C.ENERGETICO;GERAL;180;27540;ABR;2024;04/2024;
PR;2801120003;PR2801120003;PREMIX ENERG EMULVIT 8959 - BOMBADÃO SAPORITI -IND;CONCENT./KITs;C.ENERGETICO;GERAL;180;0;MAR;2024;03/2024;
PR;2701050037;PR2701050037;AROMA IDENTICO AO NATURAL FRAMBOESA 77587 SAPORITI;AROMA;REFRIGERANTE;GERAL;62;0;FEV;2024;02/2024;
PR;2701050037;PR2701050037;AROMA IDENTICO AO NATURAL FRAMBOESA 77587 SAPORITI;AROMA;REFRIGERANTE;GERAL;62;2480;ABR;2024;04/2024;
PR;2701050037;PR2701050037;AROMA IDENTICO AO NATURAL FRAMBOESA 77587 SAPORITI;AROMA;REFRIGERANTE;GERAL;62;1240;JUN;2024;06/2024;
PR;2801050021;PR2801050021;AROMA IDENTICO AO NATURAL MELANCIA;AROMA;ENERGÉTICO;GERAL;37,17;0;MAR;2024;03/2024;
PR;2801050025;PR2801050025;AROMA IDENTICO AO NATURAL MORANGO;AROMA;ENERGÉTICO;GERAL;75,88;0;FEV;2024;02/2024;
MS;2701050010;MS2701050010;AROMA DE LARANJA IDENTICO AO NATURAL;AROMA;REFRIGERANTE;GERAL;75,22;1128,3;MAI;2024;05/2024;
PA;10010001;PA10010001;ACUCAR CRISTAL;AÇUCAR;XAROPARIA;GERAL;2,27792;683376;MAI;2024;05/2024;
MS;2701050002;MS2701050002;DESTILADO DE ERVAS AROMÁT PARA GIN;AROMA;JAMES COOK;GERAL;19,2;3840;JUN;2024;06/2024;
MS;2701050008;MS2701050008;AROMA FRUTAS TROPICAIS;AROMA;ENERGÉTICO;GERAL;149,57;29914;ABR;2024;04/2024;
PR;2701050010;PR2701050010;AROMA DE LARANJA IDENTICO AO NATURAL;AROMA;REFRIGERANTE;GERAL;75,22;0;MAR;2024;03/2024;
PR;2701130007;PR2701130007;AROMA EXTRATO GUARANA REFRIKO 28;AROMA;REFRIGERANTE;GERAL;32,8;26239,999999999996;JUL;2024;07/2024;
PR;2801050006;PR2801050006;AROMA FRUTAS TROPICAIS;AROMA;ENERGÉTICO;GERAL;149,57;14957;ABR;2024;04/2024;
MS;2701050015;MS2701050015;AROMA IDENTICO AO NATURAL MARACUJA;AROMA;NOCH DEMAIS;GERAL;54,21;0;FEV;2024;02/2024;
MS;2701050017;MS2701050017;AROMA IDENTICO AO NATURAL MELANCIA;AROMA;ENERGÉTICO;DUAS RODAS;37,17;14868;MAR;2024;03/2024;
MS;2701050021;MS2701050021;AROMA IDENTICO AO NATURAL MORANGO;AROMA;ENERGÉTICO;DUAS RODAS;75,88;26558;MAR;2024;03/2024;
PR;2801050019;PR2801050019;AROMA IDENTICO AO NATURAL MARACUJA;AROMA;NOCH DEMAIS;GERAL;54,21;2710,5;ABR;2024;04/2024;
MS;2701050011;MS2701050011;AROMA LIMAO REFRIKO 41;AROMA;REFRIGERANTE;GERAL;48;0;MAR;2024;03/2024;
PR;2801050019;PR2801050019;AROMA IDENTICO AO NATURAL MARACUJA;AROMA;NOCH DEMAIS;GERAL;54,21;5421;MAI;2024;05/2024;
PR;2801050021;PR2801050021;AROMA IDENTICO AO NATURAL MELANCIA;AROMA;ENERGÉTICO;GERAL;37,17;5575,5;JUN;2024;06/2024;
PR;2801050013;PR2801050013;AROMA IN LIMAO SICILIANO;AROMA;ENERGÉTICO;GERAL;227,5;0;MAR;2024;03/2024;
PR;2701050011;PR2701050011;AROMA LIMAO REFRIKO 41;AROMA;REFRIGERANTE;GERAL;48;0;MAR;2024;03/2024;
MS;2701050013;MS2701050013;AROMA MAÇA VERDE COD;AROMA;ENERGÉTICO;GERAL;46,45;9475,8000000000011;ABR;2024;04/2024;
MS;2701050013;MS2701050013;AROMA MAÇA VERDE COD;AROMA;ENERGÉTICO;GERAL;46,45;0;FEV;2024;02/2024;
MS;2701050019;MS2701050019;AROMA MELAO ;AROMA;ENERGÉTICO;GERAL;58,97;0;FEV;2024;02/2024;
PR;2701050011;PR2701050011;AROMA LIMAO REFRIKO 41;AROMA;REFRIGERANTE;GERAL;48;14400;MAI;2024;05/2024;
PR;2701050011;PR2701050011;AROMA LIMAO REFRIKO 41;AROMA;REFRIGERANTE;GERAL;48;9600;JUN;2024;06/2024;
MS;2701050019;MS2701050019;AROMA MELAO ;AROMA;ENERGÉTICO;GERAL;58,97;18044,82;ABR;2024;04/2024;
MS;2701050019;MS2701050019;AROMA MELAO ;AROMA;ENERGÉTICO;GERAL;58,97;17691;MAI;2024;05/2024;
PR;2801050015;PR2801050015;AROMA MAÇA VERDE COD;AROMA;ENERGÉTICO;GERAL;46,45;0;FEV;2024;02/2024;
MS;2701050012;MS2701050012;AROMA NATURAL DE LIMAO VERDE;AROMA;DELIRIO;GERAL;36;0;MAR;2024;03/2024;
MS;2701050001;MS2701050001;AROMA NATURAL MOUTHFEEL FASV259 ADM;AROMA;REFRIGERANTE;GERAL;165,4;0;FEV;2024;02/2024;
MS;2701050028;MS2701050028;AROMA NATURAL PARA VODKA ;AROMA;VODKA;DUAS RODAS;25,88;5176;MAR;2024;03/2024;
MS;2701050028;MS2701050028;AROMA NATURAL PARA VODKA ;AROMA;VODKA;GERAL;25,88;10352;MAI;2024;05/2024;
MS;2701050027;MS2701050027;AROMA UVA REFRIKO 84;AROMA;REFRIGERANTE;GERAL;28;0;MAR;2024;03/2024;
PR;2801050015;PR2801050015;AROMA MAÇA VERDE COD;AROMA;ENERGÉTICO;GERAL;46,45;4737,9000000000005;ABR;2024;04/2024;
PR;2801050023;PR2801050023;AROMA MELAO;AROMA;ENERGÉTICO;GERAL;58,97;6014,94;ABR;2024;04/2024;
PR;2801050023;PR2801050023;AROMA MELAO;AROMA;ENERGÉTICO;GERAL;58,97;5897;MAI;2024;05/2024;
MS;2701070005;MS2701070005;ASPARTAME;EDULCORANTE;XAROPARIA;GERAL;61,26;0;FEV;2024;02/2024;
PR;2801050004;PR2801050004;AROMA NATURA DE CITRUS RB 25395;AROMA;ENERGÉTICO;GERAL;105;0;MAR;2024;03/2024;
PA;10020001;PA10020001;AROMA DE LARANJA IDENTICO AO NATURAL;AROMA;REFRIGERANTE;GERAL;77,66;1164,8999999999999;MAI;2024;05/2024;
MS;CIP3;MSCIP3;B - 160 (CIP ENCHEDORA PET);NÃO PRODUTIVO;CIP;GERAL;0;0;MAI;2024;05/2024;
PA;10010001;PA10010001;ACUCAR CRISTAL;AÇUCAR;XAROPARIA;GERAL;2,27792;455584;JUN;2024;06/2024;
MS;2701100002;MS2701100002;BENZOATO DE SODIO;ACID.E CONSERV.;REF/ENER/NOCH/TON;DAXIA;12,1;12100;MAR;2024;03/2024;
PR;2801130003;PR2801130003;AROMA QUININO;AROMA;MALDIVES;GERAL;1596;15960;JUN;2024;06/2024;
PR;2701050027;PR2701050027;AROMA UVA REFRIKO 84;AROMA;REFRIGERANTE;GERAL;28;0;MAR;2024;03/2024;
MS;2701240002;MS2701240002;CANTONEIRA DE PAPELAO 110x110x1580;CANTONEIRA;CANTONEIRA;RM BUENO;1,62;3240;MAR;2024;03/2024;
MS;2701240004;MS2701240004;CHAPA SEM IMPRESSAO 1000X1200 (NOVA);SEPARADOR DE CAMADAS;CHAPA;GERAL;1,25;0;MAR;2024;03/2024;
PR;2701050027;PR2701050027;AROMA UVA REFRIKO 84;AROMA;REFRIGERANTE;GERAL;28;14000;ABR;2024;04/2024;
PR;2701050027;PR2701050027;AROMA UVA REFRIKO 84;AROMA;REFRIGERANTE;GERAL;28;8400;MAI;2024;05/2024;
PR;2701050027;PR2701050027;AROMA UVA REFRIKO 84;AROMA;REFRIGERANTE;GERAL;28;7000;JUN;2024;06/2024;
PR;2701070005;PR2701070005;ASPARTAME;EDULCORANTE;XAROPARIA;GERAL;61,26;0;MAR;2024;03/2024;
MS;2701070004;MS2701070004;CICLAMATO DE SÓDIO ;EDULCORANTE;XAROPARIA;GERAL;14,18;1418;MAI;2024;05/2024;
PA;10090100;PA10090100;ASPARTAME;EDULCORANTE;XAROPARIA;GERAL;70,39;42234;MAI;2024;05/2024;
MS;2701090006;MS2701090006;CITRATO DE SODIO;ACID.E CONSERV.;ENERG/DELIRIO;GERAL;8,28;0;ABR;2024;04/2024;
PR;2701070005;PR2701070005;ASPARTAME;EDULCORANTE;XAROPARIA;GERAL;61,26;4594,5;JUL;2024;07/2024;
PR;2701100002;PR2701100002;BENZOATO DE SODIO;ACID.E CONSERV.;REF/ENER/NOCH/TON;GERAL;12,1;0;FEV;2024;02/2024;
PR;2701100002;PR2701100002;BENZOATO DE SODIO;ACID.E CONSERV.;REF/ENER/NOCH/TON;BBCA;12,1;18150;MAR;2024;03/2024;
MS;2701210003;MS2701210003;CLEAR MAX PVPP;CERVEJARIA;OUTROS;GERAL;138,35;0;MAR;2024;03/2024;
MS;2701210003;MS2701210003;CLEAR MAX PVPP;CERVEJARIA;OUTROS;GERAL;138,35;138350;MAI;2024;05/2024;
MS;2701250001;MS2701250001;CLORETO DE CALCIO - IBC;CERVEJARIA;OUTROS;GERAL;4,07;0;MAR;2024;03/2024;
MS;2701250001;MS2701250001;CLORETO DE CALCIO - IBC;CERVEJARIA;OUTROS;GERAL;4,07;1628;MAI;2024;05/2024;
SP;CIP2;SPCIP2;CLORO GRANULADO;NÃO PRODUTIVO;CIP;GERAL;0;0;ABR;2024;04/2024;
PR;2701100002;PR2701100002;BENZOATO DE SODIO;ACID.E CONSERV.;REF/ENER/NOCH/TON;GERAL;12,1;18150;JUN;2024;06/2024;
PR;2701070004;PR2701070004;CICLAMATO DE SÓDIO ;EDULCORANTE;XAROPARIA;GERAL;14,18;0;FEV;2024;02/2024;
PR;2701070004;PR2701070004;CICLAMATO DE SÓDIO ;EDULCORANTE;XAROPARIA;GERAL;14,18;0;MAR;2024;03/2024;
PR;2701070004;PR2701070004;CICLAMATO DE SÓDIO ;EDULCORANTE;XAROPARIA;GERAL;14,18;2836;ABR;2024;04/2024;
PR;2701070004;PR2701070004;CICLAMATO DE SÓDIO ;EDULCORANTE;XAROPARIA;GERAL;14,18;2836;MAI;2024;05/2024;
PR;2701070004;PR2701070004;CICLAMATO DE SÓDIO ;EDULCORANTE;XAROPARIA;GERAL;14,18;2127;JUN;2024;06/2024;
MS;2701050040;MS2701050040;CONCENTRADO BEBIDAS ENERGETICA;AROMA;KIT ENERGÉTICO;ADM;2076,886;144629,94428969361;ABR;2024;04/2024;
MS;2701050040;MS2701050040;CONCENTRADO BEBIDAS ENERGETICA;AROMA;KIT ENERGÉTICO;GERAL;2076,886;216944,91643454038;JUN;2024;06/2024;
PR;2801090005;PR2801090005;CITRATO DE SODIO;ACID.E CONSERV.;ENERG/DELIRIO;DAXIA;8,28;2484;MAR;2024;03/2024;
PR;2801090005;PR2801090005;CITRATO DE SODIO;ACID.E CONSERV.;ENERG/DELIRIO;GERAL;8,28;0;FEV;2024;02/2024;
MS;2701050022;MS2701050022;CONCENTRADO DE GUARANA IAB 7205;AROMA;REFRIGERANTE;GERAL;25,87;0;MAR;2024;03/2024;
MS;2701050022;MS2701050022;CONCENTRADO DE GUARANA IAB 7205;AROMA;REFRIGERANTE;GERAL;25,87;25870;MAI;2024;05/2024;
PR;2801090005;PR2801090005;CITRATO DE SODIO;ACID.E CONSERV.;ENERG/DELIRIO;GERAL;8,28;24839,999999999996;ABR;2024;04/2024;
PR;2801050014;PR2801050014;AROMA CLOUDING LEMON IN;AROMA;NOCH LEMON;GERAL;103,142;0;FEV;2024;02/2024;
PR;2801050014;PR2801050014;AROMA CLOUDING LEMON IN;AROMA;NOCH LEMON;SYMRISE;103,142;20628,399999999998;ABR;2024;04/2024;
PR;2801050014;PR2801050014;AROMA CLOUDING LEMON IN;AROMA;NOCH LEMON;GERAL;103,142;20628,399999999998;MAI;2024;05/2024;
PA;10100012;PA10100012;BENZOATO DE SODIO;ACID.E CONSERV.;REF/ENER/NOCH/TON;GERAL;10,352;15528;MAI;2024;05/2024;
MS;2701010052;MS2701010052;CONTRA ROTULO BAMBOA 330ML (ARTE NOVA);ROTULO;ADESIVO;GERAL;0,05611;16,832999999999998;ABR;2024;04/2024;
MS;2701060007;MS2701060007;CORANTE CARAMELO CLASE IV DPC;CORANTE;REFRIGERANTE;GERAL;7,5;0;MAR;2024;03/2024;
MS;2701060007;MS2701060007;CORANTE CARAMELO CLASE IV DPC;CORANTE;REFRIGERANTE;GERAL;7,5;0;FEV;2024;02/2024;
MS;2701060007;MS2701060007;CORANTE CARAMELO CLASE IV DPC;CORANTE;REFRIGERANTE;GERAL;7,5;1500;MAI;2024;05/2024;
PR;2801050014;PR2801050014;AROMA CLOUDING LEMON IN;AROMA;NOCH LEMON;GERAL;103,142;20628,399999999998;AGO;2024;08/2024;
PR;2801050007;PR2801050007;CONCENTRADO B. ENERGETICA AÇAI;AROMA;KIT ENERGÉTICO;GERAL;2237,879;22226,293986371376;MAR;2024;03/2024;
MS;2701060003;MS2701060003;CORANTE TARTRAZINA;CORANTE;ENERGÉTICO;GERAL;49;0;MAR;2024;03/2024;
MS;2701060003;MS2701060003;CORANTE TARTRAZINA;CORANTE;ENERGÉTICO;GERAL;49;245;MAI;2024;05/2024;
PR;2801050007;PR2801050007;CONCENTRADO B. ENERGETICA AÇAI;AROMA;KIT ENERGÉTICO;GERAL;2237,879;22340,665996592845;MAI;2024;05/2024;
PR;2801050003;PR2801050003;CONCENTRADO BEBIDAS ENERGETICA;AROMA;KIT ENERGÉTICO;GERAL;2044,7664;355983,00835654599;MAR;2024;03/2024;
MS;2701060002;MS2701060002;CORANTE VERMELHO 3167;CORANTE;REFRIGERANTE;GERAL;18,9;0;MAR;2024;03/2024;
PR;2801050003;PR2801050003;CONCENTRADO BEBIDAS ENERGETICA;AROMA;KIT ENERGÉTICO;GERAL;2044,7664;355983,00835654599;ABR;2024;04/2024;
PR;2701050022;PR2701050022;CONCENTRADO DE GUARANA IAB 7205;AROMA;REFRIGERANTE;GERAL;27,17;0;ABR;2024;04/2024;
MS;2701160012;MS2701160012;CX 12X300ML - TUBAINA;CAIXA;TUBAINA;JAUENSE;1,69;16900;ABR;2024;04/2024;
MS;2701160012;MS2701160012;CX 12X300ML - TUBAINA;CAIXA;TUBAINA;GERAL;1,69;0;FEV;2024;02/2024;
MS;2701160012;MS2701160012;CX 12X300ML - TUBAINA;CAIXA;TUBAINA;GERAL;1,69;16900;MAI;2024;05/2024;
MS;2701160011;MS2701160011;CX ONE WAY BAMBOA 12X330ML;CAIXA;CERVEJA;GERAL;1,84;0;MAR;2024;03/2024;
MS;2701160005;MS2701160005;CX ONE WAY MOEMA 6X600ML (MUDAR P/FILME);CAIXA;CERVEJA;GERAL;1,61;0;FEV;2024;02/2024;
PR;2701050022;PR2701050022;CONCENTRADO DE GUARANA IAB 7205;AROMA;REFRIGERANTE;GERAL;27,17;135850;JUN;2024;06/2024;
PA;10100024;PA10100024;CICLAMATO DE SÓDIO ;EDULCORANTE;XAROPARIA;GERAL;19,87;5961;MAI;2024;05/2024;
PA;10090295;PA10090295;CONCENTRADO COLA IAB 7729 (NOVO);CONCENT./KITs;KIT COLA;GERAL;22,39;55975;MAI;2024;05/2024;
PA;10090295;PA10090295;CONCENTRADO COLA IAB 7729 (NOVO);CONCENT./KITs;KIT COLA;GERAL;22,39;134340;MAI;2024;05/2024;
PA;12038501;PA12038501;DETERGENTE ALCALINO CLORADO DIVOSANT TC 86 DIVERSEY;NÃO PRODUTIVO;CIP;GERAL;0;0;ABR;2024;04/2024;
MS;2701050020;MS2701050020;EMULSÃO COLA E-0388 ADM (NOVO);EMULSAO;XAROPARIA;GERAL;384,51;115353;MAR;2024;03/2024;
MS;2701050020;MS2701050020;EMULSÃO COLA E-0388 ADM (NOVO);EMULSAO;XAROPARIA;GERAL;384,51;57676,5;MAI;2024;05/2024;
PR;2701050022;PR2701050022;CONCENTRADO DE GUARANA IAB 7205;AROMA;REFRIGERANTE;GERAL;27,17;0;FEV;2024;02/2024;
PR;2701050022;PR2701050022;CONCENTRADO DE GUARANA IAB 7205;AROMA;REFRIGERANTE;GERAL;27,17;0;MAR;2024;03/2024;
MS;2701050018;MS2701050018;EMULSAO LARANJA REFRIKO 98;EMULSAO;XAROPARIA;GERAL;32,8;0;MAR;2024;03/2024;
MS;2701050018;MS2701050018;EMULSAO LARANJA REFRIKO 98;EMULSAO;XAROPARIA;GERAL;32,8;11479,999999999998;MAI;2024;05/2024;
PR;2701050022;PR2701050022;CONCENTRADO DE GUARANA IAB 7205;AROMA;REFRIGERANTE;GERAL;27,17;135850;MAI;2024;05/2024;
PR;2701060007;PR2701060007;CORANTE CARAMELO CLASE IV DPC;CORANTE;REFRIGERANTE;GERAL;7,5;0;MAR;2024;03/2024;
PA;12038500;PA12038500;DETERGENTE DIVERFOAM DG;NÃO PRODUTIVO;CIP;GERAL;0;0;MAI;2024;05/2024;
PR;2701060007;PR2701060007;CORANTE CARAMELO CLASE IV DPC;CORANTE;REFRIGERANTE;GERAL;7,5;2250;MAI;2024;05/2024;
PR;2701060003;PR2701060003;CORANTE TARTRAZINA;CORANTE;ENERGÉTICO;GERAL;49;0;MAR;2024;03/2024;
PR;2701060003;PR2701060003;CORANTE TARTRAZINA;CORANTE;ENERGÉTICO;GERAL;49;245;MAI;2024;05/2024;
MS;2701050016;MS2701050016;EMULSAO NEUTRA PARA SUCO;EMULSAO;XAROPARIA;GERAL;56;0;MAR;2024;03/2024;
MS;2701050016;MS2701050016;EMULSAO NEUTRA PARA SUCO;EMULSAO;XAROPARIA;GERAL;56;5600;MAI;2024;05/2024;
PR;2701060002;PR2701060002;CORANTE VERMELHO 3167;CORANTE;REFRIGERANTE;GERAL;18,9;0;FEV;2024;02/2024;
MS;2701170002;MS2701170002;ETANOL NEUTRO ALCOOL ETILICO POT 96º-IND;ETANOL;TANQUE;GERAL;4,474;0;MAR;2024;03/2024;
MS;2701170002;MS2701170002;ETANOL NEUTRO ALCOOL ETILICO POT 96º-IND;ETANOL;TANQUE;GERAL;4,474;0;JAN;2024;01/2024;
MS;2701170002;MS2701170002;ETANOL NEUTRO ALCOOL ETILICO POT 96º-IND;ETANOL;TANQUE;GERAL;4,474;201330;ABR;2024;04/2024;
PR;2701060002;PR2701060002;CORANTE VERMELHO 3167;CORANTE;REFRIGERANTE;GERAL;18,9;5670;MAI;2024;05/2024;
MS;2701130006;MS2701130006;EXTRATO DE GUARANA 200% DUAS RODAS;AROMA;ENERG./DELÍR.;DUAS RODAS;49,93;4993;MAR;2024;03/2024;
PR;CIP5;PRCIP5;D LIMONENO;NÃO PRODUTIVO;CIP;GERAL;0;0;MAR;2024;03/2024;
MS;2701130007;MS2701130007;AROMA EXTRATO GUARANA REFRIKO 28;AROMA;REFRIGERANTE;GERAL;32,8;0;MAR;2024;03/2024;
MS;2701130007;MS2701130007;AROMA EXTRATO GUARANA REFRIKO 28;AROMA;REFRIGERANTE;GERAL;32,8;9840;JUL;2024;07/2024;
PR;2701050020;PR2701050020;EMULSÃO COLA E-0388 ADM (NOVO) (usar no 500 ml);EMULSAO;XAROPARIA;GERAL;384,51;61521,599999999999;JUN;2024;06/2024;
PR;2701050020;PR2701050020;EMULSÃO COLA E-0388 ADM (NOVO) (usar no 500 ml);EMULSAO;XAROPARIA;GERAL;384,51;0;MAR;2024;03/2024;
PR;2701050020;PR2701050020;EMULSÃO COLA E-0388 ADM (NOVO) (usar no 500 ml);EMULSAO;XAROPARIA;GERAL;384,51;134578,5;MAI;2024;05/2024;
MS;2701040015;MS2701040015;SHRINK LISO - 380X0,06 ;FILME;VIDRO;GERAL;21;10500;MAR;2024;03/2024;
MS;2701040009;MS2701040009;FILME STRETCH POLIETILENO 500X0023;FILME;STRETCH;LORD;22,85;34275;MAR;2024;03/2024;
MS;2701040009;MS2701040009;FILME STRETCH POLIETILENO 500X0023;FILME;STRETCH;GERAL;22,85;0;MAR;2024;03/2024;
MS;2701040009;MS2701040009;FILME STRETCH POLIETILENO 500X0023;FILME;STRETCH;GERAL;22,85;34275;MAR;2024;03/2024;
MS;2701040009;MS2701040009;FILME STRETCH POLIETILENO 500X0023;FILME;STRETCH;GERAL;22,85;34275;ABR;2024;04/2024;
MS;2701040009;MS2701040009;FILME STRETCH POLIETILENO 500X0023;FILME;STRETCH;GERAL;22,85;34275;ABR;2024;04/2024;
MS;2701040009;MS2701040009;FILME STRETCH POLIETILENO 500X0023;FILME;STRETCH;GERAL;22,85;0;FEV;2024;02/2024;
PR;2701050018;PR2701050018;EMULSAO LARANJA REFRIKO 98;EMULSAO;XAROPARIA;GERAL;32,8;0;MAR;2024;03/2024;
PR;2701050018;PR2701050018;EMULSAO LARANJA REFRIKO 98;EMULSAO;XAROPARIA;GERAL;32,8;11479,999999999998;MAI;2024;05/2024;
PR;2701050016;PR2701050016;EMULSAO NEUTRA PARA SUCO;EMULSAO;XAROPARIA;GERAL;56;0;FEV;2024;02/2024;
SP;2801040014;SP2801040014;FILME STRETCH POLIETILENO 500X0023;FILME;STRETCH;GERAL;22,85;0;FEV;2024;02/2024;
SP;2801040014;SP2801040014;FILME STRETCH POLIETILENO 500X0023;FILME;STRETCH;GERAL;22,85;0;MAR;2024;03/2024;
SP;2801040014;SP2801040014;FILME STRETCH POLIETILENO 500X0023;FILME;STRETCH;GERAL;22,85;22850;ABR;2024;04/2024;
PR;2701050016;PR2701050016;EMULSAO NEUTRA PARA SUCO;EMULSAO;XAROPARIA;GERAL;56;0;MAR;2024;03/2024;
PR;2701050016;PR2701050016;EMULSAO NEUTRA PARA SUCO;EMULSAO;XAROPARIA;GERAL;56;8400;MAI;2024;05/2024;
PR;2801050038;PR2801050038;EMULSAO SABOR CITRUS;EMULSAO;XAROPARIA;GERAL;100,74;0;MAR;2024;03/2024;
PR;2701170002;PR2701170002;ETANOL NEUTRO ALCOOL ETILICO POT 96º-IND;ETANOL;TANQUE;GERAL;4,474;0;FEV;2024;02/2024;
PR;2701130006;PR2701130006;EXTRATO DE GUARANA 200% DUAS RODAS;AROMA;ENERG./DELÍR.;GERAL;49,93;0;MAR;2024;03/2024;
PR;2701130007;PR2701130007;AROMA EXTRATO GUARANA REFRIKO 28;AROMA;REFRIGERANTE;GERAL;32,8;0;FEV;2024;02/2024;
PR;2701130007;PR2701130007;AROMA EXTRATO GUARANA REFRIKO 28;AROMA;REFRIGERANTE;GERAL;32,8;0;MAR;2024;03/2024;
PR;2701130007;PR2701130007;AROMA EXTRATO GUARANA REFRIKO 28;AROMA;REFRIGERANTE;GERAL;32,8;22959,999999999996;JUN;2024;06/2024;
PR;2701040009;PR2701040009;FILME STRETCH POLIETILENO 500X0023;FILME;STRETCH;GERAL;20;0;FEV;2024;02/2024;
PR;2701040009;PR2701040009;FILME STRETCH POLIETILENO 500X0023;FILME;STRETCH;GERAL;20;0;FEV;2024;02/2024;
PR;2701040009;PR2701040009;FILME STRETCH POLIETILENO 500X0023;FILME;STRETCH;GERAL;20;160000;MAR;2024;03/2024;
PR;2701040004;PR2701040004;FILME TERMO ENCOLHIVEL 600 MM X 0,04 ;FILME;REFRI;GERAL;14,1;8206,1999999999989;MAR;2024;03/2024;
PA;10090017;PA10090017;EMULSAO LARANJA REFRIKO 98;EMULSAO;XAROPARIA;SAPORITI;36;22176;MAI;2024;05/2024;
SP;2801040018;SP2801040018;FILME TERMOENCOLHIVEL LISO 390X0,05MM                    ;FILME;ÁGUA 500;GERAL;23,575;0;FEV;2024;02/2024;
SP;2801040018;SP2801040018;FILME TERMOENCOLHIVEL LISO 390X0,05MM                    ;FILME;ÁGUA 500;GERAL;23,575;141450;MAR;2024;03/2024;
PR;2701040004;PR2701040004;FILME TERMO ENCOLHIVEL 600 MM X 0,04 ;FILME;REFRI;GERAL;14,1;0;JAN;2024;01/2024;
PR;2701040004;PR2701040004;FILME TERMO ENCOLHIVEL 600 MM X 0,04 ;FILME;REFRI;GERAL;14,1;0;JAN;2024;01/2024;
PR;2701040004;PR2701040004;FILME TERMO ENCOLHIVEL 600 MM X 0,04 ;FILME;REFRI;GERAL;14,1;0;FEV;2024;02/2024;
PR;2701040004;PR2701040004;FILME TERMO ENCOLHIVEL 600 MM X 0,04 ;FILME;REFRI;GERAL;14,1;21150;ABR;2024;04/2024;
PR;2701040006;PR2701040006;FILME TERMO ENCOLHIVEL 860/5 MM;FILME;JUJ/TERN;GERAL;23,575;0;MAR;2024;03/2024;
PR;2701040005;PR2701040005;FILME TERMO ENCOLHIVEL 660 MM X 0,04;FILME;ENERGÉTICO;GERAL;23,5;0;FEV;2024;02/2024;
MS;FILT1;MSFILT1;FILTRO 1MIC. (LATA E VIDRO);NÃO PRODUTIVO;FILTRAGEM;GERAL;0;0;ABR;2024;04/2024;
MS;FILT1;MSFILT1;FILTRO 1MIC. (LATA E VIDRO);NÃO PRODUTIVO;FILTRAGEM;GERAL;0;0;ABR;2024;04/2024;
MS;FILT1;MSFILT1;FILTRO 1MIC. (LATA E VIDRO);NÃO PRODUTIVO;FILTRAGEM;GERAL;0;0;MAI;2024;05/2024;
MS;2701150006;MS2701150006;VASILHAME AMBAR 300ML - LITRINHO;VASILHAME;NORMAL;GERAL;0,74;75213,600000000006;ABR;2024;04/2024;
MS;2701150006;MS2701150006;VASILHAME AMBAR 300ML - LITRINHO;VASILHAME;NORMAL;GERAL;0,74;75213,600000000006;MAR;2024;03/2024;
MS;2701150003;MS2701150003;VASILHAME NOVO 330ML;VASILHAME;LONGNECK;GERAL;0,88;0;MAR;2024;03/2024;
MS;2701150003;MS2701150003;VASILHAME NOVO 330ML;VASILHAME;LONGNECK;GERAL;0,88;0;MAR;2024;03/2024;
MS;2701150003;MS2701150003;VASILHAME NOVO 330ML;VASILHAME;LONGNECK;VIDROPORTO;0,88;84022,399999999994;MAR;2024;03/2024;
MS;2701150003;MS2701150003;VASILHAME NOVO 330ML;VASILHAME;LONGNECK;GERAL;0,88;84022,399999999994;ABR;2024;04/2024;
MS;2701150003;MS2701150003;VASILHAME NOVO 330ML;VASILHAME;LONGNECK;GERAL;0,88;84022,399999999994;ABR;2024;04/2024;
MS;2701150003;MS2701150003;VASILHAME NOVO 330ML;VASILHAME;LONGNECK;GERAL;0,88;84022,399999999994;MAI;2024;05/2024;
MS;2701150003;MS2701150003;VASILHAME NOVO 330ML;VASILHAME;LONGNECK;GERAL;0,88;84022,399999999994;JUN;2024;06/2024;
MS;2701150001;MS2701150001;VASILHAME GINGUALA 970ML;VASILHAME;NORMAL;GERAL;1,57;0;MAR;2024;03/2024;
MS;2701150001;MS2701150001;VASILHAME GINGUALA 970ML;VASILHAME;NORMAL;GERAL;1,57;0;FEV;2024;02/2024;
MS;2701150001;MS2701150001;VASILHAME GINGUALA 970ML;VASILHAME;NORMAL;GERAL;1,57;186704,4;MAI;2024;05/2024;
PR;2701040006;PR2701040006;FILME TERMO ENCOLHIVEL 860/5 MM;FILME;JUJ/TERN;GERAL;23,575;0;FEV;2024;02/2024;
PR;2701040005;PR2701040005;FILME TERMO ENCOLHIVEL 660 MM X 0,04;FILME;ENERGÉTICO;GERAL;23,5;23500;MAR;2024;03/2024;
PA;10090289;PA10090289;AROMA EMULSAO NEUTRA PARA SUCO (citrus);AROMA;ENERGÉTICO;GERAL;53,5;5350;MAI;2024;05/2024;
MS;CIP5;MSCIP5;Kurita (TRATAMENTO CALDEIRA);NÃO PRODUTIVO;CIP;kurita;0;0;MAR;2024;03/2024;
MS;CIP5;MSCIP5;Kurita (TRATAMENTO CALDEIRA);NÃO PRODUTIVO;CIP;GERAL;0;0;MAI;2024;05/2024;
MS;2701260001;MS2701260001;LACRE BARRIL BAMBOA;LACRE;CHOPP;GERAL;0,365;730;MAR;2024;03/2024;
MS;2701260003;MS2701260003;LACRE BARRIL MOEMA;LACRE;CHOPP;GERAL;0,365;730;MAR;2024;03/2024;
MS;2701260003;MS2701260003;LACRE BARRIL MOEMA;LACRE;CHOPP;GERAL;0,365;0;ABR;2024;04/2024;
MS;2701140017;MS2701140017;LATA 473ML FURIOSO TROPICAL;LATA;FURIOSO;GERAL;0,51;0;MAR;2024;03/2024;
MS;2701140001;MS2701140001;LATA AL 269ML BAMBOA PILSEN;LATA;BAMBOA;GERAL;0,042;10711,008;ABR;2024;04/2024;
MS;2701140007;MS2701140007;LATA AL 269ML CAYMAN PILSEN;LATA;CAYMAN;GERAL;0,042;3259,8720000000003;ABR;2024;04/2024;
MS;2701140018;MS2701140018;LATA AL 350ML MOEMA;LATA;MOEMA;GERAL;0,38;859868,94000000006;ABR;2024;04/2024;
MS;2701140020;MS2701140020;LATA AL 350ML COLA;LATA;REFRIKO;GERAL;0,38;54859,08;ABR;2024;04/2024;
MS;2701140025;MS2701140025;LATA AL 350ML GUARANA;LATA;REFRIKO;GERAL;0,38;77605,5;ABR;2024;04/2024;
MS;2701140021;MS2701140021;LATA AL 350ML LARANJA;LATA;REFRIKO;GERAL;0,38;15521,1;ABR;2024;04/2024;
MS;2701140023;MS2701140023;LATA AL 350ML TUBAINA;LATA;REFRIKO;GERAL;0,38;6208,4400000000005;ABR;2024;04/2024;
MS;2701140006;MS2701140006;LATA AL BELA ROMA / 473ML ;LATA;BELLA ROMA;GERAL;0,51;285681,59999999998;ABR;2024;04/2024;
MS;2701140016;MS2701140016;LATA 473ML FURIOSO MELAO;LATA;FURIOSO;GERAL;0,51;9522,7199999999993;ABR;2024;04/2024;
MS;2701140017;MS2701140017;LATA 473ML FURIOSO TROPICAL;LATA;FURIOSO;GERAL;0,51;19249,439999999999;ABR;2024;04/2024;
MS;2701140026;MS2701140026;LATA AL 473ML FURIOSO;LATA;FURIOSO;GERAL;0,51;0;MAR;2024;03/2024;
MS;2701140003;MS2701140003;LATA AL 355ML BAMBOA LAGER;LATA;BAMBOA;GERAL;0,43;0;MAR;2024;03/2024;
MS;2701140003;MS2701140003;LATA AL 355ML BAMBOA LAGER;LATA;BAMBOA;GERAL;0,43;0;FEV;2024;02/2024;
MS;2701140006;MS2701140006;LATA AL BELA ROMA / 473ML ;LATA;BELLA ROMA;GERAL;0,51;0;MAR;2024;03/2024;
MS;2701140006;MS2701140006;LATA AL BELA ROMA / 473ML ;LATA;BELLA ROMA;GERAL;0,51;0;FEV;2024;02/2024;
MS;2701140007;MS2701140007;LATA AL 269ML CAYMAN PILSEN;LATA;CAYMAN;GERAL;0,042;0;FEV;2024;02/2024;
MS;2701140020;MS2701140020;LATA AL 350ML COLA;LATA;REFRIKO;GERAL;0,38;0;MAR;2024;03/2024;
MS;2701140020;MS2701140020;LATA AL 350ML COLA;LATA;REFRIKO;GERAL;0,38;0;FEV;2024;02/2024;
MS;2701140028;MS2701140028;LATA AL 473ML MORANGO E MELANCIA ZERO;LATA;FURIOSO;GERAL;0,51;38090,879999999997;ABR;2024;04/2024;
MS;2701140027;MS2701140027;LATA AL 473 ML FURIOSO ZERO;LATA;FURIOSO;GERAL;0,51;38090,879999999997;ABR;2024;04/2024;
MS;2701140025;MS2701140025;LATA AL 350ML GUARANA;LATA;REFRIKO;GERAL;0,38;0;MAR;2024;03/2024;
MS;2701140025;MS2701140025;LATA AL 350ML GUARANA;LATA;REFRIKO;GERAL;0,38;0;FEV;2024;02/2024;
MS;2701140021;MS2701140021;LATA AL 350ML LARANJA;LATA;REFRIKO;GERAL;0,38;0;FEV;2024;02/2024;
MS;2701140018;MS2701140018;LATA AL 350ML MOEMA;LATA;MOEMA;GERAL;0,38;0;MAR;2024;03/2024;
MS;2701140018;MS2701140018;LATA AL 350ML MOEMA;LATA;MOEMA;GERAL;0,38;0;FEV;2024;02/2024;
MS;2701140018;MS2701140018;LATA AL 350ML MOEMA;LATA;MOEMA;GERAL;0,38;223507,64;ABR;2024;04/2024;
MS;2701140019;MS2701140019;LATA AL 473ML MOEMA;LATA;MOEMA;GERAL;0,51;0;FEV;2024;02/2024;
MS;2701140023;MS2701140023;LATA AL 350ML TUBAINA;LATA;REFRIKO;GERAL;0,38;0;FEV;2024;02/2024;
MS;CIP1;MSCIP1;LUBMAX PL PK (SABÃO DE ESTEIRA PET, LATA E VIDRO);NÃO PRODUTIVO;CIP;GERAL;0;0;MAR;2024;03/2024;
MS;CIP1;MSCIP1;LUBMAX PL PK (SABÃO DE ESTEIRA PET, LATA E VIDRO);NÃO PRODUTIVO;CIP;GERAL;0;0;ABR;2024;04/2024;
MS;CIP1;MSCIP1;LUBMAX PL PK (SABÃO DE ESTEIRA PET, LATA E VIDRO);NÃO PRODUTIVO;CIP;GERAL;0;0;MAI;2024;05/2024;
PA;11040794;PA11040794;FILME TERMO - 390X0,05;FILME;REFRI;GERAL;10,35;11560,949999999999;MAI;2024;05/2024;
MS;2701200003;MS2701200003;LUPULO NUGGET;CERVEJARIA;LUPULO IMP;GERAL;39,37688;196884,4;AGO;2024;08/2024;
MS;2701190001;MS2701190001;MALTE PILSEN BAG 1000 - BARLEY;CERVEJARIA;MALTE;GERAL;3,29;0;MAR;2024;03/2024;
MS;2701190001;MS2701190001;MALTE PILSEN BAG 1000 - BARLEY;CERVEJARIA;MALTE;GERAL;3,29;0;FEV;2024;02/2024;
MS;2701190001;MS2701190001;MALTE PILSEN BAG 1000 - BARLEY;CERVEJARIA;MALTE;GERAL;3,29;99917,3;ABR;2024;04/2024;
MS;CIP4;MSCIP4;MASTER FOAM (LIMPEZA EXTERNA ENCHEDORAS);NÃO PRODUTIVO;CIP;GERAL;0;0;MAR;2024;03/2024;
MS;CIP4;MSCIP4;MASTER FOAM (LIMPEZA EXTERNA ENCHEDORAS);NÃO PRODUTIVO;CIP;GERAL;0;0;MAI;2024;05/2024;
PR;2701040006;PR2701040006;FILME TERMO ENCOLHIVEL 860/5 MM;FILME;JUJ/TERN;GERAL;23,575;0;MAR;2024;03/2024;
PR;2701040006;PR2701040006;FILME TERMO ENCOLHIVEL 860/5 MM;FILME;JUJ/TERN;GERAL;23,575;106087,5;ABR;2024;04/2024;
PR;2701040005;PR2701040005;FILME TERMO ENCOLHIVEL 660 MM X 0,04;FILME;ENERGÉTICO;LORD;23,5;23500;MAR;2024;03/2024;
PR;2701040004;PR2701040004;FILME TERMO ENCOLHIVEL 600 MM X 0,04 ;FILME;REFRI;GERAL;14,1;18330;JUN;2024;06/2024;
PR;2701040005;PR2701040005;FILME TERMO ENCOLHIVEL 660 MM X 0,04;FILME;ENERGÉTICO;GERAL;23,5;23500;JUN;2024;06/2024;
PA;11040005;PA11040005;FILME TERMO ENCOLHIVEL 300 MM X 0,04;FILME;REFRI;GERAL;10,35;10350;MAI;2024;05/2024;
PR;2701040006;PR2701040006;FILME TERMO ENCOLHIVEL 860/5 MM;FILME;JUJ/TERN;GERAL;23,575;82512,5;JUN;2024;06/2024;
PR;2701040007;PR2701040007;FILME TERMO ENCOLHIVEL 860/0,06 MM;FILME;REFR/ENERG.;GERAL;23,575;153237,5;JUN;2024;06/2024;
PR;2701040007;PR2701040007;FILME TERMO ENCOLHIVEL 860/0,06 MM;FILME;REFR/ENERG.;GERAL;23,575;40360,400000000001;MAR;2024;03/2024;
PR;2701040007;PR2701040007;FILME TERMO ENCOLHIVEL 860/0,06 MM;FILME;REFR/ENERG.;GERAL;23,575;0;FEV;2024;02/2024;
PR;2701040007;PR2701040007;FILME TERMO ENCOLHIVEL 860/0,06 MM;FILME;REFR/ENERG.;GERAL;23,575;70725;MAR;2024;03/2024;
PR;2701040007;PR2701040007;FILME TERMO ENCOLHIVEL 860/0,06 MM;FILME;REFR/ENERG.;GERAL;23,575;82512,5;ABR;2024;04/2024;
PR;2701040007;PR2701040007;FILME TERMO ENCOLHIVEL 860/0,06 MM;FILME;REFR/ENERG.;GERAL;23,575;259325;ABR;2024;04/2024;
PR;FILT2;PRFILT2;FILTRO 10MIC (C- MIC 2020491 - 10µ (BIG);NÃO PRODUTIVO;FILTRAGEM;GERAL;0;0;MAR;2024;03/2024;
PR;CIP1;PRCIP1;GLACIAL ACETIC;NÃO PRODUTIVO;CIP;GERAL;0;0;FEV;2024;02/2024;
PR;CIP4;PRCIP4;GTECH 8338;NÃO PRODUTIVO;CIP;GERAL;0;0;ABR;2024;04/2024;
PR;CIP3;PRCIP3;MULT ALCLOR;NÃO PRODUTIVO;CIP;GERAL;0;0;MAR;2024;03/2024;
PR;CIP2;PRCIP2;MULT ORGANIC;NÃO PRODUTIVO;CIP;GERAL;0;0;FEV;2024;02/2024;
PR;CIP2;PRCIP2;MULT ORGANIC;NÃO PRODUTIVO;CIP;GERAL;0;0;MAR;2024;03/2024;
PR;CIP2;PRCIP2;MULT ORGANIC;NÃO PRODUTIVO;CIP;GERAL;0;0;ABR;2024;04/2024;
PR;2701070003;PR2701070003;NEOTAME;EDULCORANTE;XAROPARIA;NUTRAMAX;194,3;3886;MAR;2024;03/2024;
PR;2801130002;PR2801130002;POLPA DE AÇAI DESIDRATA SOL.;AROMA;ENERGÉTICO;GERAL;51,4;5140;ABR;2024;04/2024;
PR;2701020075;PR2701020075;PREFORMA PET 46,7GR CRISTAL ;PREFORMA;FURIOSO 2L;GERAL;0,687488;305444,04352000001;ABR;2024;04/2024;
MS;2701020090;MS2701020090;PREFORMA 18G CRISTAL 500 ML - DESCONTINUAR;PREFORMA;REFRIKO 500ML;GERAL;0,25664;0;MAR;2024;03/2024;
MS;2701020090;MS2701020090;PREFORMA 18G CRISTAL 500 ML - DESCONTINUAR;PREFORMA;REFRIKO 500ML;GERAL;0,25664;0;FEV;2024;02/2024;
MS;2701020115;MS2701020115;PREFORMA 18 A 20G VERDE 500 ML - DESCONTINUAR;PREFORMA;REFRIKO 500ML;GERAL;0,204;0;MAR;2024;03/2024;
MS;2701020115;MS2701020115;PREFORMA 18 A 20G VERDE 500 ML - DESCONTINUAR;PREFORMA;REFRIKO 500ML;GERAL;0,204;0;FEV;2024;02/2024;
MS;2701020046;MS2701020046;PREFORMA 31,7G CRISTAL;PREFORMA;FURIOSO 1L;GERAL;0,41577;83154;MAI;2024;05/2024;
PR;2701020051;PR2701020051;PREFORMA PET 200 ML CRISTAL 12 g ;PREFORMA;REFRIKO 200ML;GERAL;0,197948;30214,782720000003;JUN;2024;06/2024;
PR;2701020097;PR2701020097;PREFORMA PET 200 ML VERDE 12 g ;PREFORMA;REFRIKO 200ML;GERAL;0,197948;78558,435072000007;JUN;2024;06/2024;
PR;2701020051;PR2701020051;PREFORMA PET 200 ML CRISTAL 12 g ;PREFORMA;REFRIKO 200ML;GERAL;0,197948;0;FEV;2024;02/2024;
PR;2701020051;PR2701020051;PREFORMA PET 200 ML CRISTAL 12 g ;PREFORMA;REFRIKO 200ML;ENGEPACK;0,197948;218154,53184000001;MAR;2024;03/2024;
PR;2701020097;PR2701020097;PREFORMA PET 200 ML VERDE 12 g ;PREFORMA;REFRIKO 200ML;GERAL;0,197948;0;FEV;2024;02/2024;
PR;2701020097;PR2701020097;PREFORMA PET 200 ML VERDE 12 g ;PREFORMA;REFRIKO 200ML;ENGEPACK;0,197948;272693,16480000003;MAR;2024;03/2024;
PR;2701020097;PR2701020097;PREFORMA PET 200 ML VERDE 12 g ;PREFORMA;REFRIKO 200ML;GERAL;0,197948;0;MAR;2024;03/2024;
PR;2701020097;PR2701020097;PREFORMA PET 200 ML VERDE 12 g ;PREFORMA;REFRIKO 200ML;GERAL;0,197948;102730,26124800001;ABR;2024;04/2024;
PR;2701020085;PR2701020085;PREFORMA 15G CRISTAL;PREFORMA;CAIDEIRA;GERAL;0,22133;0;FEV;2024;02/2024;
MS;2701020059;MS2701020059;PREFORMA 41 G CRISTAL;PREFORMA;REFRIKO 2L;GERAL;0,5553;0;MAR;2024;03/2024;
MS;2701020102;MS2701020102;PREFORMA 41 G VERDE;PREFORMA;REFRIKO 2L;GERAL;0,4013;0;MAR;2024;03/2024;
MS;2701020102;MS2701020102;PREFORMA 41 G VERDE;PREFORMA;REFRIKO 2L;GERAL;0,4013;0;FEV;2024;02/2024;
MS;2701020075;MS2701020075;PREFORMA PET 46,7GR CRISTAL;PREFORMA;FURIOSO 2L;GERAL;0,594;0;MAR;2024;03/2024;
MS;2701020075;MS2701020075;PREFORMA PET 46,7GR CRISTAL;PREFORMA;FURIOSO 2L;GERAL;0,594;91352,447999999989;ABR;2024;04/2024;
MS;2701020109;MS2701020109;PREFORMA 54,4GR VERDE SHORT;PREFORMA;REFRIKO 3L;GERAL;0,55922;0;MAR;2024;03/2024;
PR;2701020085;PR2701020085;PREFORMA 15G CRISTAL;PREFORMA;CAIDEIRA;GERAL;0,22133;0;MAR;2024;03/2024;
MS;2701120001;MS2701120001;PREMIX ENERG EMULVIT 8942;CONCENT./KITs;C.ENERGETICO;GERAL;18,05;0;MAR;2024;03/2024;
MS;2701120001;MS2701120001;PREMIX ENERG EMULVIT 8942;CONCENT./KITs;C.ENERGETICO;GERAL;18,05;54150;JUN;2024;06/2024;
PR;2701020055;PR2701020055;PREFORMA 18G CRISTAL;PREFORMA;FURIOSO 250ML;GERAL;0,25664;269040,84479999996;MAR;2024;03/2024;
PR;2701020055;PR2701020055;PREFORMA 18G CRISTAL;PREFORMA;FURIOSO 250ML;GERAL;0,25664;0;JAN;2024;01/2024;
PR;2701020055;PR2701020055;PREFORMA 18G CRISTAL;PREFORMA;FURIOSO 250ML;GERAL;0,25664;0;FEV;2024;02/2024;
PR;2701020055;PR2701020055;PREFORMA 18G CRISTAL;PREFORMA;FURIOSO 250ML;GERAL;0,25664;0;FEV;2024;02/2024;
PR;2701020055;PR2701020055;PREFORMA 18G CRISTAL;PREFORMA;FURIOSO 250ML;GERAL;0,25664;0;MAR;2024;03/2024;
PR;2701020055;PR2701020055;PREFORMA 18G CRISTAL;PREFORMA;FURIOSO 250ML;GERAL;0,25664;0;MAR;2024;03/2024;
MS;2701050023;MS2701050023;PREP ACIDO COLA ;CONCENT./KITs;KIT COLA;GERAL;25;0;MAR;2024;03/2024;
MS;2701050023;MS2701050023;PREP ACIDO COLA ;CONCENT./KITs;KIT COLA;GERAL;25;0;ABR;2024;04/2024;
MS;2701050023;MS2701050023;PREP ACIDO COLA ;CONCENT./KITs;KIT COLA;GERAL;25;0;FEV;2024;02/2024;
MS;2701050023;MS2701050023;PREP ACIDO COLA ;CONCENT./KITs;KIT COLA;GERAL;25;5000;JUN;2024;06/2024;
PR;2701020055;PR2701020055;PREFORMA 18G CRISTAL;PREFORMA;FURIOSO 250ML;GERAL;0,25664;795591,69919999992;ABR;2024;04/2024;
PR;2701020055;PR2701020055;PREFORMA 18G CRISTAL;PREFORMA;FURIOSO 250ML;GERAL;0,25664;419082,85439999995;JUN;2024;06/2024;
PR;2701020102;PR2701020102;PREFORMA 41G VERDE;PREFORMA;REFRIKO 2L;GERAL;0,5212;521200;MAI;2024;05/2024;
PR;2701020059;PR2701020059;PREFORMA 41G CRISTAL;PREFORMA;REFRIKO 2L;ENGEPACK;0,5212;244572,0576;MAR;2024;03/2024;
PR;2701020059;PR2701020059;PREFORMA 41G CRISTAL;PREFORMA;REFRIKO 2L;GERAL;0,5212;0;FEV;2024;02/2024;
PR;2701020059;PR2701020059;PREFORMA 41G CRISTAL;PREFORMA;REFRIKO 2L;GERAL;0,5212;0;MAR;2024;03/2024;
PR;2701020059;PR2701020059;PREFORMA 41G CRISTAL;PREFORMA;REFRIKO 2L;GERAL;0,5212;37626,470399999998;JUN;2024;06/2024;
PR;2701020102;PR2701020102;PREFORMA 41G VERDE;PREFORMA;REFRIKO 2L;ENGEPACK;0,5212;244572,0576;MAR;2024;03/2024;
PR;2701020102;PR2701020102;PREFORMA 41G VERDE;PREFORMA;REFRIKO 2L;GERAL;0,5212;0;JAN;2024;01/2024;
PR;2701020102;PR2701020102;PREFORMA 41G VERDE;PREFORMA;REFRIKO 2L;GERAL;0,5212;0;FEV;2024;02/2024;
PR;2701020102;PR2701020102;PREFORMA 41G VERDE;PREFORMA;REFRIKO 2L;GERAL;0,5212;0;MAR;2024;03/2024;
PR;2701020102;PR2701020102;PREFORMA 41G VERDE;PREFORMA;REFRIKO 2L;GERAL;0,5212;1042400;MAI;2024;05/2024;
MS;2701010052;MS2701010052;CONTRA ROTULO BAMBOA 330ML (ARTE NOVA);ROTULO;ADESIVO;GERAL;0,05611;16,832999999999998;ABR;2024;04/2024;
MS;2701010119;MS2701010119;ROTULO BAMBOA TRADICIONAL VODKA;ROTULO;ADESIVO;GERAL;0,077;0;MAR;2024;03/2024;
PR;2701020102;PR2701020102;PREFORMA 41G VERDE;PREFORMA;REFRIKO 2L;GERAL;0,5212;522067,27679999999;JUN;2024;06/2024;
SP;2801010063;SP2801010063;ROTULO BOPP AGUA C/ GAS HIDRATAR 500ML                   ;ROTULO;BOPP;GERAL;0,01056;52800;ABR;2024;04/2024;
SP;2801010066;SP2801010066;ROTULO BOPP AGUA S/ GAS HIDRATAR 1,5L                    ;ROTULO;BOPP;GERAL;0,0199498;4,7879519999999998;JUL;2024;07/2024;
PR;2701020075;PR2701020075;PREFORMA PET 46,7GR CRISTAL ;PREFORMA;FURIOSO 2L;GERAL;0,687488;0;FEV;2024;02/2024;
PR;2701020075;PR2701020075;PREFORMA PET 46,7GR CRISTAL ;PREFORMA;FURIOSO 2L;GERAL;0,687488;117477,94944;JUN;2024;06/2024;
PR;2801120002;PR2801120002;PREMIX ENERG EMULVIT 8942;CONCENT./KITs;C.ENERGETICO;GERAL;18,05;21660;ABR;2024;04/2024;
PR;2801120002;PR2801120002;PREMIX ENERG EMULVIT 8942;CONCENT./KITs;C.ENERGETICO;GERAL;18,05;5415;ABR;2024;04/2024;
PR;2801120002;PR2801120002;PREMIX ENERG EMULVIT 8942;CONCENT./KITs;C.ENERGETICO;GERAL;18,05;9025;MAR;2024;03/2024;
PR;2801120002;PR2801120002;PREMIX ENERG EMULVIT 8942;CONCENT./KITs;C.ENERGETICO;GERAL;18,05;0;FEV;2024;02/2024;
PR;2801120002;PR2801120002;PREMIX ENERG EMULVIT 8942;CONCENT./KITs;C.ENERGETICO;GERAL;18,05;18050;JUN;2024;06/2024;
PR;2801120002;PR2801120002;PREMIX ENERG EMULVIT 8942;CONCENT./KITs;C.ENERGETICO;GERAL;18,05;0;MAR;2024;03/2024;
PR;2701050023;PR2701050023;PREP ACIDO COLA ;CONCENT./KITs;KIT COLA;GERAL;25;0;MAR;2024;03/2024;
MS;2701010189;MS2701010189;ROTULO FURIOSO 1L;ROTULO;SLEEVE;GERAL;0,2;20000;MAI;2024;05/2024;
PR;2701050023;PR2701050023;PREP ACIDO COLA ;CONCENT./KITs;KIT COLA;GERAL;25;5000;JUN;2024;06/2024;
PR;2801010094;PR2801010094;ROTULO FURIOSO CITRUS 250 ML;ROTULO;SLEEVE;GERAL;0,050377;0;MAR;2024;03/2024;
MS;2701010191;MS2701010191;ROTULO FURIOSO 2L;ROTULO;SLEEVE;GERAL;0,2062;0;FEV;2024;02/2024;
MS;2701010191;MS2701010191;ROTULO FURIOSO 2L;ROTULO;SLEEVE;GERAL;0,2062;0;MAR;2024;03/2024;
MS;2701010191;MS2701010191;ROTULO FURIOSO 2L;ROTULO;SLEEVE;GERAL;0,2062;41240;MAI;2024;05/2024;
PR;2801010097;PR2801010097;ROTULO FURIOSO MELANCIA E MORANGO 250ML;ROTULO;SLEEVE;GERAL;0,050377;0;JAN;2024;01/2024;
PR;2801010097;PR2801010097;ROTULO FURIOSO MELANCIA E MORANGO 250ML;ROTULO;SLEEVE;GERAL;0,050377;0;FEV;2024;02/2024;
PR;2801010097;PR2801010097;ROTULO FURIOSO MELANCIA E MORANGO 250ML;ROTULO;SLEEVE;GERAL;0,050377;15113,099999999999;MAI;2024;05/2024;
MS;2701010187;MS2701010187;ROTULO FURIOSO MELANCIA E MORANGO 2L;ROTULO;SLEEVE;GERAL;0,2062;0;JAN;2024;01/2024;
MS;2701010187;MS2701010187;ROTULO FURIOSO MELANCIA E MORANGO 2L;ROTULO;SLEEVE;GERAL;0,2062;0;MAR;2024;03/2024;
PR;2801010090;PR2801010090;ROT SLEE NOCH LIMAO 270ML;ROTULO;SLEEVE;GERAL;0,12;0;MAR;2024;03/2024;
PR;2801010090;PR2801010090;ROT SLEE NOCH LIMAO 270ML;ROTULO;SLEEVE;GERAL;0,12;60000;JUN;2024;06/2024;
PR;2801010091;PR2801010091;ROT SLEE NOCH MARACUJA 270ML;ROTULO;SLEEVE;GERAL;0,12;0;MAR;2024;03/2024;
PR;2801010092;PR2801010092;ROT SLEE NOCH MELANCIA E MORAN 270ML-IND;ROTULO;SLEEVE;GERAL;0,12;0;MAR;2024;03/2024;
MS;2701010184;MS2701010184;ROTULO FURIOSO MELAO 2L;ROTULO;SLEEVE;GERAL;0,2062;0;FEV;2024;02/2024;
MS;2701010184;MS2701010184;ROTULO FURIOSO MELAO 2L;ROTULO;SLEEVE;GERAL;0,2062;41240;JUN;2024;06/2024;
PR;2801010092;PR2801010092;ROT SLEE NOCH MELANCIA E MORAN 270ML-IND;ROTULO;SLEEVE;GERAL;0,12;36000;JUN;2024;06/2024;
PR;2801010088;PR2801010088;ROTULO AGUA TONICA MALDIVES 250 ML;ROTULO;SLEEVE;GERAL;0,05071;0;MAR;2024;03/2024;
PR;2801010089;PR2801010089;ROTULO BOMBADÃO 2L;ROTULO;SLEEVE;GERAL;0,212856;21285,599999999999;MAI;2024;05/2024;
MS;2701010193;MS2701010193;ROTULO FURIOSO TROPICAL 2L;ROTULO;SLEEVE;GERAL;0,2062;0;MAR;2024;03/2024;
MS;2701010138;MS2701010138;ROTULO GUARANA 2L;ROTULO;BOPP;GERAL;0,0355;7,1;ABR;2024;04/2024;
MS;2701010138;MS2701010138;ROTULO GUARANA 2L;ROTULO;BOPP;GERAL;0,0355;8520;JUN;2024;06/2024;
MS;2701010139;MS2701010139;ROTULO GUARANA 3L;ROTULO;BOPP;GERAL;0,038896;4667,5200000000004;JUN;2024;06/2024;
MS;2701010140;MS2701010140;ROTULO GUARANA 500ML;ROTULO;BOPP;MABFLEX;0,0128;6400;MAR;2024;03/2024;
MS;2701010171;MS2701010171;ROTULO GUARANA 600ML;ROTULO;PAPEL;GERAL;0,0258;0;MAR;2024;03/2024;
PR;2701010156;PR2701010156;ROTULO BOPP REFRISHOW GUARANA 2 L;ROTULO;BOPP;GERAL;0,0355;0;JAN;2024;01/2024;
PR;2701010156;PR2701010156;ROTULO BOPP REFRISHOW GUARANA 2 L;ROTULO;BOPP;GERAL;0,0355;0;FEV;2024;02/2024;
PR;2701010156;PR2701010156;ROTULO BOPP REFRISHOW GUARANA 2 L;ROTULO;BOPP;GERAL;0,0355;0;MAR;2024;03/2024;
PR;2701010156;PR2701010156;ROTULO BOPP REFRISHOW GUARANA 2 L;ROTULO;BOPP;GERAL;0,0355;53249,999999999993;ABR;2024;04/2024;
PR;2801010069;PR2801010069;ROTULO CACHACA CAIDEIRA 450ML;ROTULO;BOPP;GERAL;0,0157;2355;MAR;2024;03/2024;
PR;2801010069;PR2801010069;ROTULO CACHACA CAIDEIRA 450ML;ROTULO;BOPP;MABFLEX;0,0157;6279,9999999999991;MAR;2024;03/2024;
PR;2701010132;PR2701010132;ROTULO REFRIKO COLA 2L;ROTULO;BOPP;GERAL;0,0355;3549,9999999999995;ABR;2024;04/2024;
SP;2801010063;SP2801010063;ROTULO BOPP AGUA C/ GAS HIDRATAR 500ML                   ;ROTULO;BOPP;GERAL;0,01056;0;FEV;2024;02/2024;
SP;2801010063;SP2801010063;ROTULO BOPP AGUA C/ GAS HIDRATAR 500ML                   ;ROTULO;BOPP;GERAL;0,01056;0;MAR;2024;03/2024;
SP;2801010063;SP2801010063;ROTULO BOPP AGUA C/ GAS HIDRATAR 500ML                   ;ROTULO;BOPP;GERAL;0,01056;15840;MAI;2024;05/2024;
SP;2801010063;SP2801010063;ROTULO BOPP AGUA C/ GAS HIDRATAR 500ML                   ;ROTULO;BOPP;GERAL;0,01056;15840;JUN;2024;06/2024;
SP;2801010068;SP2801010068;ROTULO BOPP AGUA S/ GAS HIDRATAR 500ML                   ;ROTULO;BOPP;GERAL;0,01056;0;FEV;2024;02/2024;
SP;2801010068;SP2801010068;ROTULO BOPP AGUA S/ GAS HIDRATAR 500ML                   ;ROTULO;BOPP;GERAL;0,01056;0;MAR;2024;03/2024;
SP;2801010068;SP2801010068;ROTULO BOPP AGUA S/ GAS HIDRATAR 500ML                   ;ROTULO;BOPP;GERAL;0,01056;15840;ABR;2024;04/2024;
SP;2801010068;SP2801010068;ROTULO BOPP AGUA S/ GAS HIDRATAR 500ML                   ;ROTULO;BOPP;GERAL;0,01056;15840;MAI;2024;05/2024;
PR;2701010135;PR2701010135;ROTULO FRAMBOESA REDUZIDO 2L (exclusivo SJP);ROTULO;BOPP;GERAL;0,0355;3549,9999999999995;ABR;2024;04/2024;
PR;2701010135;PR2701010135;ROTULO FRAMBOESA REDUZIDO 2L (exclusivo SJP);ROTULO;BOPP;GERAL;0,0355;0;FEV;2024;02/2024;
PR;2801010099;PR2801010099;ROTULO FURIOSO 250ML;ROTULO;SLEEVE;GERAL;0,050377;0;FEV;2024;02/2024;
PR;2801010099;PR2801010099;ROTULO FURIOSO 250ML;ROTULO;SLEEVE;GERAL;0,050377;0;MAR;2024;03/2024;
PR;2801010099;PR2801010099;ROTULO FURIOSO 250ML;ROTULO;SLEEVE;GERAL;0,050377;75565,5;JUN;2024;06/2024;
MS;2701010144;MS2701010144;ROTULO REFRIKO LARANJA DQI1% 2L;ROTULO;BOPP;GERAL;0,0355;4260;JUN;2024;06/2024;
MS;2701010145;MS2701010145;ROTULO REFRIKO LARANJA DQI1% 500 ML;ROTULO;BOPP;MABFLEX;0,0128;1280;MAR;2024;03/2024;
MS;2701010172;MS2701010172;ROTULO REFRIKO LARANJA DQI1% 600 ML;ROTULO;PAPEL;GERAL;0,0258;0;MAR;2024;03/2024;
PR;2801010100;PR2801010100;ROTULO FURIOSO 2L;ROTULO;SLEEVE;GERAL;0,2062;0;MAR;2024;03/2024;
PR;2801010100;PR2801010100;ROTULO FURIOSO 2L;ROTULO;SLEEVE;GERAL;0,2062;61860;JUN;2024;06/2024;
PR;2801010093;PR2801010093;ROTULO FURIOSO AÇAI 250ML;ROTULO;SLEEVE;GERAL;0,050377;0;FEV;2024;02/2024;
MS;2701010147;MS2701010147;ROTULO REFRIKO LIMÃO DQI1% 2L;ROTULO;BOPP;GERAL;0,0355;3549,9999999999995;MAI;2024;05/2024;
MS;2701010173;MS2701010173;ROTULO REFRIKO LIMÃO DQI1% 600 ML;ROTULO;PAPEL;GERAL;0,0258;0;MAR;2024;03/2024;
PA;12039994;PA12039994;LUBRIFICANTES DE ESTEIRAS GTECH 8338;NÃO PRODUTIVO;CIP;GERAL;0;0;MAI;2024;05/2024;
PA;12059223;PA12059223;PERLIMAX SF-4 BRASC240;NÃO PRODUTIVO;CIP;GERAL;0;0;ABR;2024;04/2024;
PA;10010001;PA10010001;ACUCAR CRISTAL;AÇUCAR;XAROPARIA;GERAL;2,27792;683376;JUL;2024;07/2024;
PA;11070046;PA11070046;PREFORMA 18 ou 20,6G CRISTAL;PREFORMA;PET 500 PA;GERAL;0,236;70800;JUL;2024;07/2024;
PA;11070012;PA11070012;PREFORMA 46,0G CRISTAL OU 45,7 G;PREFORMA;PET 2L PA;GERAL;0,49;159606,72;MAI;2024;05/2024;
PA;11070012;PA11070012;PREFORMA 46,0G CRISTAL OU 45,7 G;PREFORMA;PET 2L PA;GERAL;0,49;212808,95999999999;MAI;2024;05/2024;
PA;11070032;PA11070032;PREFORMA 48GR CRISTAL OU 50,7 G;PREFORMA;PET 2,5L PA;GERAL;0,498;51584,832000000002;MAI;2024;05/2024;
PA;11070032;PA11070032;PREFORMA 48GR CRISTAL OU 50,7 G;PREFORMA;PET 2,5L PA;GERAL;0,498;206339,32800000001;MAI;2024;05/2024;
PA;11070032;PA11070032;PREFORMA 48GR CRISTAL OU 50,7 G;PREFORMA;PET 2,5L PA;GERAL;0,498;348600;JUN;2024;06/2024;
PA;11070032;PA11070032;PREFORMA 48GR CRISTAL OU 50,7 G;PREFORMA;PET 2,5L PA;GERAL;0,498;298800;JUL;2024;07/2024;
PA;11070033;PA11070033;PREFORMA 48GR VERDE OU 50,7 G;PREFORMA;PET 2,5L PA;GERAL;0,498;174300;JUL;2024;07/2024;
PA;11070046;PA11070046;PREFORMA 18 ou 20,6G CRISTAL;PREFORMA;PET 500 PA;GERAL;0,236;98553,599999999991;MAI;2024;05/2024;
PA;11070033;PA11070033;PREFORMA 48GR VERDE OU 50,7 G;PREFORMA;PET 2,5L PA;GERAL;0,498;75855,360000000001;MAI;2024;05/2024;
PA;11070047;PA11070047;PREFORMA 18 ou 20,6G VERDE;PREFORMA;PET 500 PA;GERAL;0,236;73915,199999999997;MAI;2024;05/2024;
PA;11080241;PA11080241;RÓTULO MICOS COLA 2,5L;ROTULO;BOPP-PA;GERAL;0,03395;33950;ABR;2024;04/2024;
PA;11080241;PA11080241;RÓTULO MICOS COLA 2,5L;ROTULO;BOPP-PA;GERAL;0,03395;16975;MAI;2024;05/2024;
PA;11080242;PA11080242;RÓTULO MICOS COLA 200ML;ROTULO;BOPP-PA;GERAL;0,0059;2950;MAI;2024;05/2024;
SP;2801010064;SP2801010064;ROTULO BOPP AGUA C/ GAS NEVOA 500ML                     ;ROTULO;BOPP;GERAL;0,0089;0;MAR;2024;03/2024;
SP;2801010020;SP2801010020;ROTULO BOPP AGUA S/ GAS NEVOA 500ML                     ;ROTULO;BOPP;GERAL;0,0089;0;MAR;2024;03/2024;
MS;2701010116;MS2701010116;ROTULO ADESIVO TUBAINA 300ML;ROTULO;ADESIVO;ALL4LABELL;0,03998;7996;MAR;2024;03/2024;
MS;2701010116;MS2701010116;ROTULO ADESIVO TUBAINA 300ML;ROTULO;ADESIVO;GERAL;0,03998;0;MAR;2024;03/2024;
MS;2701010132;MS2701010132;ROTULO REFRIKO COLA 2L;ROTULO;BOPP;GERAL;0,0355;7099,9999999999991;MAI;2024;05/2024;
MS;2701010133;MS2701010133;ROTULO REFRIKO COLA 3L;ROTULO;BOPP;GERAL;0,038896;1944,8;MAI;2024;05/2024;
MS;2701010134;MS2701010134;ROTULO REFRIKO COLA 500ML;ROTULO;BOPP;GERAL;0,0128;0;MAR;2024;03/2024;
MS;2701010134;MS2701010134;ROTULO REFRIKO COLA 500ML;ROTULO;BOPP;GERAL;0,0128;6400;JUN;2024;06/2024;
PR;2801010093;PR2801010093;ROTULO FURIOSO AÇAI 250ML;ROTULO;SLEEVE;GERAL;0,050377;15113,099999999999;MAI;2024;05/2024;
PR;2801010094;PR2801010094;ROTULO FURIOSO CITRUS 250 ML;ROTULO;SLEEVE;GERAL;0,050377;10075,4;JUN;2024;06/2024;
PR;2801010095;PR2801010095;ROTULO FURIOSO MELAO 250ML;ROTULO;SLEEVE;GERAL;0,050377;0;JAN;2024;01/2024;
PR;2801010095;PR2801010095;ROTULO FURIOSO MELAO 250ML;ROTULO;SLEEVE;GERAL;0,050377;0;FEV;2024;02/2024;
PR;2801010095;PR2801010095;ROTULO FURIOSO MELAO 250ML;ROTULO;SLEEVE;GERAL;0,050377;0;MAR;2024;03/2024;
PR;2801010095;PR2801010095;ROTULO FURIOSO MELAO 250ML;ROTULO;SLEEVE;GERAL;0,050377;20150,8;MAI;2024;05/2024;
PR;2801010101;PR2801010101;ROTULO FURIOSO TROPICAL 250ML;ROTULO;SLEEVE;GERAL;0,050377;0;JAN;2024;01/2024;
PR;2801010101;PR2801010101;ROTULO FURIOSO TROPICAL 250ML;ROTULO;SLEEVE;GERAL;0,050377;0;FEV;2024;02/2024;
MS;2701010152;MS2701010152;ROTULO REFRIKO TUBAINA 500ML;ROTULO;BOPP;GERAL;0,0128;2560;ABR;2024;04/2024;
MS;2701010152;MS2701010152;ROTULO REFRIKO TUBAINA 500ML;ROTULO;BOPP;GERAL;0,0128;0;MAR;2024;03/2024;
MS;2701010199;MS2701010199;ROTULO SLEEVE TUBAINA 250ML BOLINHA;ROTULO;SLEEVE;GERAL;0,06579;13158;ABR;2024;04/2024;
MS;2701010199;MS2701010199;ROTULO SLEEVE TUBAINA 250ML BOLINHA;ROTULO;SLEEVE;GERAL;0,06579;0;FEV;2024;02/2024;
PR;2801010101;PR2801010101;ROTULO FURIOSO TROPICAL 250ML;ROTULO;SLEEVE;GERAL;0,050377;20150,8;MAI;2024;05/2024;
MS;2701010163;MS2701010163;ROTULO TUBA JUJUBA 2L;ROTULO;BOPP;GERAL;0,0355;0;JAN;2024;01/2024;
PR;2701010141;PR2701010141;ROTULO GUARANA 200 ML ZERO ;ROTULO;BOPP;GERAL;0,008;0;ABR;2024;04/2024;
MS;2701010163;MS2701010163;ROTULO TUBA JUJUBA 2L;ROTULO;BOPP;GERAL;0,0355;0;FEV;2024;02/2024;
MS;2701010163;MS2701010163;ROTULO TUBA JUJUBA 2L;ROTULO;BOPP;GERAL;0,0355;17750;JUN;2024;06/2024;
PR;2701010141;PR2701010141;ROTULO GUARANA 200 ML ZERO ;ROTULO;BOPP;GERAL;0,008;0;MAR;2024;03/2024;
MS;2701010164;MS2701010164;ROTULO TUBAJUJUBA LARANJA S/SUCO 2L;ROTULO;BOPP;MABFLEX;0,0355;7099,9999999999991;MAR;2024;03/2024;
MS;2701010161;MS2701010161;ROTULO TERNURA TUBAINA 2L;ROTULO;BOPP;GERAL;0,0355;0;FEV;2024;02/2024;
MS;2701010161;MS2701010161;ROTULO TERNURA TUBAINA 2L;ROTULO;BOPP;GERAL;0,0355;0;MAR;2024;03/2024;
PR;2701010141;PR2701010141;ROTULO GUARANA 200 ML ZERO ;ROTULO;BOPP;GERAL;0,008;16000;MAR;2024;03/2024;
PA;11080243;PA11080243;ROTULO MICOS COLA 2L;ROTULO;BOPP-PA;ELLOFLEX;0,04163;8326;ABR;2024;04/2024;
PA;11080244;PA11080244;ROTULO MICOS COLA 500ML;ROTULO;BOPP-PA;ELLOFLEX;0,03373;6746,0000000000009;MAI;2024;05/2024;
PA;11080244;PA11080244;ROTULO MICOS COLA 500ML;ROTULO;BOPP-PA;ELLOFLEX;0,03373;10119,000000000002;JUN;2024;06/2024;
PA;11080245;PA11080245;RÓTULO MICOS GUARANA 2,5L;ROTULO;BOPP-PA;GERAL;0,03395;16975;MAI;2024;05/2024;
PA;11080246;PA11080246;RÓTULO MICOS GUARANÁ 200ML;ROTULO;BOPP-PA;GERAL;0,0059;1770;JUN;2024;06/2024;
PA;11080247;PA11080247;ROTULO MICOS GUARANA 2L;ROTULO;BOPP-PA;GERAL;0,04163;8326;MAI;2024;05/2024;
PA;11080248;PA11080248;ROTULO MICOS GUARANA 500ML;ROTULO;BOPP-PA;GERAL;0,03373;6746,0000000000009;MAI;2024;05/2024;
PA;11080248;PA11080248;ROTULO MICOS GUARANA 500ML;ROTULO;BOPP-PA;GERAL;0,03373;10119,000000000002;JUN;2024;06/2024;
PA;11080249;PA11080249;RÓTULO MICOS LARANJA 2,5L;ROTULO;BOPP-PA;GERAL;0,03395;6790;JUN;2024;06/2024;
PA;11080249;PA11080249;RÓTULO MICOS LARANJA 2,5L;ROTULO;BOPP-PA;GERAL;0,03395;10185;ABR;2024;04/2024;
PA;11080250;PA11080250;RÓTULO MICOS LARANJA 200ML;ROTULO;BOPP-PA;GERAL;0,0059;2950;MAI;2024;05/2024;
PA;11080251;PA11080251;ROTULO MICOS LARANJA 2L;ROTULO;BOPP-PA;GERAL;0,04163;12489;ABR;2024;04/2024;
PR;2701010141;PR2701010141;ROTULO GUARANA 200 ML ZERO ;ROTULO;BOPP;GERAL;0,008;0;ABR;2024;04/2024;
PR;2701010141;PR2701010141;ROTULO GUARANA 200 ML ZERO ;ROTULO;BOPP;GERAL;0,008;16000;JUL;2024;07/2024;
PR;2701010138;PR2701010138;ROTULO GUARANA 2L;ROTULO;BOPP;MABFLEX;0,0355;14199,999999999998;MAR;2024;03/2024;
PR;2701010138;PR2701010138;ROTULO GUARANA 2L;ROTULO;BOPP;GERAL;0,0355;14199,999999999998;ABR;2024;04/2024;
PR;2701010138;PR2701010138;ROTULO GUARANA 2L;ROTULO;BOPP;GERAL;0,0355;21299,999999999996;JUN;2024;06/2024;
MS;2701010155;MS2701010155;ROTULO REFRIKO UVA DQI1% 2L;ROTULO;BOPP;GERAL;0,0355;3549,9999999999995;MAI;2024;05/2024;
MS;2701010155;MS2701010155;ROTULO REFRIKO UVA DQI1% 2L;ROTULO;BOPP;GERAL;0,0355;4260;JUN;2024;06/2024;
MS;CIP2;MSCIP2;SABÃO DE ESTEIRA (GTECH 8338) SILICONE;NÃO PRODUTIVO;CIP;GERAL;0;0;MAI;2024;05/2024;
MS;2701070002;MS2701070002;SACARINA SÓDICA;EDULCORANTE;XAROPARIA;GERAL;29,65;0;MAR;2024;03/2024;
PR;2701010143;PR2701010143;ROTULO REFRIKO LARANJA DQI1% 200 ML ;ROTULO;BOPP;GERAL;0,008;6400;MAR;2024;03/2024;
PA;11080252;PA11080252;ROTULO MICOS LARANJA 500ML;ROTULO;BOPP-PA;GERAL;0,03373;6746,0000000000009;MAI;2024;05/2024;
MS;2701040011;MS2701040011;SHRINK MOEMA 350ML - 390X60X3;FILME;MOEMA;LORD;31,51;157550;MAR;2024;03/2024;
MS;2701040011;MS2701040011;SHRINK MOEMA 350ML - 390X60X3;FILME;MOEMA;GERAL;31,51;157550;MAR;2024;03/2024;
MS;2701040011;MS2701040011;SHRINK MOEMA 350ML - 390X60X3;FILME;MOEMA;GERAL;31,51;157550;ABR;2024;04/2024;
MS;2701040011;MS2701040011;SHRINK MOEMA 350ML - 390X60X3;FILME;MOEMA;GERAL;31,51;0;FEV;2024;02/2024;
MS;2701040011;MS2701040011;SHRINK MOEMA 350ML - 390X60X3;FILME;MOEMA;GERAL;31,51;0;MAI;2024;05/2024;
MS;2701040010;MS2701040010;SHRINK MOEMA 473ML - 400X0,06;FILME;MOEMA;GERAL;14,5;14500;MAI;2024;05/2024;
MS;CIP8;MSCIP8;SODA ESCAMA ;NÃO PRODUTIVO;CIP;GERAL;0;0;ABR;2024;04/2024;
MS;CIP8;MSCIP8;SODA ESCAMA ;NÃO PRODUTIVO;CIP;GERAL;0;0;MAI;2024;05/2024;
MS;CIP7;MSCIP7;SODA LIQUIDA (PRODUÇÃO, ETE, CERVEJARIA);NÃO PRODUTIVO;CIP;GERAL;0;0;ABR;2024;04/2024;
MS;CIP7;MSCIP7;SODA LIQUIDA (PRODUÇÃO, ETE, CERVEJARIA);NÃO PRODUTIVO;CIP;GERAL;0;0;MAI;2024;05/2024;
PA;11080253;PA11080253;RÓTULO MICOS UVA 2,5L;ROTULO;BOPP-PA;ELLOFLEX;0,03395;10185;ABR;2024;04/2024;
PR;2701010143;PR2701010143;ROTULO REFRIKO LARANJA DQI1% 200 ML ;ROTULO;BOPP;GERAL;0,008;5600;MAR;2024;03/2024;
PR;2701010143;PR2701010143;ROTULO REFRIKO LARANJA DQI1% 200 ML ;ROTULO;BOPP;GERAL;0,008;4800;JUN;2024;06/2024;
PR;2701010144;PR2701010144;ROTULO REFRIKO LARANJA DQI1% 2L;ROTULO;BOPP;MABFLEX;0,0355;10649,999999999998;MAR;2024;03/2024;
PR;2701010144;PR2701010144;ROTULO REFRIKO LARANJA DQI1% 2L;ROTULO;BOPP;GERAL;0,0355;17040;JUN;2024;06/2024;
PR;2701010146;PR2701010146;ROTULO REFRIKO LIMÃO DQI1% 200 ML ;ROTULO;BOPP;GERAL;0,008;0;MAR;2024;03/2024;
PR;2701010146;PR2701010146;ROTULO REFRIKO LIMÃO DQI1% 200 ML ;ROTULO;BOPP;GERAL;0,008;8000;ABR;2024;04/2024;
PR;2701010147;PR2701010147;ROTULO REFRIKO LIMÃO DQI1% 2L;ROTULO;BOPP;GERAL;0,0355;7099,9999999999991;ABR;2024;04/2024;
MS;DAT1;MSDAT1;SOLVENTE LINX 1512 ;NÃO PRODUTIVO;DATADORA;GERAL;0;0;MAI;2024;05/2024;
MS;DAT4;MSDAT4;SOLVENTE VIDEO JET V705;NÃO PRODUTIVO;DATADORA;GERAL;0;0;MAI;2024;05/2024;
MS;DAT7;MSDAT7;SOLVENTE VIDEO JET V852;NÃO PRODUTIVO;DATADORA;GERAL;0;0;MAR;2024;03/2024;
MS;DAT7;MSDAT7;SOLVENTE VIDEO JET V852;NÃO PRODUTIVO;DATADORA;GERAL;0;0;ABR;2024;04/2024;
MS;DAT7;MSDAT7;SOLVENTE VIDEO JET V852;NÃO PRODUTIVO;DATADORA;GERAL;0;0;MAI;2024;05/2024;
MS;2701100001;MS2701100001;SORBATO DE POTASSIO 25KG;ACID.E CONSERV.;REF/ENER/ROM/DEL;GERAL;15,72;3930;MAR;2024;03/2024;
PR;2701010131;PR2701010131;ROTULO REFRIKO COLA REDUZIDO 200 ML ;ROTULO;BOPP;GERAL;0,008;6400;MAR;2024;03/2024;
MS;2701130001;MS2701130001;SUCO CONCENTRADO LARANJA;SUCO;XAROPARIA;GERAL;12;0;MAR;2024;03/2024;
PR;2701010131;PR2701010131;ROTULO REFRIKO COLA REDUZIDO 200 ML ;ROTULO;BOPP;GERAL;0,008;1600;MAR;2024;03/2024;
PR;2701010131;PR2701010131;ROTULO REFRIKO COLA REDUZIDO 200 ML ;ROTULO;BOPP;GERAL;0,008;8000;JUL;2024;07/2024;
PR;2701010146;PR2701010146;ROTULO REFRIKO LIMÃO DQI1% 200 ML ;ROTULO;BOPP;GERAL;0,008;16000;ABR;2024;04/2024;
PR;2701010149;PR2701010149;ROTULO REFRIKO TUBAÍNA 200 ML ;ROTULO;BOPP;GERAL;0,008;8000;FEV;2024;02/2024;
MS;2701130002;MS2701130002;SUCO CONCENTRADO LIMÃO;SUCO;XAROPARIA;GERAL;16,5;11550;MAI;2024;05/2024;
PA;11080253;PA11080253;RÓTULO MICOS UVA 2,5L;ROTULO;BOPP-PA;ELLOFLEX;0,03395;6790;JUN;2024;06/2024;
PR;2701010149;PR2701010149;ROTULO REFRIKO TUBAÍNA 200 ML ;ROTULO;BOPP;GERAL;0,008;8000;MAR;2024;03/2024;
MS;2701130003;MS2701130003;SUCO CONCENTRADO UVA;SUCO;XAROPARIA;GERAL;13;195000;MAI;2024;05/2024;
PR;2701010149;PR2701010149;ROTULO REFRIKO TUBAÍNA 200 ML ;ROTULO;BOPP;GERAL;0,008;24000;ABR;2024;04/2024;
PR;2701010150;PR2701010150;ROTULO TUBAINA 2L;ROTULO;BOPP;GERAL;0,0355;7099,9999999999991;ABR;2024;04/2024;
MS;2701070001;MS2701070001;SUCRALOSE;EDULCORANTE;XAROPARIA;GERAL;84,3;8430;ABR;2024;04/2024;
MS;2701070001;MS2701070001;SUCRALOSE;EDULCORANTE;XAROPARIA;GERAL;84,3;16860;MAI;2024;05/2024;
PA;11080254;PA11080254;RÓTULO MICOS UVA 200ML;ROTULO;BOPP-PA;ELLOFLEX;0,0059;2950;MAI;2024;05/2024;
MS;2701030028;MS2701030028;TAMPA ABRE FACIL AMARELA;TAMPA;VIDRO IMP;GERAL;0,1108;0;MAR;2024;03/2024;
MS;2701030029;MS2701030029;TAMPA ABRE FACIL BRANCA LISA;TAMPA;VIDRO IMP;GERAL;0,1108;0;MAR;2024;03/2024;
MS;2701030037;MS2701030037;TAMPA AMARELA LISA;TAMPA;PET;GERAL;0,049;44452,800000000003;ABR;2024;04/2024;
PR;2701010150;PR2701010150;ROTULO TUBAINA 2L;ROTULO;BOPP;GERAL;0,0355;0;FEV;2024;02/2024;
PR;2701010160;PR2701010160;ROTULO TERNURA LARANJA S/ SUCO 2L;ROTULO;BOPP;GERAL;0,0355;10649,999999999998;JUL;2024;07/2024;
MS;2701030041;MS2701030041;TAMPA AZUL BAMBOA (VODKA BAMBOA);TAMPA;VIDRO NAC;GERAL;0,3;60000;ABR;2024;04/2024;
PR;2701010161;PR2701010161;ROTULO TERNURA TUBAINA 2L;ROTULO;BOPP;GERAL;0,0355;10649,999999999998;JUL;2024;07/2024;
MS;2701030043;MS2701030043;TAMPA LARANJA REFRIKO;TAMPA;PET;GERAL;0,049;14817,6;ABR;2024;04/2024;
PR;2701010161;PR2701010161;ROTULO TERNURA TUBAINA 2L;ROTULO;BOPP;GERAL;0,0355;7099,9999999999991;JUN;2024;06/2024;
PR;2701010163;PR2701010163;ROTULO TUBA JUJUBA 2L;ROTULO;BOPP;GERAL;0,0355;0;JAN;2024;01/2024;
PA;11080255;PA11080255;ROTULO MICOS UVA 2L;ROTULO;BOPP-PA;GERAL;0,04163;8326;ABR;2024;04/2024;
MS;2701140029;MS2701140029;TAMPA - LATA 350/269/473ML - B64;TAMPA;LATA;GERAL;0,24;0;MAR;2024;03/2024;
MS;2701140029;MS2701140029;TAMPA - LATA 350/269/473ML - B64;TAMPA;LATA;GERAL;0,24;700876,79999999993;ABR;2024;04/2024;
MS;2701140029;MS2701140029;TAMPA - LATA 350/269/473ML - B64;TAMPA;LATA;GERAL;0,24;0;FEV;2024;02/2024;
PR;2701010163;PR2701010163;ROTULO TUBA JUJUBA 2L;ROTULO;BOPP;MABFLEX;0,0355;53249,999999999993;MAR;2024;03/2024;
PR;2701010150;PR2701010150;ROTULO TUBAINA 2L;ROTULO;BOPP;GERAL;0,0355;10649,999999999998;AGO;2024;08/2024;
PR;2701010164;PR2701010164;ROTULO TUBAJUJUBA LARANJA S/SUCO 2L;ROTULO;BOPP;MABFLEX;0,0355;7099,9999999999991;MAR;2024;03/2024;
PR;2701010154;PR2701010154;ROTULO REFRIKO UVA DQI1% 200 ML ;ROTULO;BOPP;GERAL;0,008;4000;MAR;2024;03/2024;
PA;11080256;PA11080256;ROTULO MICOS UVA 500ML;ROTULO;BOPP-PA;GERAL;0,03373;6746,0000000000009;MAI;2024;05/2024;
SP;2801030017;SP2801030017;TAMPA PLASTICA PRETA OMNI 120 COM VEDANTE;TAMPA;PET;GERAL;0,043333;131038,99200000001;ABR;2024;04/2024;
MS;2701030049;MS2701030049;TAMPA VERDE REFRIKO;TAMPA;PET;GERAL;0,049;0;MAR;2024;03/2024;
PR;2701010154;PR2701010154;ROTULO REFRIKO UVA DQI1% 200 ML ;ROTULO;BOPP;GERAL;0,008;4000;MAR;2024;03/2024;
PR;2701010154;PR2701010154;ROTULO REFRIKO UVA DQI1% 200 ML ;ROTULO;BOPP;GERAL;0,008;4800;JUN;2024;06/2024;
PR;2701010155;PR2701010155;ROTULO REFRIKO UVA DQI1% 2L;ROTULO;BOPP;GERAL;0,0355;10649,999999999998;ABR;2024;04/2024;
PR;2701010155;PR2701010155;ROTULO REFRIKO UVA DQI1% 2L;ROTULO;BOPP;GERAL;0,0355;8520;JUN;2024;06/2024;
PR;2701070002;PR2701070002;SACARINA SÓDICA;EDULCORANTE;XAROPARIA;GERAL;29,65;0;MAR;2024;03/2024;
PA;11080257;PA11080257;ROTULO TUCA COLA 200ML;ROTULO;BOPP-PA;GERAL;0,0059;1770;MAI;2024;05/2024;
PA;11080258;PA11080258;ROTULO TUCA COLA 2L;ROTULO;BOPP-PA;GERAL;0,04163;8326;ABR;2024;04/2024;
MS;2701040012;MS2701040012;SHRINK MOEMA 269ML - 350X60X3;FILME;MOEMA;GERAL;14,5;7250;MAR;2024;03/2024;
MS;2701040012;MS2701040012;SHRINK MOEMA 269ML - 350X60X3;FILME;MOEMA;GERAL;14,5;0;FEV;2024;02/2024;
MS;2701040014;MS2701040014;SHRINK LISO - 390X0,06;FILME;MARQUES;LORD;10,35;5175;MAR;2024;03/2024;
MS;2701040014;MS2701040014;SHRINK LISO - 390X0,06;FILME;MARQUES;GERAL;10,35;5175;MAR;2024;03/2024;
MS;2701040014;MS2701040014;SHRINK LISO - 390X0,06;FILME;MARQUES;GERAL;10,35;0;FEV;2024;02/2024;
MS;2701040014;MS2701040014;SHRINK LISO - 390X0,06;FILME;MARQUES;GERAL;10,35;0;FEV;2024;02/2024;
MS;2701040001;MS2701040001;FILME TERMO ENCOLHIVEL 420 X 0,05;FILME;JUJ/TERN;GERAL;21;0;MAR;2024;03/2024;
MS;2701040002;MS2701040002;FILME TERMO ENCOLHIVEL 420 X 0,06;FILME;REFR/ENERG.;LORD;23,5;47000;MAR;2024;03/2024;
MS;2701040002;MS2701040002;FILME TERMO ENCOLHIVEL 420 X 0,06;FILME;REFR/ENERG.;GERAL;23,5;47000;MAR;2024;03/2024;
MS;2701040002;MS2701040002;FILME TERMO ENCOLHIVEL 420 X 0,06;FILME;REFR/ENERG.;GERAL;23,5;141000;ABR;2024;04/2024;
MS;2701040002;MS2701040002;FILME TERMO ENCOLHIVEL 420 X 0,06;FILME;REFR/ENERG.;GERAL;23,5;0;JAN;2024;01/2024;
MS;2701040002;MS2701040002;FILME TERMO ENCOLHIVEL 420 X 0,06;FILME;REFR/ENERG.;GERAL;23,5;0;FEV;2024;02/2024;
MS;2701040002;MS2701040002;FILME TERMO ENCOLHIVEL 420 X 0,06;FILME;REFR/ENERG.;GERAL;23,5;0;FEV;2024;02/2024;
MS;2701040003;MS2701040003;FILME TERMO ENCOLHÍVEL DE 560X006;FILME;DIVERSOS;GERAL;23,5;47000;MAR;2024;03/2024;
MS;2701040003;MS2701040003;FILME TERMO ENCOLHÍVEL DE 560X006;FILME;DIVERSOS;GERAL;23,5;47000;ABR;2024;04/2024;
MS;2701040003;MS2701040003;FILME TERMO ENCOLHÍVEL DE 560X006;FILME;DIVERSOS;GERAL;23,5;0;FEV;2024;02/2024;
MS;2701040024;MS2701040024;FILME TERMO ENCOLHÍVEL DE 560X005;FILME;B.ROMA;GERAL;10,35;103500;MAI;2024;05/2024;
MS;2701040010;MS2701040010;SHRINK MOEMA 473ML - 400X0,06;FILME;MOEMA;GERAL;14,5;14500;MAR;2024;03/2024;
PR;DAT4;PRDAT4;SOLVENTE DOMINO (UND);NÃO PRODUTIVO;DATADORA;GERAL;0;0;MAR;2024;03/2024;
PR;DAT1;PRDAT1;SOLVENTE LINX 1512 ;NÃO PRODUTIVO;DATADORA;GERAL;0;0;FEV;2024;02/2024;
PA;11080259;PA11080259;ROTULO TUCA COLA 500ML;ROTULO;BOPP-PA;GERAL;0,03373;6746,0000000000009;MAI;2024;05/2024;
PR;DAT1;PRDAT1;SOLVENTE LINX 1512 ;NÃO PRODUTIVO;DATADORA;GERAL;0;0;MAR;2024;03/2024;
PR;DAT1;PRDAT1;SOLVENTE LINX 1512 ;NÃO PRODUTIVO;DATADORA;GERAL;0;0;ABR;2024;04/2024;
PR;DAT1;PRDAT1;SOLVENTE LINX 1512 ;NÃO PRODUTIVO;DATADORA;GERAL;0;0;MAI;2024;05/2024;
PA;12030005;PA12030005;TINTA IC2BK124 N(DATADORA);NÃO PRODUTIVO;DATADORA;GERAL;0;0;JUN;2024;06/2024;
PR;DAT1;PRDAT1;SOLVENTE LINX 1512 ;NÃO PRODUTIVO;DATADORA;GERAL;0;0;MAI;2024;05/2024;
PR;2701100001;PR2701100001;SORBATO DE POTASSIO 25KG;ACID.E CONSERV.;REF/ENER/ROM/DEL;GERAL;15,72;0;FEV;2024;02/2024;
PR;2701130001;PR2701130001;SUCO CONCENTRADO LARANJA;SUCO;XAROPARIA;GERAL;12;0;MAR;2024;03/2024;
PR;DAT3;PRDAT3;TINTA DOMINO;NÃO PRODUTIVO;DATADORA;GERAL;0;0;MAR;2024;03/2024;
PR;DAT3;PRDAT3;TINTA DOMINO;NÃO PRODUTIVO;DATADORA;GERAL;0;0;JUL;2024;07/2024;
PA;12030005;PA12030005;TINTA IC2BK124 N(DATADORA);NÃO PRODUTIVO;DATADORA;GERAL;0;0;JUL;2024;07/2024;
PA;12030005;PA12030005;TINTA IC2BK124 N(DATADORA);NÃO PRODUTIVO;DATADORA;GERAL;0;0;AGO;2024;08/2024;
MS;DAT2;MSDAT2;TINTA LINX 1240;NÃO PRODUTIVO;DATADORA;GERAL;0;0;ABR;2024;04/2024;
MS;CIP6;MSCIP6;TOWER CLEAN (TORRE DE RESFRIAMENTO);NÃO PRODUTIVO;CIP;GERAL;0;0;MAR;2024;03/2024;
PR;2701130002;PR2701130002;SUCO CONCENTRADO LIMÃO;SUCO;XAROPARIA;GERAL;16,5;0;FEV;2024;02/2024;
PR;2701130002;PR2701130002;SUCO CONCENTRADO LIMÃO;SUCO;XAROPARIA;GERAL;16,5;0;MAR;2024;03/2024;
MS;2701150002;MS2701150002;VASILHEME OW LW 600 ML AMBAR (CERVEJA);VASILHAME;NORMAL;GERAL;0,55;38197,5;MAI;2024;05/2024;
MS;2701170003;MS2701170003;VINHO DE MESA TINTO SECO GRANEL;VINHO;TANQUE;GERAL;4,2;0;FEV;2024;02/2024;
MS;2701170003;MS2701170003;VINHO DE MESA TINTO SECO GRANEL;VINHO;TANQUE;GERAL;4,2;0;FEV;2024;02/2024;
MS;2701170003;MS2701170003;VINHO DE MESA TINTO SECO GRANEL;VINHO;TANQUE;GERAL;4,2;0;FEV;2024;02/2024;
MS;2701170003;MS2701170003;VINHO DE MESA TINTO SECO GRANEL;VINHO;TANQUE;GERAL;4,2;0;FEV;2024;02/2024;
MS;2701170003;MS2701170003;VINHO DE MESA TINTO SECO GRANEL;VINHO;TANQUE;GERAL;4,2;0;FEV;2024;02/2024;
MS;2701170003;MS2701170003;VINHO DE MESA TINTO SECO GRANEL;VINHO;TANQUE;GERAL;4,2;0;MAR;2024;03/2024;
MS;2701170003;MS2701170003;VINHO DE MESA TINTO SECO GRANEL;VINHO;TANQUE;GERAL;4,2;155400;MAR;2024;03/2024;
MS;2701170003;MS2701170003;VINHO DE MESA TINTO SECO GRANEL;VINHO;TANQUE;GERAL;4,2;155400;MAR;2024;03/2024;
MS;2701170003;MS2701170003;VINHO DE MESA TINTO SECO GRANEL;VINHO;TANQUE;GERAL;4,2;155400;ABR;2024;04/2024;
MS;2701170003;MS2701170003;VINHO DE MESA TINTO SECO GRANEL;VINHO;TANQUE;GERAL;4,2;155400;ABR;2024;04/2024;
MS;2701170003;MS2701170003;VINHO DE MESA TINTO SECO GRANEL;VINHO;TANQUE;GERAL;4,2;155400;ABR;2024;04/2024;
MS;2701170003;MS2701170003;VINHO DE MESA TINTO SECO GRANEL;VINHO;TANQUE;GERAL;4,2;155400;ABR;2024;04/2024;
MS;2701170003;MS2701170003;VINHO DE MESA TINTO SECO GRANEL;VINHO;TANQUE;GERAL;4,2;155400;MAI;2024;05/2024;
MS;2701170003;MS2701170003;VINHO DE MESA TINTO SECO GRANEL;VINHO;TANQUE;GERAL;4,2;155400;MAI;2024;05/2024;
MS;2701170003;MS2701170003;VINHO DE MESA TINTO SECO GRANEL;VINHO;TANQUE;GERAL;4,2;155400;MAI;2024;05/2024;
MS;2701170003;MS2701170003;VINHO DE MESA TINTO SECO GRANEL;VINHO;TANQUE;GERAL;4,2;155400;MAI;2024;05/2024;
MS;2701170003;MS2701170003;VINHO DE MESA TINTO SECO GRANEL;VINHO;TANQUE;GERAL;4,2;155400;MAI;2024;05/2024;
MS;2701190004;MS2701190004;XAROPE DE HIGH MALTOSE 25KG (BREWGILL);CERVEJARIA;OUTROS;GERAL;2,78;0;FEV;2024;02/2024;
MS;2701190004;MS2701190004;XAROPE DE HIGH MALTOSE 25KG (BREWGILL);CERVEJARIA;OUTROS;GERAL;2,78;0;MAR;2024;03/2024;
MS;2701190004;MS2701190004;XAROPE DE HIGH MALTOSE 25KG (BREWGILL);CERVEJARIA;OUTROS;GERAL;2,78;83400;ABR;2024;04/2024;
MS;2701190004;MS2701190004;XAROPE DE HIGH MALTOSE 25KG (BREWGILL);CERVEJARIA;OUTROS;GERAL;2,78;83400;ABR;2024;04/2024;
MS;2701020075;MS2701020075;PREFORMA PET 46,7GR CRISTAL;PREFORMA;FURIOSO 2L;GERAL;0,594;356400;MAI;2024;05/2024;
PA;11080260;PA11080260;ROTULO TUCA GUARANA 200ML;ROTULO;BOPP-PA;GERAL;0,0059;2950;MAI;2024;05/2024;
PA;11080261;PA11080261;ROTULO TUCA GUARANA 2L;ROTULO;BOPP-PA;GERAL;0,04163;8326;ABR;2024;04/2024;
PA;11080262;PA11080262;ROTULO TUCA GUARANA 500ML;ROTULO;BOPP-PA;GERAL;0,03373;10119,000000000002;MAI;2024;05/2024;
PA;11080263;PA11080263;ROTULO TUCA LARANJA 200ML;ROTULO;BOPP-PA;GERAL;0,0059;1770;MAI;2024;05/2024;
PA;11080264;PA11080264;ROTULO TUCA LARANJA 2L;ROTULO;BOPP-PA;GERAL;0,04163;8326;ABR;2024;04/2024;
PA;11080265;PA11080265;ROTULO TUCA LARANJA 500ML;ROTULO;BOPP-PA;GERAL;0,03373;6746,0000000000009;MAI;2024;05/2024;
PA;11080266;PA11080266;ROTULO TUCA UVA 200ML;ROTULO;BOPP-PA;GERAL;0,0059;1770;MAI;2024;05/2024;
PA;11080268;PA11080268;ROTULO TUCA UVA 500ML;ROTULO;BOPP-PA;ELLOFLEX;0,03373;6746,0000000000009;ABR;2024;04/2024;
PA;11080268;PA11080268;ROTULO TUCA UVA 500ML;ROTULO;BOPP-PA;ELLOFLEX;0,03373;6746,0000000000009;MAI;2024;05/2024;
PA;10090032;PA10090032;SACARINA SÓDICA;EDULCORANTE;XAROPARIA;GERAL;38,4;1920;MAI;2024;05/2024;
PA;10020001;PA10020001;AROMA DE LARANJA IDENTICO AO NATURAL;AROMA;REFRIGERANTE;GERAL;77,66;0;JUL;2024;07/2024;
PA;10090011;PA10090011;SUCO CONCENTRADO LIMÃO;SUCO;XAROPARIA;GERAL;16,2;32400;MAI;2024;05/2024;
PA;10090094;PA10090094;SUCO CONCENTRADO UVA;SUCO;XAROPARIA;GERAL;10,5;36750;MAI;2024;05/2024;
MS;2701190004;MS2701190004;XAROPE DE HIGH MALTOSE 25KG (BREWGILL);CERVEJARIA;OUTROS;GERAL;2,78;83400;MAI;2024;05/2024;
MS;2701190004;MS2701190004;XAROPE DE HIGH MALTOSE 25KG (BREWGILL);CERVEJARIA;OUTROS;GERAL;2,78;83400;MAI;2024;05/2024;
MS;2701190004;MS2701190004;XAROPE DE HIGH MALTOSE 25KG (BREWGILL);CERVEJARIA;OUTROS;GERAL;2,78;83400;MAI;2024;05/2024;
MS;2701190004;MS2701190004;XAROPE DE HIGH MALTOSE 25KG (BREWGILL);CERVEJARIA;OUTROS;GERAL;2,78;83400;MAI;2024;05/2024;
MS;2701190004;MS2701190004;XAROPE DE HIGH MALTOSE 25KG (BREWGILL);CERVEJARIA;OUTROS;GERAL;2,78;83400;MAI;2024;05/2024;
MS;2701140029;MS2701140029;TAMPA - LATA 350/269/473ML - B64;TAMPA;LATA;GERAL;0,24;700800;MAI;2024;05/2024;
MS;2701140029;MS2701140029;TAMPA - LATA 350/269/473ML - B64;TAMPA;LATA;GERAL;0,24;350400;JUN;2024;06/2024;
MS;2701190001;MS2701190001;MALTE PILSEN BAG 1000 - BARLEY;CERVEJARIA;MALTE;GERAL;3,29;110675,6;MAI;2024;05/2024;
MS;2701190001;MS2701190001;MALTE PILSEN BAG 1000 - BARLEY;CERVEJARIA;MALTE;GERAL;3,29;110675,6;MAI;2024;05/2024;
MS;2701190001;MS2701190001;MALTE PILSEN BAG 1000 - BARLEY;CERVEJARIA;MALTE;GERAL;3,29;110675,6;MAI;2024;05/2024;
MS;2701190001;MS2701190001;MALTE PILSEN BAG 1000 - BARLEY;CERVEJARIA;MALTE;GERAL;3,29;110675,6;MAI;2024;05/2024;
MS;2701190001;MS2701190001;MALTE PILSEN BAG 1000 - BARLEY;CERVEJARIA;MALTE;GERAL;3,29;110675,6;JUN;2024;06/2024;
MS;2701140006;MS2701140006;LATA AL BELA ROMA / 473ML ;LATA;BELLA ROMA;GERAL;0,51;539620,80000000005;MAI;2024;05/2024;
MS;2701140015;MS2701140015;LATA AL 473ML FURIOSO MELANCIA E MORANGO;LATA;FURIOSO;GERAL;0,51;15871,2;MAI;2024;05/2024;
MS;2701140026;MS2701140026;LATA AL 473ML FURIOSO;LATA;FURIOSO;GERAL;0,51;146015,04000000001;MAI;2024;05/2024;
MS;2701140018;MS2701140018;LATA AL 350ML MOEMA;LATA;MOEMA;GERAL;0,38;1232447,92;MAI;2024;05/2024;
MS;2701140018;MS2701140018;LATA AL 350ML MOEMA;LATA;MOEMA;GERAL;0,38;114856,14;JUN;2024;06/2024;
MS;2701140003;MS2701140003;LATA AL 355ML BAMBOA LAGER;LATA;BAMBOA;GERAL;0,43;80791,41;MAI;2024;05/2024;
MS;2701140033;MS2701140033;LATA AL 269ML FURIOSO MELANCIA E MORANGO;LATA;FURIOSO;GERAL;0,042;1397,0880000000002;MAI;2024;05/2024;
MS;2701140037;MS2701140037;LATA AL 269ML FURIOSO TROPICAL;LATA;FURIOSO;GERAL;0,042;1397,0880000000002;MAI;2024;05/2024;
MS;2701140020;MS2701140020;LATA AL 350ML COLA;LATA;REFRIKO;GERAL;0,38;0;JUN;2024;06/2024;
MS;2701140018;MS2701140018;LATA AL 350ML MOEMA;LATA;MOEMA;GERAL;0,38;0;JUN;2024;06/2024;
MS;2701140006;MS2701140006;LATA AL BELA ROMA / 473ML ;LATA;BELLA ROMA;GERAL;0,51;136492,32;JUN;2024;06/2024;
PR;2801170001;PR2801170001;AGUARDENTE DE CANA CACHACA LT;CACHAÇA;TANQUE;GERAL;2,26;33900;MAI;2024;05/2024;
PR;2801170001;PR2801170001;AGUARDENTE DE CANA CACHACA LT;CACHAÇA;TANQUE;GERAL;2,26;33900;MAI;2024;05/2024;
PR;2801170001;PR2801170001;AGUARDENTE DE CANA CACHACA LT;CACHAÇA;TANQUE;GERAL;2,26;33900;MAI;2024;05/2024;
PR;2801170001;PR2801170001;AGUARDENTE DE CANA CACHACA LT;CACHAÇA;TANQUE;GERAL;2,26;33900;MAI;2024;05/2024;
MS;2701170002;MS2701170002;ETANOL NEUTRO ALCOOL ETILICO POT 96º-IND;ETANOL;TANQUE;GERAL;4,474;201330;MAI;2024;05/2024;
MS;2701170002;MS2701170002;ETANOL NEUTRO ALCOOL ETILICO POT 96º-IND;ETANOL;TANQUE;GERAL;4,474;201330;MAI;2024;05/2024;
MS;2701140035;MS2701140035;LATA AL 269ML FURIOSO;LATA;FURIOSO;GERAL;0,042;4656,96;MAI;2024;05/2024;
SP;COLA1;SPCOLA1;COLA KRONES (PET);NÃO PRODUTIVO;CIP;GERAL;0;0;MAI;2024;05/2024;
MS;2701050020;MS2701050020;EMULSÃO COLA E-0388 ADM (NOVO);EMULSAO;XAROPARIA;GERAL;384,51;76902;JUN;2024;06/2024;
PR;2701130002;PR2701130002;SUCO CONCENTRADO LIMÃO;SUCO;XAROPARIA;GERAL;16,5;33000;MAI;2024;05/2024;
MS;2701040001;MS2701040001;FILME TERMO ENCOLHIVEL 420 X 0,05;FILME;JUJ/TERN;GERAL;21;21000;JUN;2024;06/2024;
PR;2701130003;PR2701130003;SUCO CONCENTRADO UVA;SUCO;XAROPARIA;GERAL;13;39000;MAI;2024;05/2024;
PR;2701070001;PR2701070001;SUCRALOSE;EDULCORANTE;XAROPARIA;SAPORITI;88;35200;MAR;2024;03/2024;
PR;2701070001;PR2701070001;SUCRALOSE;EDULCORANTE;XAROPARIA;GERAL;88;17600;MAI;2024;05/2024;
PR;2701030037;PR2701030037;TAMPA AMARELA LISA;TAMPA;PET;GERAL;0,04445;0;FEV;2024;02/2024;
MS;2701040023;MS2701040023;FILME TERMO ENCOLHÍVEL DE 500X0,06 ;FILME;B.ROMA;GERAL;11,4;11400;JUN;2024;06/2024;
MS;2701010052;MS2701010052;CONTRA ROTULO BAMBOA 330ML (ARTE NOVA);ROTULO;ADESIVO;GERAL;0,05611;28055;JUL;2024;07/2024;
MS;2701010052;MS2701010052;CONTRA ROTULO BAMBOA 330ML (ARTE NOVA);ROTULO;ADESIVO;GERAL;0,05611;28055;JUL;2024;07/2024;
PR;2701030037;PR2701030037;TAMPA AMARELA LISA;TAMPA;PET;GERAL;0,04445;0;MAR;2024;03/2024;
PR;2701030037;PR2701030037;TAMPA AMARELA LISA;TAMPA;PET;GERAL;0,04445;133296,66;JUN;2024;06/2024;
PR;2701030037;PR2701030037;TAMPA AMARELA LISA;TAMPA;PET;GERAL;0,04445;155699,46000000002;JUL;2024;07/2024;
MS;2701090002;MS2701090002;ACIDO CITRICO;ACID.E CONSERV.;REF/ENER/ROM/DEL;GERAL;8,95;268500;JUN;2024;06/2024;
MS;2701090004;MS2701090004;ACIDO TARTARICO ;ACID.E CONSERV.;NOCH/TON/BEL;MCASSAB;35,5;5325;JUN;2024;06/2024;
MS;2701100002;MS2701100002;BENZOATO DE SODIO;ACID.E CONSERV.;REF/ENER/NOCH/TON;GERAL;12,1;6050;JUN;2024;06/2024;
PR;2801030015;PR2801030015;TAMPA DOURADA LISA;TAMPA;PET;OPS;0,043333;13103,899200000002;MAR;2024;03/2024;
MS;2701060006;MS2701060006;CORANTE CARAMELO CERVEJA;CERVEJARIA;OUTROS;GERAL;6,04;1208;JUL;2024;07/2024;
PR;2801030015;PR2801030015;TAMPA DOURADA LISA;TAMPA;PET;GERAL;0,043333;6551,9496000000008;JUN;2024;06/2024;
MS;2701050008;MS2701050008;AROMA FRUTAS TROPICAIS;AROMA;ENERGÉTICO;GERAL;149,57;59828;JUN;2024;06/2024;
MS;2701050017;MS2701050017;AROMA IDENTICO AO NATURAL MELANCIA;AROMA;ENERGÉTICO;GERAL;37,17;13009,5;JUN;2024;06/2024;
PR;2801030015;PR2801030015;TAMPA DOURADA LISA;TAMPA;PET;GERAL;0,043333;8735,9328000000005;JUL;2024;07/2024;
PR;2701030043;PR2701030043;TAMPA LARANJA REFRIKO;TAMPA;PET;GERAL;0,04445;0;FEV;2024;02/2024;
PR;2701030043;PR2701030043;TAMPA LARANJA REFRIKO;TAMPA;PET;GERAL;0,04445;0;MAR;2024;03/2024;
MS;2701050027;MS2701050027;AROMA UVA REFRIKO 84;AROMA;REFRIGERANTE;GERAL;28;4200;JUN;2024;06/2024;
PR;2701030043;PR2701030043;TAMPA LARANJA REFRIKO;TAMPA;PET;GERAL;0,04445;28843,605000000003;JUN;2024;06/2024;
PR;2701030043;PR2701030043;TAMPA LARANJA REFRIKO;TAMPA;PET;GERAL;0,04445;31083,885000000002;JUL;2024;07/2024;
PR;2701030044;PR2701030044;TAMPA LILAS LISA;TAMPA;PET;GERAL;0,04445;0;FEV;2024;02/2024;
MS;2701160011;MS2701160011;CX ONE WAY BAMBOA 12X330ML;CAIXA;CERVEJA;GERAL;1,84;55200;JUN;2024;06/2024;
PR;2701030044;PR2701030044;TAMPA LILAS LISA;TAMPA;PET;GERAL;0,04445;0;MAR;2024;03/2024;
MS;2701070004;MS2701070004;CICLAMATO DE SÓDIO ;EDULCORANTE;XAROPARIA;GERAL;14,18;1418;JUN;2024;06/2024;
PR;2701030044;PR2701030044;TAMPA LILAS LISA;TAMPA;PET;GERAL;0,04445;6720,84;ABR;2024;04/2024;
MS;2701130001;MS2701130001;SUCO CONCENTRADO LARANJA;SUCO;XAROPARIA;GERAL;12;18000;JUN;2024;06/2024;
MS;2701130003;MS2701130003;SUCO CONCENTRADO UVA;SUCO;XAROPARIA;GERAL;13;195000;JUN;2024;06/2024;
MS;2701150001;MS2701150001;VASILHAME GINGUALA 970ML;VASILHAME;NORMAL;GERAL;1,57;61895,68;JUN;2024;06/2024;
MS;2701150001;MS2701150001;VASILHAME GINGUALA 970ML;VASILHAME;NORMAL;GERAL;1,57;61895,68;JUN;2024;06/2024;
MS;2701150001;MS2701150001;VASILHAME GINGUALA 970ML;VASILHAME;NORMAL;GERAL;1,57;61895,68;JUN;2024;06/2024;
MS;2701150004;MS2701150004;VASILHAME OW 600ML (BELLA ROMA);VASILHAME;NORMAL;GERAL;1,13;64150,099999999991;JUN;2024;06/2024;
MS;2701240004;MS2701240004;CHAPA SEM IMPRESSAO 1000X1200 (NOVA);SEPARADOR DE CAMADAS;CHAPA;GERAL;1,25;51250;JUL;2024;07/2024;
PR;2801010069;PR2801010069;ROTULO CACHACA CAIDEIRA 450ML;ROTULO;BOPP;GERAL;0,0157;7849,9999999999991;JUL;2024;07/2024;
PR;2701030044;PR2701030044;TAMPA LILAS LISA;TAMPA;PET;GERAL;0,04445;22225;MAI;2024;05/2024;
PR;2701030049;PR2701030049;TAMPA VERDE REFRIKO;TAMPA;PET;GERAL;0,04445;0;FEV;2024;02/2024;
PR;2701030049;PR2701030049;TAMPA VERDE REFRIKO;TAMPA;PET;GERAL;0,04445;0;MAR;2024;03/2024;
PR;2701030049;PR2701030049;TAMPA VERDE REFRIKO;TAMPA;PET;GERAL;0,04445;40325,040000000001;ABR;2024;04/2024;
PR;2701030049;PR2701030049;TAMPA VERDE REFRIKO;TAMPA;PET;GERAL;0,04445;8249,92;MAI;2024;05/2024;
PR;2701010150;PR2701010150;ROTULO TUBAINA 2L;ROTULO;BOPP;GERAL;0,0355;10649,999999999998;JUL;2024;07/2024;
PA;10020009;PA10020009;AROMA UVA REFRIKO 84;AROMA;REFRIGERANTE;SAPORITI;23,5;32900;JUL;2024;07/2024;
PA;10090071;PA10090071;SUCRALOSE;EDULCORANTE;XAROPARIA;GERAL;114,06;0;MAI;2024;05/2024;
PA;10090295;PA10090295;CONCENTRADO COLA IAB 7729 (NOVO);CONCENT./KITs;KIT COLA;GERAL;22,39;89560;JUL;2024;07/2024;
PA;11090001;PA11090001;TAMPA LARANJA REFRIKO;TAMPA;PET;GERAL;0,04667;14225,016000000001;MAI;2024;05/2024;
PA;11090034;PA11090034;TAMPA LILAS LISA;TAMPA;PET;GERAL;0,04667;14225,016000000001;MAI;2024;05/2024;
PA;11090031;PA11090031;TAMPA VERMELHA LISA;TAMPA;PET;GERAL;0,04667;140010;MAI;2024;05/2024;
PA;11090031;PA11090031;TAMPA VERMELHA LISA;TAMPA;PET;GERAL;0,04667;42675,048000000003;MAI;2024;05/2024;
MS;DAT2;MSDAT2;TINTA LINX 1240;NÃO PRODUTIVO;DATADORA;GERAL;0;0;MAI;2024;05/2024;
MS;2701020090;MS2701020090;PREFORMA 18G CRISTAL 500 ML - DESCONTINUAR;PREFORMA;REFRIKO 500ML;GERAL;0,25664;21434,572799999998;JUN;2024;06/2024;
MS;2701020059;MS2701020059;PREFORMA 41 G CRISTAL;PREFORMA;REFRIKO 2L;GERAL;0,5553;115253,6256;JUN;2024;06/2024;
MS;2701020102;MS2701020102;PREFORMA 41 G VERDE;PREFORMA;REFRIKO 2L;GERAL;0,4013;433211,37599999999;JUN;2024;06/2024;
PR;2701030049;PR2701030049;TAMPA VERDE REFRIKO;TAMPA;PET;GERAL;0,04445;59927,490000000005;JUL;2024;07/2024;
PR;2701030050;PR2701030050;TAMPA VERMELHA LISA;TAMPA;PET;GERAL;0,04445;0;MAR;2024;03/2024;
PR;2701030050;PR2701030050;TAMPA VERMELHA LISA;TAMPA;PET;GERAL;0,04445;33604,200000000004;ABR;2024;04/2024;
PR;2701030050;PR2701030050;TAMPA VERMELHA LISA;TAMPA;PET;GERAL;0,04445;26603,325000000001;JUL;2024;07/2024;
PR;3002020009;PR3002020009;TERRA CELITE DIATOMITA SPEEDFLOW/STANDARD (VERMELHO);TERRA;XAROPARIA;GERAL;8,8;0;MAR;2024;03/2024;
PR;3002020011;PR3002020011;TERRA DIATOMITA 341/HYFLOW (AZUL);TERRA;XAROPARIA;GERAL;8,8;0;MAR;2024;03/2024;
SP;2801020041;SP2801020041;PREFORMA 18G CRISTAL 500 ML;PREFORMA;PET 500 PA;GERAL;0,25664;225063,01439999999;JUN;2024;06/2024;
SP;2801020042;SP2801020042;PREFORMA 15G CRISTAL;PREFORMA;PET 500 PA;GERAL;0,22133;773415,55200000003;JUN;2024;06/2024;
SP;2801030014;SP2801030014;TAMPA PLASTICA AZUL OMNI                             ;TAMPA;PET;GERAL;0,043333;157246,7904;JUN;2024;06/2024;
PR;DAT2;PRDAT2;TINTA LINX 1240;NÃO PRODUTIVO;DATADORA;GERAL;0;0;MAR;2024;03/2024;
PR;DAT2;PRDAT2;TINTA LINX 1240;NÃO PRODUTIVO;DATADORA;GERAL;0;0;FEV;2024;02/2024;
PR;DAT2;PRDAT2;TINTA LINX 1240;NÃO PRODUTIVO;DATADORA;GERAL;0;0;ABR;2024;04/2024;
PR;DAT2;PRDAT2;TINTA LINX 1240;NÃO PRODUTIVO;DATADORA;GERAL;0;0;MAI;2024;05/2024;
PR;DAT2;PRDAT2;TINTA LINX 1240;NÃO PRODUTIVO;DATADORA;GERAL;0;0;MAI;2024;05/2024;
MS;DAT2;MSDAT2;TINTA LINX 1240;NÃO PRODUTIVO;DATADORA;GERAL;0;0;MAI;2024;05/2024;
SP;2801030017;SP2801030017;TAMPA PLASTICA PRETA OMNI 120 COM VEDANTE;TAMPA;PET;GERAL;0,043333;39311,6976;JUL;2024;07/2024;
MS;2701030037;MS2701030037;TAMPA AMARELA LISA;TAMPA;PET;GERAL;0,049;59270,400000000001;JUL;2024;07/2024;
SP;2801010068;SP2801010068;ROTULO BOPP AGUA S/ GAS HIDRATAR 500ML                   ;ROTULO;BOPP;GERAL;0,01056;31680;MAI;2024;05/2024;
MS;2701140007;MS2701140007;LATA AL 269ML CAYMAN PILSEN;LATA;CAYMAN;GERAL;0,042;10711,008;MAI;2024;05/2024;
MS;DAT1;MSDAT1;SOLVENTE LINX 1512 ;NÃO PRODUTIVO;DATADORA;GERAL;0;0;MAI;2024;05/2024;
MS;DAT2;MSDAT2;TINTA LINX 1240;NÃO PRODUTIVO;DATADORA;GERAL;0;0;JUN;2024;06/2024;
MS;CIP6;MSCIP6;TOWER CLEAN (TORRE DE RESFRIAMENTO);NÃO PRODUTIVO;CIP;GERAL;0;0;MAI;2024;05/2024;
MS;DAT3;MSDAT3;ADITIVO PARA LIMPEZA LINX 1512;NÃO PRODUTIVO;DATADORA;GERAL;0;0;JUN;2024;06/2024;
MS;DAT6;MSDAT6;ADITIVO PARA LIMPEZA VIDEO JET V901Q;NÃO PRODUTIVO;DATADORA;GERAL;0;0;JUL;2024;07/2024;
MS;CIP3;MSCIP3;B - 160 (CIP ENCHEDORA PET);NÃO PRODUTIVO;CIP;GERAL;0;0;JUL;2024;07/2024;
MS;COLA2;MSCOLA2;COLA TECHNOMELT 175 (VIDRO, CAIXAS);NÃO PRODUTIVO;COLA;GERAL;0;0;JUL;2024;07/2024;
MS;FILT1;MSFILT1;FILTRO 1MIC. (LATA E VIDRO);NÃO PRODUTIVO;FILTRAGEM;GERAL;0;0;JUN;2024;06/2024;
MS;CIP5;MSCIP5;Kurita (TRATAMENTO CALDEIRA);NÃO PRODUTIVO;CIP;GERAL;0;0;JUN;2024;06/2024;
MS;CIP1;MSCIP1;LUBMAX PL PK (SABÃO DE ESTEIRA PET, LATA E VIDRO);NÃO PRODUTIVO;CIP;GERAL;0;0;JUL;2024;07/2024;
MS;CIP4;MSCIP4;MASTER FOAM (LIMPEZA EXTERNA ENCHEDORAS);NÃO PRODUTIVO;CIP;GERAL;0;0;JUN;2024;06/2024;
MS;CIP2;MSCIP2;SABÃO DE ESTEIRA (GTECH 8338) SILICONE;NÃO PRODUTIVO;CIP;GERAL;0;0;JUL;2024;07/2024;
MS;CIP8;MSCIP8;SODA ESCAMA ;NÃO PRODUTIVO;CIP;GERAL;0;0;JUL;2024;07/2024;
MS;CIP7;MSCIP7;SODA LIQUIDA (PRODUÇÃO, ETE, CERVEJARIA);NÃO PRODUTIVO;CIP;GERAL;0;0;JUL;2024;07/2024;
MS;DAT1;MSDAT1;SOLVENTE LINX 1512 ;NÃO PRODUTIVO;DATADORA;GERAL;0;0;JUN;2024;06/2024;
MS;DAT4;MSDAT4;SOLVENTE VIDEO JET V705;NÃO PRODUTIVO;DATADORA;GERAL;0;0;JUL;2024;07/2024;
MS;DAT7;MSDAT7;SOLVENTE VIDEO JET V852;NÃO PRODUTIVO;DATADORA;GERAL;0;0;JUL;2024;07/2024;
MS;3002020010;MS3002020010;TERRA CELITE DIATOMITA 2500/535;TERRA;CERVEJARIA;GERAL;8,8;26400,000000000004;JUN;2024;06/2024;
MS;3002020009;MS3002020009;TERRA CELITE DIATOMITA SPEEDFLOW/STANDARD (VERMELHO);TERRA;CERVEJARIA;GERAL;8,8;6160,0000000000009;JUN;2024;06/2024;
PR;DAT2;PRDAT2;TINTA LINX 1240;NÃO PRODUTIVO;DATADORA;GERAL;0;0;JUL;2024;07/2024;
MS;DAT2;MSDAT2;TINTA LINX 1240;NÃO PRODUTIVO;DATADORA;GERAL;0;0;JUL;2024;07/2024;
PR;DAT2;PRDAT2;TINTA LINX 1240;NÃO PRODUTIVO;DATADORA;GERAL;0;0;JUL;2024;07/2024;
PR;CIP4;PRCIP4;GTECH 8338;NÃO PRODUTIVO;CIP;GERAL;0;0;JUN;2024;06/2024;
PR;CIP3;PRCIP3;MULT ALCLOR;NÃO PRODUTIVO;CIP;GERAL;0;0;JUN;2024;06/2024;
PR;CIP2;PRCIP2;MULT ORGANIC;NÃO PRODUTIVO;CIP;GERAL;0;0;JUN;2024;06/2024;
MS;DAT5;MSDAT5;TINTA VIDEO JET V410;NÃO PRODUTIVO;DATADORA;GERAL;0;0;ABR;2024;04/2024;
MS;2701010161;MS2701010161;ROTULO TERNURA TUBAINA 2L;ROTULO;BOPP;GERAL;0,0355;7099,9999999999991;JUL;2024;07/2024;
MS;2701040015;MS2701040015;SHRINK LISO - 380X0,06 ;FILME;VIDRO;GERAL;21;21000;JUN;2024;06/2024;
MS;2701040025;MS2701040025;SHRINK LISO - 380X0,05 DESCONTINUAR;FILME;PET 500;GERAL;10,35;10350;JUL;2024;07/2024;
MS;2701200002;MS2701200002;LUPULO LSKE;CERVEJARIA;LUPULO;GERAL;1017,47;10174,700000000001;JUN;2024;06/2024;
PA;10090295;PA10090295;CONCENTRADO COLA IAB 7729 (NOVO);CONCENT./KITs;KIT COLA;GERAL;22,39;67170;AGO;2024;08/2024;
PA;10090091;PA10090091;CONCENTRADO PARA REFRIGERANTE GUARANÁ AF 210 ;AROMA;REFRIGERANTE;GERAL;48,66769912;87601,85840707965;AGO;2024;08/2024;
PA;10090292;PA10090292;CORANTE AMARANTO;CORANTE;REFRIGERANTE;GERAL;67,99;0;JUL;2024;07/2024;
PR;3002020011;PR3002020011;TERRA DIATOMITA 341/HYFLOW (AZUL);TERRA;XAROPARIA;GERAL;8,8;2640;JUN;2024;06/2024;
MS;COLA3;MSCOLA3;COLA KRONES (PET);NÃO PRODUTIVO;COLA;GERAL;0;0;JUL;2024;07/2024;
PA;12039993;PA12039993;COLA KRONES (PET);NÃO PRODUTIVO;CIP;GERAL;0;0;JUN;2024;06/2024;
PR;COLA1;PRCOLA1;COLA KRONES (PET);NÃO PRODUTIVO;COLA;GERAL;0;0;JUL;2024;07/2024;
SP;COLA1;SPCOLA1;COLA KRONES (PET);NÃO PRODUTIVO;CIP;GERAL;0;0;JUL;2024;07/2024;
MS;2701190001;MS2701190001;MALTE PILSEN BAG 1000 - BARLEY;CERVEJARIA;MALTE;GERAL;3,29;110675,6;JUN;2024;06/2024;
MS;2701190001;MS2701190001;MALTE PILSEN BAG 1000 - BARLEY;CERVEJARIA;MALTE;GERAL;3,29;110675,6;JUN;2024;06/2024;
MS;2701190001;MS2701190001;MALTE PILSEN BAG 1000 - BARLEY;CERVEJARIA;MALTE;GERAL;3,29;110675,6;JUN;2024;06/2024;
MS;2701190001;MS2701190001;MALTE PILSEN BAG 1000 - BARLEY;CERVEJARIA;MALTE;GERAL;3,29;110675,6;JUN;2024;06/2024;
MS;2701140029;MS2701140029;TAMPA - LATA 350/269/473ML - B64;TAMPA;LATA;GERAL;0,24;700800;JUN;2024;06/2024;
MS;2701140029;MS2701140029;TAMPA - LATA 350/269/473ML - B64;TAMPA;LATA;GERAL;0,24;700800;JUN;2024;06/2024;
MS;2701190004;MS2701190004;XAROPE DE HIGH MALTOSE 25KG (BREWGILL);CERVEJARIA;OUTROS;GERAL;2,78;83400;JUN;2024;06/2024;
MS;2701190004;MS2701190004;XAROPE DE HIGH MALTOSE 25KG (BREWGILL);CERVEJARIA;OUTROS;GERAL;2,78;83400;JUN;2024;06/2024;
MS;2701190004;MS2701190004;XAROPE DE HIGH MALTOSE 25KG (BREWGILL);CERVEJARIA;OUTROS;GERAL;2,78;83400;JUN;2024;06/2024;
MS;2701190004;MS2701190004;XAROPE DE HIGH MALTOSE 25KG (BREWGILL);CERVEJARIA;OUTROS;GERAL;2,78;83400;JUL;2024;07/2024;
PR;DAT1;PRDAT1;SOLVENTE LINX 1512 ;NÃO PRODUTIVO;DATADORA;GERAL;0;0;JUL;2024;07/2024;
MS;DAT5;MSDAT5;TINTA VIDEO JET V410;NÃO PRODUTIVO;DATADORA;GERAL;0;0;MAI;2024;05/2024;
PR;DAT4;PRDAT4;SOLVENTE DOMINO (UND);NÃO PRODUTIVO;DATADORA;GERAL;0;0;JUL;2024;07/2024;
PA;10090292;PA10090292;CORANTE AMARANTO;CORANTE;REFRIGERANTE;GERAL;67,99;4759,2999999999993;JUL;2024;07/2024;
PA;10090056;PA10090056;CORANTE AMARELO SUNSET;CORANTE;XAROPARIA;GERAL;41,84;209,20000000000002;JUL;2024;07/2024;
PA;10090056;PA10090056;CORANTE AMARELO SUNSET;CORANTE;XAROPARIA;GERAL;41,84;1255,2;JUL;2024;07/2024;
PA;10090037;PA10090037;CORANTE AZUL BRILHANTE;CORANTE;ENERGÉTICO;SAPORITI;99,37;496,85;SET;2024;09/2024;
PA;12038501;PA12038501;DETERGENTE ALCALINO CLORADO DIVOSANT TC 86 DIVERSEY;NÃO PRODUTIVO;CIP;GERAL;0;0;JUN;2024;06/2024;
PR;2701020051;PR2701020051;PREFORMA PET 200 ML CRISTAL 12 g ;PREFORMA;REFRIKO 200ML;GERAL;0,197948;229632,34867200002;JUN;2024;06/2024;
PR;2701020097;PR2701020097;PREFORMA PET 200 ML VERDE 12 g ;PREFORMA;REFRIKO 200ML;GERAL;0,197948;193374,60940800002;JUN;2024;06/2024;
PR;2701020055;PR2701020055;PREFORMA 18G CRISTAL;PREFORMA;FURIOSO 250ML;GERAL;0,25664;269040,84479999996;JUN;2024;06/2024;
PR;2701020102;PR2701020102;PREFORMA 41G VERDE;PREFORMA;REFRIKO 2L;GERAL;0,5212;489144,1152;JUN;2024;06/2024;
PR;2701020075;PR2701020075;PREFORMA PET 46,7GR CRISTAL ;PREFORMA;FURIOSO 2L;GERAL;0,687488;164469,129216;JUN;2024;06/2024;
PR;2701030043;PR2701030043;TAMPA LARANJA REFRIKO;TAMPA;PET;GERAL;0,04445;39204,9;JUN;2024;06/2024;
PR;2701030037;PR2701030037;TAMPA AMARELA LISA;TAMPA;PET;GERAL;0,04445;56007,000000000007;JUN;2024;06/2024;
PR;2701050010;PR2701050010;AROMA DE LARANJA IDENTICO AO NATURAL;AROMA;REFRIGERANTE;GERAL;75,22;1504,4;JUL;2024;07/2024;
PR;2801050027;PR2801050027;AROMA IDENTICO AO NATURAL DE PESSEGO;AROMA;NOCH DEMAIS;GERAL;58;1160;JUL;2024;07/2024;
PR;2801050019;PR2801050019;AROMA IDENTICO AO NATURAL MARACUJA;AROMA;NOCH DEMAIS;GERAL;54,21;2710,5;JUL;2024;07/2024;
PR;2801050025;PR2801050025;AROMA IDENTICO AO NATURAL MORANGO;AROMA;ENERGÉTICO;GERAL;75,88;11382;JUL;2024;07/2024;
PR;2701050011;PR2701050011;AROMA LIMAO REFRIKO 41;AROMA;REFRIGERANTE;GERAL;48;19584;JUL;2024;07/2024;
PR;2801050010;PR2801050010;AROMA NATURAL DE LIMAO VERDE;AROMA;NOCH DEMAIS;GERAL;36;360;JUL;2024;07/2024;
PR;2701050027;PR2701050027;AROMA UVA REFRIKO 84;AROMA;REFRIGERANTE;GERAL;28;10780;JUL;2024;07/2024;
PR;2701050022;PR2701050022;CONCENTRADO DE GUARANA IAB 7205;AROMA;REFRIGERANTE;GERAL;27,17;81510;JUL;2024;07/2024;
PR;2701100002;PR2701100002;BENZOATO DE SODIO;ACID.E CONSERV.;REF/ENER/NOCH/TON;GERAL;12,1;30250;JUL;2024;07/2024;
PR;2801050007;PR2801050007;CONCENTRADO B. ENERGETICA AÇAI;AROMA;KIT ENERGÉTICO;GERAL;2237,879;22264,417989778533;JUL;2024;07/2024;
PR;2801050003;PR2801050003;CONCENTRADO BEBIDAS ENERGETICA;AROMA;KIT ENERGÉTICO;GERAL;2044,7664;426314,57131754881;JUL;2024;07/2024;
PR;2701060007;PR2701060007;CORANTE CARAMELO CLASE IV DPC;CORANTE;REFRIGERANTE;GERAL;7,5;4500;JUL;2024;07/2024;
PR;2701060002;PR2701060002;CORANTE VERMELHO 3167;CORANTE;REFRIGERANTE;GERAL;18,9;9374,4;JUL;2024;07/2024;
PR;2701050020;PR2701050020;EMULSÃO COLA E-0388 ADM (NOVO) (usar no 500 ml);EMULSAO;XAROPARIA;GERAL;384,51;153804;JUL;2024;07/2024;
PR;2701050018;PR2701050018;EMULSAO LARANJA REFRIKO 98;EMULSAO;XAROPARIA;GERAL;32,8;15612,8;JUL;2024;07/2024;
PR;2701050016;PR2701050016;EMULSAO NEUTRA PARA SUCO;EMULSAO;XAROPARIA;GERAL;56;5600;JUL;2024;07/2024;
PR;2701130007;PR2701130007;AROMA EXTRATO GUARANA REFRIKO 28;AROMA;REFRIGERANTE;GERAL;32,8;26403,999999999996;JUL;2024;07/2024;
PR;2701040009;PR2701040009;FILME STRETCH POLIETILENO 500X0023;FILME;STRETCH;GERAL;20;19980;JUL;2024;07/2024;
PR;2701040004;PR2701040004;FILME TERMO ENCOLHIVEL 600 MM X 0,04 ;FILME;REFRI;GERAL;14,1;28200;JUL;2024;07/2024;
PR;2701040005;PR2701040005;FILME TERMO ENCOLHIVEL 660 MM X 0,04;FILME;ENERGÉTICO;GERAL;23,5;47000;JUL;2024;07/2024;
PR;2701040006;PR2701040006;FILME TERMO ENCOLHIVEL 860/5 MM;FILME;JUJ/TERN;GERAL;23,575;70725;JUL;2024;07/2024;
PR;2701040007;PR2701040007;FILME TERMO ENCOLHIVEL 860/0,06 MM;FILME;REFR/ENERG.;GERAL;23,575;141450;JUL;2024;07/2024;
PR;2701070002;PR2701070002;SACARINA SÓDICA;EDULCORANTE;XAROPARIA;GERAL;29,65;7412,5;AGO;2024;08/2024;
PR;2701100001;PR2701100001;SORBATO DE POTASSIO 25KG;ACID.E CONSERV.;REF/ENER/ROM/DEL;GERAL;15,72;5502;JUL;2024;07/2024;
PR;2701020051;PR2701020051;PREFORMA PET 200 ML CRISTAL 12 g ;PREFORMA;REFRIKO 200ML;GERAL;0,197948;151073,9136;JUL;2024;07/2024;
PR;2701020097;PR2701020097;PREFORMA PET 200 ML VERDE 12 g ;PREFORMA;REFRIKO 200ML;GERAL;0,197948;241718,26176000002;AGO;2024;08/2024;
PR;2701020055;PR2701020055;PREFORMA 18G CRISTAL;PREFORMA;FURIOSO 250ML;GERAL;0,25664;549809,11103999999;JUL;2024;07/2024;
PR;2701020059;PR2701020059;PREFORMA 41G CRISTAL;PREFORMA;REFRIKO 2L;GERAL;0,5212;75252,940799999997;JUL;2024;07/2024;
PR;2701020102;PR2701020102;PREFORMA 41G VERDE;PREFORMA;REFRIKO 2L;GERAL;0,5212;423297,79200000002;JUL;2024;07/2024;
PR;2701020075;PR2701020075;PREFORMA PET 46,7GR CRISTAL ;PREFORMA;FURIOSO 2L;GERAL;0,687488;381803,33568000002;AGO;2024;08/2024;
PR;2701010141;PR2701010141;ROTULO GUARANA 200 ML ZERO ;ROTULO;BOPP;GERAL;0,008;24000;JUL;2024;07/2024;
PR;2701010146;PR2701010146;ROTULO REFRIKO LIMÃO DQI1% 200 ML ;ROTULO;BOPP;GERAL;0,008;16000;JUL;2024;07/2024;
PR;2701010131;PR2701010131;ROTULO REFRIKO COLA REDUZIDO 200 ML ;ROTULO;BOPP;GERAL;0,008;11944,880000000001;JUL;2024;07/2024;
PR;2701010149;PR2701010149;ROTULO REFRIKO TUBAÍNA 200 ML ;ROTULO;BOPP;GERAL;0,008;16000;JUL;2024;07/2024;
PR;2701010154;PR2701010154;ROTULO REFRIKO UVA DQI1% 200 ML ;ROTULO;BOPP;GERAL;0,008;16000;JUL;2024;07/2024;
PR;2701010144;PR2701010144;ROTULO REFRIKO LARANJA DQI1% 2L;ROTULO;BOPP;GERAL;0,0355;14199,999999999998;JUL;2024;07/2024;
PR;2701010147;PR2701010147;ROTULO REFRIKO LIMÃO DQI1% 2L;ROTULO;BOPP;GERAL;0,0355;7099,9999999999991;JUL;2024;07/2024;
PR;2701010155;PR2701010155;ROTULO REFRIKO UVA DQI1% 2L;ROTULO;BOPP;GERAL;0,0355;8875;JUL;2024;07/2024;
PR;2701030044;PR2701030044;TAMPA LILAS LISA;TAMPA;PET;GERAL;0,04445;28003,500000000004;JUL;2024;07/2024;
MS;2701030041;MS2701030041;TAMPA AZUL BAMBOA (VODKA BAMBOA);TAMPA;VIDRO NAC;GERAL;0,3;90000;JUL;2024;07/2024;
PR;2701010156;PR2701010156;ROTULO BOPP REFRISHOW GUARANA 2 L;ROTULO;BOPP;GERAL;0,0355;21299,999999999996;AGO;2024;08/2024;
PR;2701010132;PR2701010132;ROTULO REFRIKO COLA 2L;ROTULO;BOPP;GERAL;0,0355;10649,999999999998;AGO;2024;08/2024;
PR;2701010163;PR2701010163;ROTULO TUBA JUJUBA 2L;ROTULO;BOPP;GERAL;0,0355;24849,999999999996;AGO;2024;08/2024;
PR;2801090001;PR2801090001;ACIDO MALICO;ACID.E CONSERV.;NOCH;GERAL;9,75;1462,5;JUL;2024;07/2024;
PR;2801050013;PR2801050013;AROMA IN LIMAO SICILIANO;AROMA;ENERGÉTICO;GERAL;227,5;3867,5;JUL;2024;07/2024;
PR;2801050004;PR2801050004;AROMA NATURA DE CITRUS RB 25395;AROMA;ENERGÉTICO;GERAL;105;3780;JUL;2024;07/2024;
PR;2801010090;PR2801010090;ROT SLEE NOCH LIMAO 270ML;ROTULO;SLEEVE;GERAL;0,12;60000;JUL;2024;07/2024;
PR;2801010091;PR2801010091;ROT SLEE NOCH MARACUJA 270ML;ROTULO;SLEEVE;GERAL;0,12;36000;JUL;2024;07/2024;
PR;2801010092;PR2801010092;ROT SLEE NOCH MELANCIA E MORAN 270ML-IND;ROTULO;SLEEVE;GERAL;0,12;48000;JUL;2024;07/2024;
PR;2801010088;PR2801010088;ROTULO AGUA TONICA MALDIVES 250 ML;ROTULO;SLEEVE;GERAL;0,05071;10142;JUL;2024;07/2024;
PR;2801010099;PR2801010099;ROTULO FURIOSO 250ML;ROTULO;SLEEVE;GERAL;0,050377;100754;JUL;2024;07/2024;
PR;2801010100;PR2801010100;ROTULO FURIOSO 2L;ROTULO;SLEEVE;GERAL;0,2062;82480;JUL;2024;07/2024;
PR;2801010094;PR2801010094;ROTULO FURIOSO CITRUS 250 ML;ROTULO;SLEEVE;GERAL;0,050377;10075,4;JUL;2024;07/2024;
PR;2801010101;PR2801010101;ROTULO FURIOSO TROPICAL 250ML;ROTULO;SLEEVE;GERAL;0,050377;15113,099999999999;JUL;2024;07/2024;
PR;2801010069;PR2801010069;ROTULO CACHACA CAIDEIRA 450ML;ROTULO;BOPP;GERAL;0,0157;11783,163999999999;AGO;2024;08/2024;
MS;2701250001;MS2701250001;CLORETO DE CALCIO - IBC;CERVEJARIA;OUTROS;GERAL;4,07;1221;JUN;2024;06/2024;
MS;2701210004;MS2701210004;ENZIMA ULTRA FLOW;CERVEJARIA;OUTROS;GERAL;76,36;763,6;JUL;2024;07/2024;
MS;2701210002;MS2701210002;SILICA HP 9000;CERVEJARIA;OUTROS;GERAL;36,01;36010;JUL;2024;07/2024;
MS;2701010115;MS2701010115;ROTULO ADESIVO BELLA ROMA;ROTULO;ADESIVO;GERAL;0,1404;14040;JUL;2024;07/2024;
MS;2701090003;MS2701090003;ACIDO LACTICO - IBC;CERVEJARIA;OUTROS;GERAL;10,41;12492;JUL;2024;07/2024;
MS;2701210005;MS2701210005;ALGINATO DE PROPILENO GLICOL;CERVEJARIA;OUTROS;GERAL;283,79;56758,000000000007;JUL;2024;07/2024;
MS;2701090005;MS2701090005;ANTIOXIDANTE;CERVEJARIA;OUTROS;GERAL;30,22;6044;JUL;2024;07/2024;
MS;2701050021;MS2701050021;AROMA IDENTICO AO NATURAL MORANGO;AROMA;ENERGÉTICO;GERAL;75,88;26558;JUL;2024;07/2024;
MS;2701050011;MS2701050011;AROMA LIMAO REFRIKO 41;AROMA;REFRIGERANTE;GERAL;48;4608;JUL;2024;07/2024;
MS;2701050013;MS2701050013;AROMA MAÇA VERDE COD;AROMA;ENERGÉTICO;GERAL;46,45;9475,8000000000011;JUL;2024;07/2024;
MS;2701050027;MS2701050027;AROMA UVA REFRIKO 84;AROMA;REFRIGERANTE;GERAL;28;504;JUL;2024;07/2024;
MS;2701050006;MS2701050006;AROMA NATURAL DE BLUEBERRY;AROMA;DELIRIO;GERAL;52;16640;JUL;2024;07/2024;
MS;2701050008;MS2701050008;AROMA FRUTAS TROPICAIS;AROMA;ENERGÉTICO;GERAL;149,57;747,84999999999991;JUL;2024;07/2024;
MS;2701050026;MS2701050026;AROMA IDENTICO AO NATURAL DE PESSEGO;AROMA;NOCH DEMAIS;GERAL;58;11890;JUL;2024;07/2024;
MS;2701050015;MS2701050015;AROMA IDENTICO AO NATURAL MARACUJA;AROMA;NOCH DEMAIS;GERAL;54,21;5963,1;JUL;2024;07/2024;
MS;2701050012;MS2701050012;AROMA NATURAL DE LIMAO VERDE;AROMA;DELIRIO;GERAL;36;4320;JUL;2024;07/2024;
MS;2701100002;MS2701100002;BENZOATO DE SODIO;ACID.E CONSERV.;REF/ENER/NOCH/TON;GERAL;12,1;6050;JUL;2024;07/2024;
MS;2701050040;MS2701050040;CONCENTRADO BEBIDAS ENERGETICA;AROMA;KIT ENERGÉTICO;GERAL;2076,886;269337,11375348188;JUL;2024;07/2024;
MS;2701060007;MS2701060007;CORANTE CARAMELO CLASE IV DPC;CORANTE;REFRIGERANTE;GERAL;7,5;1500;JUL;2024;07/2024;
MS;2701060001;MS2701060001;CORANTE PONCEAU ;CORANTE;ENERGÉTICO;GERAL;67;670;JUL;2024;07/2024;
MS;2701060002;MS2701060002;CORANTE VERMELHO 3167;CORANTE;REFRIGERANTE;GERAL;18,9;1814,3999999999999;JUL;2024;07/2024;
MS;2701160005;MS2701160005;CX ONE WAY MOEMA 6X600ML (MUDAR P/FILME);CAIXA;CERVEJA;GERAL;1,61;48300;JUL;2024;07/2024;
MS;2701050018;MS2701050018;EMULSAO LARANJA REFRIKO 98;EMULSAO;XAROPARIA;GERAL;32,8;7347,1999999999989;JUL;2024;07/2024;
MS;2701130007;MS2701130007;AROMA EXTRATO GUARANA REFRIKO 28;AROMA;REFRIGERANTE;GERAL;32,8;9758;JUL;2024;07/2024;
MS;2701040009;MS2701040009;FILME STRETCH POLIETILENO 500X0023;FILME;STRETCH;GERAL;22,85;45700;JUL;2024;07/2024;
MS;2701040027;MS2701040027;FILME TERMO ENCOLHIVEL 330 MM X 0,04;FILME;NOCH;GERAL;11,35;11350;AGO;2024;08/2024;
MS;2701070002;MS2701070002;SACARINA SÓDICA;EDULCORANTE;XAROPARIA;GERAL;29,65;1482,5;AGO;2024;08/2024;
MS;2701100001;MS2701100001;SORBATO DE POTASSIO 25KG;ACID.E CONSERV.;REF/ENER/ROM/DEL;GERAL;15,72;2358;JUL;2024;07/2024;
MS;2701040015;MS2701040015;SHRINK LISO - 380X0,06 ;FILME;VIDRO;GERAL;21;31500;JUL;2024;07/2024;
MS;2701020090;MS2701020090;PREFORMA 18G CRISTAL 500 ML - DESCONTINUAR;PREFORMA;REFRIKO 500ML;GERAL;0,25664;32151,859199999999;JUL;2024;07/2024;
MS;2701020115;MS2701020115;PREFORMA 18 A 20G VERDE 500 ML - DESCONTINUAR;PREFORMA;REFRIKO 500ML;GERAL;0,204;42595,199999999997;JUL;2024;07/2024;
MS;2701020059;MS2701020059;PREFORMA 41 G CRISTAL;PREFORMA;REFRIKO 2L;GERAL;0,5553;80176,435200000007;JUL;2024;07/2024;
MS;2701020102;MS2701020102;PREFORMA 41 G VERDE;PREFORMA;REFRIKO 2L;GERAL;0,4013;434559,74400000001;AGO;2024;08/2024;
MS;2701020109;MS2701020109;PREFORMA 54,4GR VERDE SHORT;PREFORMA;REFRIKO 3L;GERAL;0,55922;24544,165800000002;AGO;2024;08/2024;
MS;2701020075;MS2701020075;PREFORMA PET 46,7GR CRISTAL;PREFORMA;FURIOSO 2L;GERAL;0,594;228381,12;AGO;2024;08/2024;
MS;2701010119;MS2701010119;ROTULO BAMBOA TRADICIONAL VODKA;ROTULO;ADESIVO;GERAL;0,077;23100;JUL;2024;07/2024;
MS;2701010172;MS2701010172;ROTULO REFRIKO LARANJA DQI1% 600 ML;ROTULO;PAPEL;GERAL;0,0258;2580;AGO;2024;08/2024;
MS;2701010173;MS2701010173;ROTULO REFRIKO LIMÃO DQI1% 600 ML;ROTULO;PAPEL;GERAL;0,0258;2580;AGO;2024;08/2024;
MS;2701010089;MS2701010089;GARGALO MOEMA 1LT/600ML;ROTULO;PAPEL;GERAL;0,017;5100;AGO;2024;08/2024;
MS;2701010170;MS2701010170;ROTULO MOEMA 600ML;ROTULO;PAPEL;GERAL;0,053;15900;AGO;2024;08/2024;
MS;2701010144;MS2701010144;ROTULO REFRIKO LARANJA DQI1% 2L;ROTULO;BOPP;GERAL;0,0355;7847,6299999999992;JUL;2024;07/2024;
MS;2701010145;MS2701010145;ROTULO REFRIKO LARANJA DQI1% 500 ML;ROTULO;BOPP;GERAL;0,0128;2560;JUL;2024;07/2024;
MS;2701010147;MS2701010147;ROTULO REFRIKO LIMÃO DQI1% 2L;ROTULO;BOPP;GERAL;0,0355;3977,7749999999996;JUL;2024;07/2024;
MS;2701010155;MS2701010155;ROTULO REFRIKO UVA DQI1% 2L;ROTULO;BOPP;GERAL;0,0355;5681,7749999999996;JUL;2024;07/2024;
MS;2701010164;MS2701010164;ROTULO TUBAJUJUBA LARANJA S/SUCO 2L;ROTULO;BOPP;GERAL;0,0355;7702,7899999999991;JUL;2024;07/2024;
MS;2701030029;MS2701030029;TAMPA ABRE FACIL BRANCA LISA;TAMPA;VIDRO IMP;PELICONI;0,1108;144040;OUT;2024;10/2024;
MS;2701030028;MS2701030028;TAMPA ABRE FACIL AMARELA;TAMPA;VIDRO IMP;PELICONI;0,1108;77560;OUT;2024;10/2024;
MS;2701150003;MS2701150003;VASILHAME NOVO 330ML;VASILHAME;LONGNECK;GERAL;0,88;84022,399999999994;JUL;2024;07/2024;
MS;2701150004;MS2701150004;VASILHAME OW 600ML (BELLA ROMA);VASILHAME;NORMAL;GERAL;1,13;64150,099999999991;JUL;2024;07/2024;
MS;2701010163;MS2701010163;ROTULO TUBA JUJUBA 2L;ROTULO;BOPP;GERAL;0,0355;17750;AGO;2024;08/2024;
PA;12038500;PA12038500;DETERGENTE DIVERFOAM DG;NÃO PRODUTIVO;CIP;GERAL;0;0;JUN;2024;06/2024;
PA;11040794;PA11040794;FILME TERMO - 390X0,05;FILME;REFRI;GERAL;10,35;10350;JUL;2024;07/2024;
PA;11040007;PA11040007;FILME TERMO ENCOLHIVEL 420 X 0,06;FILME;REFR/ENERG.;GERAL;10,35;31050;JUL;2024;07/2024;
PR;2801050014;PR2801050014;AROMA CLOUDING LEMON IN;AROMA;NOCH LEMON;BARENTZ;103,142;20628,399999999998;OUT;2024;10/2024;
MS;DAT3;MSDAT3;ADITIVO PARA LIMPEZA LINX 1512;NÃO PRODUTIVO;DATADORA;GERAL;0;0;JUL;2024;07/2024;
MS;CIP4;MSCIP4;MASTER FOAM (LIMPEZA EXTERNA ENCHEDORAS);NÃO PRODUTIVO;CIP;GERAL;0;0;JUL;2024;07/2024;
MS;CIP8;MSCIP8;SODA ESCAMA ;NÃO PRODUTIVO;CIP;GERAL;0;0;JUL;2024;07/2024;
PA;12039990;PA12039990;FILTRO C-MIC 20101982- 5 MICRA;NÃO PRODUTIVO;FILTRAGEM;GERAL;0;0;SET;2024;09/2024;
PA;12059223;PA12059223;PERLIMAX SF-4 BRASC240;NÃO PRODUTIVO;CIP;GERAL;0;0;JUN;2024;06/2024;
PA;11070046;PA11070046;PREFORMA 18 ou 20,6G CRISTAL;PREFORMA;PET 500 PA;GERAL;0,236;39421,439999999995;AGO;2024;08/2024;
PA;11070012;PA11070012;PREFORMA 46,0G CRISTAL OU 45,7 G;PREFORMA;PET 2L PA;GERAL;0,49;57939,56;AGO;2024;08/2024;
PA;11070032;PA11070032;PREFORMA 48GR CRISTAL OU 50,7 G;PREFORMA;PET 2,5L PA;GERAL;0,498;490828,79999999999;AGO;2024;08/2024;
PA;11070032;PA11070032;PREFORMA 48GR CRISTAL OU 50,7 G;PREFORMA;PET 2,5L PA;GERAL;0,498;249000;JUL;2024;07/2024;
PA;11070033;PA11070033;PREFORMA 48GR VERDE OU 50,7 G;PREFORMA;PET 2,5L PA;GERAL;0,498;35696,639999999999;AGO;2024;08/2024;
PA;11070041;PA11070041;PREFORMA PET 200 ML CRISTAL 12 G;PREFORMA;PET 200 PA;GERAL;0,159;67955,327999999994;AGO;2024;08/2024;
PA;11070048;PA11070048;PREFORMA PET 200 ML VERDE 12 G;PREFORMA;PET 200 PA;GERAL;0,159;9707,9040000000005;AGO;2024;08/2024;
PA;12084719;PA12084719;REMOVEDOR DE COLA PRO D-LIMONENO;NÃO PRODUTIVO;CIP;GERAL;0;0;JUL;2024;07/2024;
PA;11080241;PA11080241;RÓTULO MICOS COLA 2,5L;ROTULO;BOPP-PA;GERAL;0,03395;23765;AGO;2024;08/2024;
PA;11080243;PA11080243;ROTULO MICOS COLA 2L;ROTULO;BOPP-PA;ELLOFLEX;0,04163;12489;AGO;2024;08/2024;
PA;11080244;PA11080244;ROTULO MICOS COLA 500ML;ROTULO;BOPP-PA;ELLOFLEX;0,03373;6746,0000000000009;AGO;2024;08/2024;
PA;11080245;PA11080245;RÓTULO MICOS GUARANA 2,5L;ROTULO;BOPP-PA;GERAL;0,03395;23765;AGO;2024;08/2024;
PA;11080247;PA11080247;ROTULO MICOS GUARANA 2L;ROTULO;BOPP-PA;GERAL;0,04163;12489;AGO;2024;08/2024;
PA;11080248;PA11080248;ROTULO MICOS GUARANA 500ML;ROTULO;BOPP-PA;GERAL;0,03373;6746,0000000000009;AGO;2024;08/2024;
PA;11080249;PA11080249;RÓTULO MICOS LARANJA 2,5L;ROTULO;BOPP-PA;GERAL;0,03395;13580;AGO;2024;08/2024;
PA;11080250;PA11080250;RÓTULO MICOS LARANJA 200ML;ROTULO;BOPP-PA;GERAL;0,0059;2950;AGO;2024;08/2024;
PA;11080251;PA11080251;ROTULO MICOS LARANJA 2L;ROTULO;BOPP-PA;GERAL;0,04163;12489;AGO;2024;08/2024;
PA;11080252;PA11080252;ROTULO MICOS LARANJA 500ML;ROTULO;BOPP-PA;GERAL;0,03373;10119,000000000002;AGO;2024;08/2024;
PA;11080253;PA11080253;RÓTULO MICOS UVA 2,5L;ROTULO;BOPP-PA;ELLOFLEX;0,03395;13580;AGO;2024;08/2024;
PA;11080254;PA11080254;RÓTULO MICOS UVA 200ML;ROTULO;BOPP-PA;ELLOFLEX;0,0059;2360;AGO;2024;08/2024;
PA;11080255;PA11080255;ROTULO MICOS UVA 2L;ROTULO;BOPP-PA;GERAL;0,04163;12489;AGO;2024;08/2024;
PA;11080256;PA11080256;ROTULO MICOS UVA 500ML;ROTULO;BOPP-PA;GERAL;0,03373;10119,000000000002;AGO;2024;08/2024;
PA;11080263;PA11080263;ROTULO TUCA LARANJA 200ML;ROTULO;BOPP-PA;GERAL;0,0059;1180;AGO;2024;08/2024;
PA;11080264;PA11080264;ROTULO TUCA LARANJA 2L;ROTULO;BOPP-PA;GERAL;0,04163;4163;AGO;2024;08/2024;
PA;11080265;PA11080265;ROTULO TUCA LARANJA 500ML;ROTULO;BOPP-PA;GERAL;0,03373;3373,0000000000005;AGO;2024;08/2024;
PA;11080266;PA11080266;ROTULO TUCA UVA 200ML;ROTULO;BOPP-PA;GERAL;0,0059;1180;AGO;2024;08/2024;
PA;11080267;PA11080267;ROTULO TUCA UVA 2L;ROTULO;BOPP-PA;GERAL;0,04163;4163;AGO;2024;08/2024;
PA;11080268;PA11080268;ROTULO TUCA UVA 500ML;ROTULO;BOPP-PA;ELLOFLEX;0,03373;3373,0000000000005;AGO;2024;08/2024;
PA;12084658;PA12084658;SOLUÇÃO DE LIMPEZA 1000Q (DATADORA);NÃO PRODUTIVO;DATADORA;GERAL;0;0;JUN;2024;06/2024;
PA;12039992;PA12039992;SOLUÇÃO DILUENTE MC2BK 124 (DATADORA);NÃO PRODUTIVO;DATADORA;GERAL;0;0;JUN;2024;06/2024;
PA;10090090;PA10090090;SUCO CONCENTRADO LARANJA;SUCO;XAROPARIA;GERAL;10,5;26250;JUN;2024;06/2024;
PA;10090094;PA10090094;SUCO CONCENTRADO UVA;SUCO;XAROPARIA;GERAL;10,5;42000;JUN;2024;06/2024;
PA;10090071;PA10090071;SUCRALOSE;EDULCORANTE;XAROPARIA;GERAL;114,06;11406;JUN;2024;06/2024;
PA;12084720;PA12084720;TERRA DIATOMITA GROSSA DICALITE 341 MC;TERRA;XAROPARIA;GERAL;8,27;4135;JUL;2024;07/2024;
MS;3002020011;MS3002020011;TERRA DIATOMITA 341/HYFLOW (AZUL);TERRA;XAROPARIA;GERAL;8,8;5280;JUN;2024;06/2024;
MS;DAT5;MSDAT5;TINTA VIDEO JET V410;NÃO PRODUTIVO;DATADORA;GERAL;0;0;JUL;2024;07/2024;
MS;COLA4;MSCOLA4;LEMONENO (REMOVEDOR DE COLA, PET E VIDRO);NÃO PRODUTIVO;COLA;GERAL;0;0;JUL;2024;07/2024;
MS;3002020010;MS3002020010;TERRA CELITE DIATOMITA 2500/535;TERRA;CERVEJARIA;GERAL;8,8;22880,000000000004;JUN;2024;06/2024;
MS;DAT8;MSDAT8;TINTA VIDEO JET V572;NÃO PRODUTIVO;DATADORA;GERAL;0;0;ABR;2024;04/2024;
MS;2701050002;MS2701050002;DESTILADO DE ERVAS AROMÁT PARA GIN;AROMA;JAMES COOK;GERAL;19,2;9600;AGO;2024;08/2024;
PR;2701010143;PR2701010143;ROTULO REFRIKO LARANJA DQI1% 200 ML ;ROTULO;BOPP;GERAL;0,008;16000;JUL;2024;07/2024;
MS;CIP9;MSCIP9;ARMETROL 1123 AP (LUGAR ITENS DA CURITA);NÃO PRODUTIVO;CIP;GERAL;0;0;JUL;2024;07/2024;
MS;CIP10;MSCIP10;AMERSITE 2 (LUGAR ITENS DA CURITA);NÃO PRODUTIVO;CIP;GERAL;0;0;JUL;2024;07/2024;
MS;CIP11;MSCIP11;BIOSPERSE CN2150;NÃO PRODUTIVO;CIP;GERAL;0;0;JUL;2024;07/2024;
MS;CIP12;MSCIP12;PERFORMAX MX 1308;NÃO PRODUTIVO;CIP;GERAL;0;0;JUL;2024;07/2024;
MS;CIP13;MSCIP13;PERFORMAX SR 5600;NÃO PRODUTIVO;CIP;GERAL;0;0;JUL;2024;07/2024;
MS;2701160002;MS2701160002;CX FUNDO AUTO VODKA JAMES COOK 6X1;CAIXA;JAMES COOK;GERAL;2,96;10360;AGO;2024;08/2024;
MS;2701150005;MS2701150005;VASILHAME SPIDER 900ML GIN/VODKA;VASILHAME;JAMES COOK;VIDRO PORTO;2,3;59799,999999999993;JUL;2024;07/2024;
PA;12085439;PA12085439;TERRA DIATOMITA CELITE FINA STANDART;TERRA;XAROPARIA;VENETO;8,27;2067,5;JUL;2024;07/2024;
MS;2701170003;MS2701170003;VINHO DE MESA TINTO SECO GRANEL;VINHO;TANQUE;GERAL;4,2;155400;JUN;2024;06/2024;
MS;2701170003;MS2701170003;VINHO DE MESA TINTO SECO GRANEL;VINHO;TANQUE;GERAL;4,2;155400;JUL;2024;07/2024;
MS;2701170003;MS2701170003;VINHO DE MESA TINTO SECO GRANEL;VINHO;TANQUE;GERAL;4,2;155400;JUL;2024;07/2024;
MS;2701170003;MS2701170003;VINHO DE MESA TINTO SECO GRANEL;VINHO;TANQUE;GERAL;4,2;155400;JUL;2024;07/2024;
MS;2701170003;MS2701170003;VINHO DE MESA TINTO SECO GRANEL;VINHO;TANQUE;GERAL;4,2;155400;JUL;2024;07/2024;
MS;2701170003;MS2701170003;VINHO DE MESA TINTO SECO GRANEL;VINHO;TANQUE;GERAL;4,2;155400;JUL;2024;07/2024;
PR;2701100001;PR2701100001;SORBATO DE POTASSIO 25KG;ACID.E CONSERV.;REF/ENER/ROM/DEL;GERAL;15,72;1572;JUL;2024;07/2024;
PA;10020011;PA10020011;AROMA NATURAL MOUTHFEEL FASV259 ADM;AROMA;REFRIGERANTE;ADM;157,52;78760;AGO;2024;08/2024;
MS;2701130009;MS2701130009;SUCO CONCENTRADO DE MACA;SUCO;XAROPARIA;GERAL;12;12000;JUL;2024;07/2024;
PR;2701130009;PR2701130009;SUCO CONCENTRADO DE MACA;SUCO;XAROPARIA;GERAL;12;24000;JUL;2024;07/2024;
PA;10090293;PA10090293;SUCO CONCENTRADO DE MACA;SUCO;XAROPARIA;GERAL;11,5;48300;JUL;2024;07/2024;
MS;2701140004;MS2701140004;LATA AL 473ML BAMBOA PILSEN;LATA;BAMBOA;GERAL;0,51;9522,7199999999993;JUN;2024;06/2024;
MS;2701140018;MS2701140018;LATA AL 350ML MOEMA;LATA;MOEMA;GERAL;0,38;0;JUN;2024;06/2024;
MS;2701140017;MS2701140017;LATA 473ML FURIOSO TROPICAL;LATA;FURIOSO;GERAL;0,51;9522,7199999999993;JUN;2024;06/2024;
MS;2701140019;MS2701140019;LATA AL 473ML MOEMA;LATA;MOEMA;GERAL;0,51;152363,51999999999;JUN;2024;06/2024;
MS;2701190004;MS2701190004;XAROPE DE HIGH MALTOSE 25KG (BREWGILL);CERVEJARIA;OUTROS;GERAL;2,78;83400;JUL;2024;07/2024;
MS;2701190004;MS2701190004;XAROPE DE HIGH MALTOSE 25KG (BREWGILL);CERVEJARIA;OUTROS;GERAL;2,78;83400;JUL;2024;07/2024;
MS;2701190004;MS2701190004;XAROPE DE HIGH MALTOSE 25KG (BREWGILL);CERVEJARIA;OUTROS;GERAL;2,78;83400;AGO;2024;08/2024;
MS;2701190004;MS2701190004;XAROPE DE HIGH MALTOSE 25KG (BREWGILL);CERVEJARIA;OUTROS;GERAL;2,78;83400;AGO;2024;08/2024;
MS;2701190001;MS2701190001;MALTE PILSEN BAG 1000 - BARLEY;CERVEJARIA;MALTE;GERAL;3,29;110675,6;JUL;2024;07/2024;
MS;2701190001;MS2701190001;MALTE PILSEN BAG 1000 - BARLEY;CERVEJARIA;MALTE;GERAL;3,29;110675,6;JUL;2024;07/2024;
MS;2701190001;MS2701190001;MALTE PILSEN BAG 1000 - BARLEY;CERVEJARIA;MALTE;GERAL;3,29;110675,6;JUL;2024;07/2024;
MS;2701190001;MS2701190001;MALTE PILSEN BAG 1000 - BARLEY;CERVEJARIA;MALTE;GERAL;3,29;110675,6;JUL;2024;07/2024;
MS;2701190001;MS2701190001;MALTE PILSEN BAG 1000 - BARLEY;CERVEJARIA;MALTE;GERAL;3,29;110675,6;JUL;2024;07/2024;
MS;2701150001;MS2701150001;VASILHAME GINGUALA 970ML;VASILHAME;NORMAL;GERAL;1,57;61895,68;JUL;2024;07/2024;
MS;2701150001;MS2701150001;VASILHAME GINGUALA 970ML;VASILHAME;NORMAL;GERAL;1,57;61895,68;JUL;2024;07/2024;
MS;2701150001;MS2701150001;VASILHAME GINGUALA 970ML;VASILHAME;NORMAL;GERAL;1,57;61895,68;JUL;2024;07/2024;
PR;2701100002;PR2701100002;BENZOATO DE SODIO;ACID.E CONSERV.;REF/ENER/NOCH/TON;GERAL;12,1;17847,5;JUL;2024;07/2024;
MS;3002020010;MS3002020010;TERRA CELITE DIATOMITA 2500/535;TERRA;CERVEJARIA;GERAL;8,8;31160,800000000003;JUL;2024;07/2024;
MS;3002020009;MS3002020009;TERRA CELITE DIATOMITA SPEEDFLOW/STANDARD (VERMELHO);TERRA;CERVEJARIA;GERAL;8,8;15581,28;JUL;2024;07/2024;
MS;3002020010;MS3002020010;TERRA CELITE DIATOMITA 2500/535;TERRA;CERVEJARIA;GERAL;8,8;54534,48000000001;AGO;2024;08/2024;
MS;3002020009;MS3002020009;TERRA CELITE DIATOMITA SPEEDFLOW/STANDARD (VERMELHO);TERRA;CERVEJARIA;GERAL;8,8;23371,920000000002;AGO;2024;08/2024;
MS;DAT1;MSDAT1;SOLVENTE LINX 1512 ;NÃO PRODUTIVO;DATADORA;GERAL;0;0;JUL;2024;07/2024;
SP;CIP2;SPCIP2;CLORO GRANULADO;NÃO PRODUTIVO;CIP;GERAL;0;0;JUL;2024;07/2024;
SP;CIP3;SPCIP3;GTECH 8338;NÃO PRODUTIVO;CIP;GERAL;0;0;JUL;2024;07/2024;
MS;FILT1;MSFILT1;FILTRO 1MIC. (LATA E VIDRO);NÃO PRODUTIVO;FILTRAGEM;GERAL;0;0;JUL;2024;07/2024;
PR;CIP4;PRCIP4;GTECH 8338;NÃO PRODUTIVO;CIP;GERAL;0;0;JUL;2024;07/2024;
MS;2701010174;MS2701010174;ROTULO TUBAINA 600ML;ROTULO;PAPEL;GERAL;0,0258;2580;AGO;2024;08/2024;
MS;2701010171;MS2701010171;ROTULO GUARANA 600ML;ROTULO;PAPEL;GERAL;0,0258;5160;AGO;2024;08/2024;
PR;2701020055;PR2701020055;PREFORMA 18G CRISTAL;PREFORMA;FURIOSO 250ML;GERAL;0,25664;271800,23807999998;AGO;2024;08/2024;
MS;CIP1;MSCIP1;LUBMAX PL PK (SABÃO DE ESTEIRA PET, LATA E VIDRO);NÃO PRODUTIVO;CIP;GERAL;0;0;JUL;2024;07/2024;
MS;2701070006;MS2701070006;ACESSULFAME DE POTASSIO;EDULCORANTE;XAROPARIA;GERAL;28,53;1426,5;AGO;2024;08/2024;
PR;2701070006;PR2701070006;ACESSULFAME DE POTASSIO;EDULCORANTE;XAROPARIA;GERAL;28,53;9985,5;AGO;2024;08/2024;
MS;2701090004;MS2701090004;ACIDO TARTARICO ;ACID.E CONSERV.;NOCH/TON/BEL;MCASSAB;35,5;7987,5;AGO;2024;08/2024;
PR;2801090003;PR2801090003;ACIDO TARTARICO;ACID.E CONSERV.;NOCH/TON/BEL;MCASSAB;35,5;2662,5;AGO;2024;08/2024;
PR;2701050037;PR2701050037;AROMA IDENTICO AO NATURAL FRAMBOESA 77587 SAPORITI;AROMA;REFRIGERANTE;GERAL;62;9300;AGO;2024;08/2024;
MS;2701050010;MS2701050010;AROMA DE LARANJA IDENTICO AO NATURAL;AROMA;REFRIGERANTE;GERAL;75,22;1353,96;AGO;2024;08/2024;
PR;2701050010;PR2701050010;AROMA DE LARANJA IDENTICO AO NATURAL;AROMA;REFRIGERANTE;GERAL;75,22;676,98;AGO;2024;08/2024;
MS;2701130007;MS2701130007;AROMA EXTRATO GUARANA REFRIKO 28;AROMA;REFRIGERANTE;GERAL;32,8;39622,399999999994;AGO;2024;08/2024;
PR;2701130007;PR2701130007;AROMA EXTRATO GUARANA REFRIKO 28;AROMA;REFRIGERANTE;GERAL;32,8;26403,999999999996;AGO;2024;08/2024;
MS;2701050008;MS2701050008;AROMA FRUTAS TROPICAIS;AROMA;ENERGÉTICO;GERAL;149,57;44871;AGO;2024;08/2024;
PR;2801050006;PR2801050006;AROMA FRUTAS TROPICAIS;AROMA;ENERGÉTICO; BAMBOA -;149,57;29914;SET;2024;09/2024;
MS;2701050017;MS2701050017;AROMA IDENTICO AO NATURAL MELANCIA;AROMA;ENERGÉTICO;GERAL;37,17;20443,5;AGO;2024;08/2024;
PR;2801050021;PR2801050021;AROMA IDENTICO AO NATURAL MELANCIA;AROMA;ENERGÉTICO;GERAL;37,17;9292,5;AGO;2024;08/2024;
MS;2701050011;MS2701050011;AROMA LIMAO REFRIKO 41;AROMA;REFRIGERANTE;GERAL;48;9600;AGO;2024;08/2024;
PR;2701050011;PR2701050011;AROMA LIMAO REFRIKO 41;AROMA;REFRIGERANTE;GERAL;48;12000;AGO;2024;08/2024;
MS;2701050013;MS2701050013;AROMA MAÇA VERDE COD;AROMA;ENERGÉTICO;GERAL;46,45;11612,5;AGO;2024;08/2024;
PR;2801050015;PR2801050015;AROMA MAÇA VERDE COD;AROMA;ENERGÉTICO;GERAL;46,45;3483,75;AGO;2024;08/2024;
MS;2701050019;MS2701050019;AROMA MELAO ;AROMA;ENERGÉTICO;GERAL;58,97;47176;AGO;2024;08/2024;
PR;2801050021;PR2801050021;AROMA IDENTICO AO NATURAL MELANCIA;AROMA;ENERGÉTICO;GERAL;37,17;7434;AGO;2024;08/2024;
MS;2701050005;MS2701050005;AROMA NATURAL DE BAUNILHA;AROMA;DELIRIO;GERAL;55;3025;JUL;2024;07/2024;
PR;2701050001;PR2701050001;AROMA NATURAL MOUTHFEEL FASV259 ADM;AROMA;REFRIGERANTE;GERAL;165,4;82700;AGO;2024;08/2024;
MS;2701050028;MS2701050028;AROMA NATURAL PARA VODKA ;AROMA;VODKA;GERAL;25,88;10352;AGO;2024;08/2024;
MS;2701050027;MS2701050027;AROMA UVA REFRIKO 84;AROMA;REFRIGERANTE;GERAL;28;11200;AGO;2024;08/2024;
PR;2701050027;PR2701050027;AROMA UVA REFRIKO 84;AROMA;REFRIGERANTE;GERAL;28;16800;AGO;2024;08/2024;
MS;2701070005;MS2701070005;ASPARTAME;EDULCORANTE;XAROPARIA;QUANTIQ;61,26;3063;SET;2024;09/2024;
PR;2701070005;PR2701070005;ASPARTAME;EDULCORANTE;XAROPARIA;GERAL;61,26;3063;SET;2024;09/2024;
MS;2701100002;MS2701100002;BENZOATO DE SODIO;ACID.E CONSERV.;REF/ENER/NOCH/TON;GERAL;12,1;18150;AGO;2024;08/2024;
PR;2701100002;PR2701100002;BENZOATO DE SODIO;ACID.E CONSERV.;REF/ENER/NOCH/TON;GERAL;12,1;24200;AGO;2024;08/2024;
MS;2701070004;MS2701070004;CICLAMATO DE SÓDIO ;EDULCORANTE;XAROPARIA;GERAL;14,18;2836;AGO;2024;08/2024;
PR;2701070004;PR2701070004;CICLAMATO DE SÓDIO ;EDULCORANTE;XAROPARIA;GERAL;14,18;2836;AGO;2024;08/2024;
MS;2701210003;MS2701210003;CLEAR MAX PVPP;CERVEJARIA;OUTROS;GERAL;138,35;96845;AGO;2024;08/2024;
MS;2701250001;MS2701250001;CLORETO DE CALCIO - IBC;CERVEJARIA;OUTROS;GERAL;4,07;3256;AGO;2024;08/2024;
MS;2701050022;MS2701050022;CONCENTRADO DE GUARANA IAB 7205;AROMA;REFRIGERANTE;GERAL;25,87;90545;AGO;2024;08/2024;
PR;2701050022;PR2701050022;CONCENTRADO DE GUARANA IAB 7205;AROMA;REFRIGERANTE;INTERAMERICA;27,17;108680;SET;2024;09/2024;
PR;2701060010;PR2701060010;CORANTE AMARANTO;CORANTE;REFRIGERANTE;GERAL;85,5;427,5;AGO;2024;08/2024;
MS;2701060009;MS2701060009;CORANTE AMARELO SUNSET;CORANTE;XAROPARIA;GERAL;45,62;456,2;AGO;2024;08/2024;
MS;2701060007;MS2701060007;CORANTE CARAMELO CLASE IV DPC;CORANTE;REFRIGERANTE;GERAL;7,5;2250;AGO;2024;08/2024;
PR;2701060007;PR2701060007;CORANTE CARAMELO CLASE IV DPC;CORANTE;REFRIGERANTE;GERAL;7,5;2250;AGO;2024;08/2024;
MS;2701060006;MS2701060006;CORANTE CARAMELO CERVEJA;CERVEJARIA;OUTROS;GERAL;6,04;1812;AGO;2024;08/2024;
MS;2701060003;MS2701060003;CORANTE TARTRAZINA;CORANTE;ENERGÉTICO;GERAL;49;245;AGO;2024;08/2024;
PR;2701060003;PR2701060003;CORANTE TARTRAZINA;CORANTE;ENERGÉTICO;GERAL;49;245;AGO;2024;08/2024;
MS;2701060002;MS2701060002;CORANTE VERMELHO 3167;CORANTE;REFRIGERANTE;GERAL;18,9;5670;AGO;2024;08/2024;
PR;2701060002;PR2701060002;CORANTE VERMELHO 3167;CORANTE;REFRIGERANTE;GERAL;18,9;1889,9999999999998;AGO;2024;08/2024;
MS;2701160012;MS2701160012;CX 12X300ML - TUBAINA;CAIXA;TUBAINA;GERAL;1,69;33800;AGO;2024;08/2024;
MS;2701160011;MS2701160011;CX ONE WAY BAMBOA 12X330ML;CAIXA;CERVEJA;CARTONAGEM;1,84;55200;SET;2024;09/2024;
MS;2701050020;MS2701050020;EMULSÃO COLA E-0388 ADM (NOVO);EMULSAO;XAROPARIA;GERAL;384,51;96127,5;AGO;2024;08/2024;
PR;2701050020;PR2701050020;EMULSÃO COLA E-0388 ADM (NOVO) (usar no 500 ml);EMULSAO;XAROPARIA;GERAL;384,51;76902;AGO;2024;08/2024;
MS;2701050018;MS2701050018;EMULSAO LARANJA REFRIKO 98;EMULSAO;XAROPARIA;GERAL;32,8;26239,999999999996;AGO;2024;08/2024;
PR;2701050018;PR2701050018;EMULSAO LARANJA REFRIKO 98;EMULSAO;XAROPARIA;GERAL;32,8;13119,999999999998;AGO;2024;08/2024;
MS;2701040001;MS2701040001;FILME TERMO ENCOLHIVEL 420 X 0,05;FILME;JUJ/TERN;GERAL;21;21000;AGO;2024;08/2024;
PR;2701040004;PR2701040004;FILME TERMO ENCOLHIVEL 600 MM X 0,04 ;FILME;REFRI;GERAL;14,1;21150;AGO;2024;08/2024;
PR;2701040006;PR2701040006;FILME TERMO ENCOLHIVEL 860/5 MM;FILME;JUJ/TERN;GERAL;23,575;70725;AGO;2024;08/2024;
PR;2701040007;PR2701040007;FILME TERMO ENCOLHIVEL 860/0,06 MM;FILME;REFR/ENERG.;GERAL;23,575;117875;AGO;2024;08/2024;
MS;2701150001;MS2701150001;VASILHAME GINGUALA 970ML;VASILHAME;NORMAL;GERAL;1,57;61895,68;AGO;2024;08/2024;
MS;2701150001;MS2701150001;VASILHAME GINGUALA 970ML;VASILHAME;NORMAL;GERAL;1,57;61895,68;AGO;2024;08/2024;
MS;2701150001;MS2701150001;VASILHAME GINGUALA 970ML;VASILHAME;NORMAL;GERAL;1,57;61895,68;AGO;2024;08/2024;
MS;2701150001;MS2701150001;VASILHAME GINGUALA 970ML;VASILHAME;NORMAL;GERAL;1,57;61895,68;AGO;2024;08/2024;
MS;2701150001;MS2701150001;VASILHAME GINGUALA 970ML;VASILHAME;NORMAL;GERAL;1,57;61895,68;AGO;2024;08/2024;
PR;2701070003;PR2701070003;NEOTAME;EDULCORANTE;XAROPARIA;GERAL;194,3;3886;AGO;2024;08/2024;
PR;2801130002;PR2801130002;POLPA DE AÇAI DESIDRATA SOL.;AROMA;ENERGÉTICO;GERAL;51,4;5140;AGO;2024;08/2024;
MS;2701120001;MS2701120001;PREMIX ENERG EMULVIT 8942;CONCENT./KITs;C.ENERGETICO;GERAL;18,05;72200;AGO;2024;08/2024;
PR;2801120002;PR2801120002;PREMIX ENERG EMULVIT 8942;CONCENT./KITs;C.ENERGETICO;GERAL;18,05;18050;AGO;2024;08/2024;
PR;2701050023;PR2701050023;PREP ACIDO COLA ;CONCENT./KITs;KIT COLA;GERAL;25;7500;AGO;2024;08/2024;
MS;2701050023;MS2701050023;PREP ACIDO COLA ;CONCENT./KITs;KIT COLA;GERAL;25;2500;AGO;2024;08/2024;
MS;2701010116;MS2701010116;ROTULO ADESIVO TUBAINA 300ML;ROTULO;ADESIVO;GERAL;0,03998;7996;AGO;2024;08/2024;
MS;2701010119;MS2701010119;ROTULO BAMBOA TRADICIONAL VODKA;ROTULO;ADESIVO;GERAL;0,077;15400;AGO;2024;08/2024;
MS;2701010191;MS2701010191;ROTULO FURIOSO 2L;ROTULO;SLEEVE;GERAL;0,2062;103100;AGO;2024;08/2024;
PR;2801010097;PR2801010097;ROTULO FURIOSO MELANCIA E MORANGO 250ML;ROTULO;SLEEVE;GERAL;0,050377;201,50799999999998;AGO;2024;08/2024;
MS;2701010187;MS2701010187;ROTULO FURIOSO MELANCIA E MORANGO 2L;ROTULO;SLEEVE;GERAL;0,2062;20620;AGO;2024;08/2024;
PR;2801010095;PR2801010095;ROTULO FURIOSO MELAO 250ML;ROTULO;SLEEVE;GERAL;0,050377;201,50799999999998;AGO;2024;08/2024;
MS;2701010184;MS2701010184;ROTULO FURIOSO MELAO 2L;ROTULO;SLEEVE;GERAL;0,2062;51550;AGO;2024;08/2024;
PR;2801010101;PR2801010101;ROTULO FURIOSO TROPICAL 250ML;ROTULO;SLEEVE;GERAL;0,050377;15113,099999999999;AGO;2024;08/2024;
MS;2701010193;MS2701010193;ROTULO FURIOSO TROPICAL 2L;ROTULO;SLEEVE;GERAL;0,2062;41240;AGO;2024;08/2024;
MS;2701040025;MS2701040025;SHRINK LISO - 380X0,05 DESCONTINUAR;FILME;PET 500;GERAL;10,35;10350;AGO;2024;08/2024;
MS;2701040015;MS2701040015;SHRINK LISO - 380X0,06 ;FILME;VIDRO;GERAL;21;21000;AGO;2024;08/2024;
MS;2701040002;MS2701040002;FILME TERMO ENCOLHIVEL 420 X 0,06;FILME;REFR/ENERG.;GERAL;23,5;47000;SET;2024;09/2024;
MS;2701040012;MS2701040012;SHRINK MOEMA 269ML - 350X60X3;FILME;MOEMA;GERAL;14,5;14500;AGO;2024;08/2024;
MS;2701040011;MS2701040011;SHRINK MOEMA 350ML - 390X60X3;FILME;MOEMA;GERAL;31,51;189060;AGO;2024;08/2024;
MS;2701040010;MS2701040010;SHRINK MOEMA 473ML - 400X0,06;FILME;MOEMA;GERAL;14,5;29000;AGO;2024;08/2024;
MS;2701100001;MS2701100001;SORBATO DE POTASSIO 25KG;ACID.E CONSERV.;REF/ENER/ROM/DEL;KATEC;15,72;4716;SET;2024;09/2024;
PR;2701100001;PR2701100001;SORBATO DE POTASSIO 25KG;ACID.E CONSERV.;REF/ENER/ROM/DEL;GERAL;15,72;4716;AGO;2024;08/2024;
MS;2701070001;MS2701070001;SUCRALOSE;EDULCORANTE;XAROPARIA;GERAL;84,3;16860;AGO;2024;08/2024;
PR;2701070001;PR2701070001;SUCRALOSE;EDULCORANTE;XAROPARIA;GERAL;88;35200;AGO;2024;08/2024;
MS;2701130009;MS2701130009;SUCO CONCENTRADO DE MACA;SUCO;XAROPARIA;GERAL;12;8400;AGO;2024;08/2024;
PR;2701130009;PR2701130009;SUCO CONCENTRADO DE MACA;SUCO;XAROPARIA;GERAL;12;18000;AGO;2024;08/2024;
MS;2701030037;MS2701030037;TAMPA AMARELA LISA;TAMPA;PET;GERAL;0,049;24696;AGO;2024;08/2024;
PR;2701030037;PR2701030037;TAMPA AMARELA LISA;TAMPA;PET;GERAL;0,04445;280035;AGO;2024;08/2024;
MS;2701030041;MS2701030041;TAMPA AZUL BAMBOA (VODKA BAMBOA);TAMPA;VIDRO NAC;GERAL;0,3;45000;AGO;2024;08/2024;
MS;2701030043;MS2701030043;TAMPA LARANJA REFRIKO;TAMPA;PET;GERAL;0,049;24696;AGO;2024;08/2024;
MS;2701030044;MS2701030044;TAMPA LILAS LISA;TAMPA;PET;GERAL;0,049;5556,6;AGO;2024;08/2024;
MS;2701030032;MS2701030032;TAMPA METALICA LISA;TAMPA;VIDRO NAC;ARO EXP;0,0495;19800;SET;2024;09/2024;
MS;2701030035;MS2701030035;TAMPA METALICA PRETA LISA;TAMPA;VIDRO NAC;ARO EXP;0,049;9800;SET;2024;09/2024;
MS;2701030049;MS2701030049;TAMPA VERDE REFRIKO;TAMPA;PET;GERAL;0,049;6174;AGO;2024;08/2024;
PR;2701030049;PR2701030049;TAMPA VERDE REFRIKO;TAMPA;PET;GERAL;0,04445;89611,200000000012;AGO;2024;08/2024;
PR;2701030050;PR2701030050;TAMPA VERMELHA LISA;TAMPA;PET;GERAL;0,04445;28003,500000000004;AGO;2024;08/2024;
PR;3002020009;PR3002020009;TERRA CELITE DIATOMITA SPEEDFLOW/STANDARD (VERMELHO);TERRA;XAROPARIA;GERAL;8,8;799,04000000000008;AGO;2024;08/2024;
PR;3002020011;PR3002020011;TERRA DIATOMITA 341/HYFLOW (AZUL);TERRA;XAROPARIA;GERAL;8,8;6987,2000000000007;AGO;2024;08/2024;
MS;2701150003;MS2701150003;VASILHAME NOVO 330ML;VASILHAME;LONGNECK;GERAL;0,88;84022,399999999994;AGO;2024;08/2024;
MS;2701150003;MS2701150003;VASILHAME NOVO 330ML;VASILHAME;LONGNECK;GERAL;0,88;84022,399999999994;AGO;2024;08/2024;
PR;2701020051;PR2701020051;PREFORMA PET 200 ML CRISTAL 12 g ;PREFORMA;REFRIKO 200ML;GERAL;0,197948;151073,9136;AGO;2024;08/2024;
PR;2701020097;PR2701020097;PREFORMA PET 200 ML VERDE 12 g ;PREFORMA;REFRIKO 200ML;GERAL;0,197948;513635,47040000005;AGO;2024;08/2024;
MS;2701020090;MS2701020090;PREFORMA 18G CRISTAL 500 ML - DESCONTINUAR;PREFORMA;REFRIKO 500ML;GERAL;0,25664;69502,218239999987;AGO;2024;08/2024;
MS;2701020115;MS2701020115;PREFORMA 18 A 20G VERDE 500 ML - DESCONTINUAR;PREFORMA;REFRIKO 500ML;GERAL;0,204;101993,47199999999;AGO;2024;08/2024;
PR;2701020055;PR2701020055;PREFORMA 18G CRISTAL;PREFORMA;FURIOSO 250ML;GERAL;0,25664;279043,64543999999;AGO;2024;08/2024;
PR;2701020059;PR2701020059;PREFORMA 41G CRISTAL;PREFORMA;REFRIKO 2L;GERAL;0,5212;258681,984;AGO;2024;08/2024;
PR;2701020102;PR2701020102;PREFORMA 41G VERDE;PREFORMA;REFRIKO 2L;GERAL;0,5212;931255,66359999997;AGO;2024;08/2024;
MS;2701020059;MS2701020059;PREFORMA 41 G CRISTAL;PREFORMA;REFRIKO 2L;GERAL;0,5553;225496,22400000002;SET;2024;09/2024;
MS;2701020081;MS2701020081;PREFORMA 54,4GR CRISTAL SHORT;PREFORMA;REFRIKO 3L;GERAL;0,55922;22279,324800000002;AGO;2024;08/2024;
MS;2701020109;MS2701020109;PREFORMA 54,4GR VERDE SHORT;PREFORMA;REFRIKO 3L;GERAL;0,55922;44558,649600000004;AGO;2024;08/2024;
MS;2701020075;MS2701020075;PREFORMA PET 46,7GR CRISTAL;PREFORMA;FURIOSO 2L;GERAL;0,594;431386,56;AGO;2024;08/2024;
PR;2701020075;PR2701020075;PREFORMA PET 46,7GR CRISTAL ;PREFORMA;FURIOSO 2L;GERAL;0,687488;58738,974719999998;AGO;2024;08/2024;
SP;2801020042;SP2801020042;PREFORMA 15G CRISTAL;PREFORMA;PET 500 PA;GERAL;0,22133;323495,92800000001;SET;2024;09/2024;
SP;2801020041;SP2801020041;PREFORMA 18G CRISTAL 500 ML;PREFORMA;PET 500 PA;GERAL;0,25664;486515,52767999994;SET;2024;09/2024;
PR;2701090002;PR2701090002;ACIDO CITRICO;ACID.E CONSERV.;REF/ENER/ROM/DEL;GERAL;8,95;268500;SET;2024;09/2024;
PR;2801050007;PR2801050007;CONCENTRADO B. ENERGETICA AÇAI;AROMA;KIT ENERGÉTICO;WILD AMAZON;2237,879;19062,001703577513;SET;2024;09/2024;
MS;2701050040;MS2701050040;CONCENTRADO BEBIDAS ENERGETICA;AROMA;KIT ENERGÉTICO;WILD AMAZON;2076,886;289259,88857938722;SET;2024;09/2024;
PR;2801050003;PR2801050003;CONCENTRADO BEBIDAS ENERGETICA;AROMA;KIT ENERGÉTICO;WILD AMAZON;2044,7664;676367,71587743738;SET;2024;09/2024;
PA;10090273;PA10090273;ACESSULFAME DE POTASSIO;EDULCORANTE;XAROPARIA;GERAL;34,9;3490;AGO;2024;08/2024;
PA;10100024;PA10100024;CICLAMATO DE SÓDIO ;EDULCORANTE;XAROPARIA;QUANTIQ;19,87;11922;SET;2024;09/2024;
PA;10090071;PA10090071;SUCRALOSE;EDULCORANTE;XAROPARIA;GERAL;114,06;34218;AGO;2024;08/2024;
PA;10090294;PA10090294;CORANTE CARAMELO CLASE IV DPC;CORANTE;REFRIGERANTE;SAPORITI ;4,8;2400;SET;2024;09/2024;
PA;10020009;PA10020009;AROMA UVA REFRIKO 84;AROMA;REFRIGERANTE;SAPORITI;23,5;16450;SET;2024;09/2024;
PA;10090017;PA10090017;EMULSAO LARANJA REFRIKO 98;EMULSAO;XAROPARIA;SAPORITI;36;25200;AGO;2024;08/2024;
PA;10090291;PA10090291;EXTRATO DE GUARANA 200% DUAS RODAS;AROMA;REFRIGERANTE;GERAL;47,87;23935;AGO;2024;08/2024;
PA;11070012;PA11070012;PREFORMA 46,0G CRISTAL OU 45,7 G;PREFORMA;PET 2L PA;GERAL;0,49;103463,5;SET;2024;09/2024;
PA;11070032;PA11070032;PREFORMA 48GR CRISTAL OU 50,7 G;PREFORMA;PET 2,5L PA;GERAL;0,498;124938,24000000001;SET;2024;09/2024;
PA;11070033;PA11070033;PREFORMA 48GR VERDE OU 50,7 G;PREFORMA;PET 2,5L PA;GERAL;0,498;156172,79999999999;AGO;2024;08/2024;
PA;11070041;PA11070041;PREFORMA PET 200 ML CRISTAL 12 G;PREFORMA;PET 200 PA;GERAL;0,159;33977,663999999997;SET;2024;09/2024;
PA;11070048;PA11070048;PREFORMA PET 200 ML VERDE 12 G;PREFORMA;PET 200 PA;GERAL;0,159;43685,567999999999;SET;2024;09/2024;
PA;10100003;PA10100003;ACIDO CITRICO;ACID.E CONSERV.;REF/ENER/ROM/DEL;INDEMIL;10,1;101000;SET;2024;09/2024;
PR;2701010158;PR2701010158;ROTULO REFRISHOW LARANJA S/ SUCO 2L;ROTULO;BOPP;GERAL;0,0355;10649,999999999998;AGO;2024;08/2024;
MS;2701240004;MS2701240004;CHAPA SEM IMPRESSAO 1000X1200 (NOVA);SEPARADOR DE CAMADAS;CHAPA;GERAL;1,25;51250;AGO;2024;08/2024;
MS;2701140018;MS2701140018;LATA AL 350ML MOEMA;LATA;MOEMA;GERAL;0,38;419069,7;JUL;2024;07/2024;
MS;2701140023;MS2701140023;LATA AL 350ML TUBAINA;LATA;REFRIKO;GERAL;0,38;37250,639999999999;JUL;2024;07/2024;
MS;2701140019;MS2701140019;LATA AL 473ML MOEMA;LATA;MOEMA;GERAL;0,51;0;JUL;2024;07/2024;
MS;2701140006;MS2701140006;LATA AL BELA ROMA / 473ML ;LATA;BELLA ROMA;GERAL;0,51;73007,520000000004;JUL;2024;07/2024;
MS;2701140018;MS2701140018;LATA AL 350ML MOEMA;LATA;MOEMA;GERAL;0,38;527717,4;JUL;2024;07/2024;
MS;2701140018;MS2701140018;LATA AL 350ML MOEMA;LATA;MOEMA;GERAL;0,38;890911,14;JUL;2024;07/2024;
MS;2701140006;MS2701140006;LATA AL BELA ROMA / 473ML ;LATA;BELLA ROMA;GERAL;0,51;41265,120000000003;JUL;2024;07/2024;
MS;2701140026;MS2701140026;LATA AL 473ML FURIOSO;LATA;FURIOSO;GERAL;0,51;50787,840000000004;JUL;2024;07/2024;
MS;DAT6;MSDAT6;ADITIVO PARA LIMPEZA VIDEO JET V901Q;NÃO PRODUTIVO;DATADORA;GERAL;0;0;AGO;2024;08/2024;
MS;CIP8;MSCIP8;SODA ESCAMA ;NÃO PRODUTIVO;CIP;GERAL;0;0;JUL;2024;07/2024;
MS;CIP8;MSCIP8;SODA ESCAMA ;NÃO PRODUTIVO;CIP;GERAL;0;0;AGO;2024;08/2024;
MS;DAT8;MSDAT8;TINTA VIDEO JET V572;NÃO PRODUTIVO;DATADORA;GERAL;0;0;MAI;2024;05/2024;
PR;DAT1;PRDAT1;SOLVENTE LINX 1512 ;NÃO PRODUTIVO;DATADORA;GERAL;0;0;JUL;2024;07/2024;
MS;CIP3;MSCIP3;B - 160 (CIP ENCHEDORA PET);NÃO PRODUTIVO;CIP;GERAL;0;0;JUL;2024;07/2024;
MS;DAT4;MSDAT4;SOLVENTE VIDEO JET V705;NÃO PRODUTIVO;DATADORA;GERAL;0;0;AGO;2024;08/2024;
MS;DAT7;MSDAT7;SOLVENTE VIDEO JET V852;NÃO PRODUTIVO;DATADORA;GERAL;0;0;AGO;2024;08/2024;
PA;12038501;PA12038501;DETERGENTE ALCALINO CLORADO DIVOSANT TC 86 DIVERSEY;NÃO PRODUTIVO;CIP;GERAL;0;0;JUL;2024;07/2024;
PA;12038500;PA12038500;DETERGENTE DIVERFOAM DG;NÃO PRODUTIVO;CIP;GERAL;0;0;JUL;2024;07/2024;
PA;12038514;PA12038514;ACIDO PERACETICO DIVOSAN FORT;NÃO PRODUTIVO;CIP;GERAL;0;0;JUL;2024;07/2024;
PA;12084719;PA12084719;REMOVEDOR DE COLA PRO D-LIMONENO;NÃO PRODUTIVO;CIP;GERAL;0;0;AGO;2024;08/2024;
MS;2701130006;MS2701130006;EXTRATO DE GUARANA 200% DUAS RODAS;AROMA;ENERG./DELÍR.;GERAL;49,93;5092,8599999999997;AGO;2024;08/2024;
PR;2701130006;PR2701130006;EXTRATO DE GUARANA 200% DUAS RODAS;AROMA;ENERG./DELÍR.;GERAL;49,93;10185,719999999999;AGO;2024;08/2024;
MS;FILT2;MSFILT2;FILTRO 5MIC;NÃO PRODUTIVO;CIP;GERAL;0;0;AGO;2024;08/2024;
MS;2701140029;MS2701140029;TAMPA - LATA 350/269/473ML - B64;TAMPA;LATA;GERAL;0,24;700800;JUL;2024;07/2024;
MS;2701140029;MS2701140029;TAMPA - LATA 350/269/473ML - B64;TAMPA;LATA;GERAL;0,24;700800;JUL;2024;07/2024;
MS;2701140029;MS2701140029;TAMPA - LATA 350/269/473ML - B64;TAMPA;LATA;GERAL;0,24;350400;AGO;2024;08/2024;
PA;12039992;PA12039992;SOLUÇÃO DILUENTE MC2BK 124 (DATADORA);NÃO PRODUTIVO;DATADORA;GERAL;0;0;AGO;2024;08/2024;
MS;DAT8;MSDAT8;TINTA VIDEO JET V572;NÃO PRODUTIVO;DATADORA;GERAL;0;0;JUL;2024;07/2024;
PA;12084658;PA12084658;SOLUÇÃO DE LIMPEZA 1000Q (DATADORA);NÃO PRODUTIVO;DATADORA;GERAL;0;0;JUL;2024;07/2024;
MS;2701040009;MS2701040009;FILME STRETCH POLIETILENO 500X0023;FILME;STRETCH;GERAL;22,85;114250;AGO;2024;08/2024;
PR;CIP2;PRCIP2;MULT ORGANIC;NÃO PRODUTIVO;CIP;GERAL;0;0;JUL;2024;07/2024;
PR;DAT4;PRDAT4;SOLVENTE DOMINO (UND);NÃO PRODUTIVO;DATADORA;GERAL;0;0;JUL;2024;07/2024;
MS;CIP2;MSCIP2;SABÃO DE ESTEIRA (GTECH 8338) SILICONE;NÃO PRODUTIVO;CIP;GERAL;0;0;AGO;2024;08/2024;
PA;10010001;PA10010001;ACUCAR CRISTAL;AÇUCAR;XAROPARIA;GERAL;2,27792;455584;AGO;2024;08/2024;
MS;2701010133;MS2701010133;ROTULO REFRIKO COLA 3L;ROTULO;BOPP;GERAL;0,038896;1979,0284799999999;SET;2024;09/2024;
MS;2701010152;MS2701010152;ROTULO REFRIKO TUBAINA 500ML;ROTULO;BOPP;GERAL;0,0128;6400;SET;2024;09/2024;
MS;2701010163;MS2701010163;ROTULO TUBA JUJUBA 2L;ROTULO;BOPP;GERAL;0,0355;10649,999999999998;SET;2024;09/2024;
MS;2701010161;MS2701010161;ROTULO TERNURA TUBAINA 2L;ROTULO;BOPP;GERAL;0,0355;7099,9999999999991;SET;2024;09/2024;
MS;2701010151;MS2701010151;ROTULO TUBAINA 3L;ROTULO;BOPP;GERAL;0,038896;3889,6;SET;2024;09/2024;
MS;2701010144;MS2701010144;ROTULO REFRIKO LARANJA DQI1% 2L;ROTULO;BOPP;GERAL;0,0355;3549,9999999999995;SET;2024;09/2024;
MS;2701010155;MS2701010155;ROTULO REFRIKO UVA DQI1% 2L;ROTULO;BOPP;GERAL;0,0355;7099,9999999999991;SET;2024;09/2024;
PR;2701010156;PR2701010156;ROTULO BOPP REFRISHOW GUARANA 2 L;ROTULO;BOPP;ELLOFLEX;0,0355;17750;SET;2024;09/2024;
PR;2701010135;PR2701010135;ROTULO FRAMBOESA REDUZIDO 2L (exclusivo SJP);ROTULO;BOPP;GERAL;0,0355;7099,9999999999991;SET;2024;09/2024;
PR;2701010138;PR2701010138;ROTULO GUARANA 2L;ROTULO;BOPP;ELLOFLEX;0,0355;10649,999999999998;SET;2024;09/2024;
PR;2701010163;PR2701010163;ROTULO TUBA JUJUBA 2L;ROTULO;BOPP;ELLOFLEX;0,0355;14199,999999999998;SET;2024;09/2024;
PR;2701010144;PR2701010144;ROTULO REFRIKO LARANJA DQI1% 2L;ROTULO;BOPP;GERAL;0,0355;14199,999999999998;SET;2024;09/2024;
PR;2701010155;PR2701010155;ROTULO REFRIKO UVA DQI1% 2L;ROTULO;BOPP;GERAL;0,0355;10649,999999999998;SET;2024;09/2024;
PR;2701010147;PR2701010147;ROTULO REFRIKO LIMÃO DQI1% 2L;ROTULO;BOPP;GERAL;0,0355;7099,9999999999991;SET;2024;09/2024;
SP;2801010068;SP2801010068;ROTULO BOPP AGUA S/ GAS HIDRATAR 500ML                   ;ROTULO;BOPP;GERAL;0,01056;21120;SET;2024;09/2024;
PA;11080242;PA11080242;RÓTULO MICOS COLA 200ML;ROTULO;BOPP-PA;ELLOFLEX;0,0059;2950;SET;2024;09/2024;
PA;11080246;PA11080246;RÓTULO MICOS GUARANÁ 200ML;ROTULO;BOPP-PA;ELLOFLEX;0,0059;2950;SET;2024;09/2024;
PA;11080283;PA11080283;RÓTULO MICOS COLA 2,5L REDUZIDO;ROTULO;BOPP-PA;ELLOFLEX;0,03395;16975;SET;2024;09/2024;
PA;11080285;PA11080285;RÓTULO MICOS GUARANA 2,5L REDUZIDO;ROTULO;BOPP-PA;ELLOFLEX;0,03395;16975;SET;2024;09/2024;
PA;11080249;PA11080249;RÓTULO MICOS LARANJA 2,5L;ROTULO;BOPP-PA;ELLOFLEX;0,03395;16975;SET;2024;09/2024;
PA;11080275;PA11080275;RÓTULO MICOS UVA 2,5L 1%;ROTULO;BOPP-PA;ELLOFLEX;0,03395;10185;SET;2024;09/2024;
MS;DAT2;MSDAT2;TINTA LINX 1240;NÃO PRODUTIVO;DATADORA;GERAL;0;0;AGO;2024;08/2024;
MS;CIP10;MSCIP10;AMERSITE 2 (LUGAR ITENS DA CURITA);NÃO PRODUTIVO;CIP;GERAL;0;0;AGO;2024;08/2024;
MS;CIP4;MSCIP4;MASTER FOAM (LIMPEZA EXTERNA ENCHEDORAS);NÃO PRODUTIVO;CIP;GERAL;0;0;AGO;2024;08/2024;
MS;DAT1;MSDAT1;SOLVENTE LINX 1512 ;NÃO PRODUTIVO;DATADORA;GERAL;0;0;AGO;2024;08/2024;
MS;CIP3;MSCIP3;B - 160 (CIP ENCHEDORA PET);NÃO PRODUTIVO;CIP;GERAL;0;0;AGO;2024;08/2024;
MS;DAT1;MSDAT1;SOLVENTE LINX 1512 ;NÃO PRODUTIVO;DATADORA;GERAL;0;0;AGO;2024;08/2024;
MS;DAT3;MSDAT3;ADITIVO PARA LIMPEZA LINX 1512;NÃO PRODUTIVO;DATADORA;GERAL;0;0;AGO;2024;08/2024;
MS;DAT6;MSDAT6;ADITIVO PARA LIMPEZA VIDEO JET V901Q;NÃO PRODUTIVO;DATADORA;GERAL;0;0;AGO;2024;08/2024;
PR;CIP4;PRCIP4;GTECH 8338;NÃO PRODUTIVO;CIP;GERAL;0;0;AGO;2024;08/2024;
PR;CIP3;PRCIP3;MULT ALCLOR;NÃO PRODUTIVO;CIP;GERAL;0;0;AGO;2024;08/2024;
PR;CIP2;PRCIP2;MULT ORGANIC;NÃO PRODUTIVO;CIP;GERAL;0;0;AGO;2024;08/2024;
PA;12038500;PA12038500;DETERGENTE DIVERFOAM DG;NÃO PRODUTIVO;CIP;GERAL;0;0;JUL;2024;07/2024;
PR;2701040007;PR2701040007;FILME TERMO ENCOLHIVEL 860/0,06 MM;FILME;REFR/ENERG.;GERAL;23,575;70725;AGO;2024;08/2024;
MS;2901140013;MS2901140013;LATA CHOPP DO MARQUES 473ML;LATA;MARQUES;GERAL;0,51;73007,520000000004;AGO;2024;08/2024;
PA;12038514;PA12038514;ACIDO PERACETICO DIVOSAN FORT;NÃO PRODUTIVO;CIP;GERAL;0;0;SET;2024;09/2024;
PA;12038500;PA12038500;DETERGENTE DIVERFOAM DG;NÃO PRODUTIVO;CIP;GERAL;0;0;SET;2024;09/2024;
MS;2701190004;MS2701190004;XAROPE DE HIGH MALTOSE 25KG (BREWGILL);CERVEJARIA;OUTROS;GERAL;2,78;83400;AGO;2024;08/2024;
MS;2701190004;MS2701190004;XAROPE DE HIGH MALTOSE 25KG (BREWGILL);CERVEJARIA;OUTROS;GERAL;2,78;83400;AGO;2024;08/2024;
MS;2701190001;MS2701190001;MALTE PILSEN BAG 1000 - BARLEY;CERVEJARIA;MALTE;GERAL;3,29;110675,6;AGO;2024;08/2024;
MS;2701190001;MS2701190001;MALTE PILSEN BAG 1000 - BARLEY;CERVEJARIA;MALTE;GERAL;3,29;110675,6;AGO;2024;08/2024;
MS;2701190001;MS2701190001;MALTE PILSEN BAG 1000 - BARLEY;CERVEJARIA;MALTE;GERAL;3,29;110675,6;AGO;2024;08/2024;
MS;2701190001;MS2701190001;MALTE PILSEN BAG 1000 - BARLEY;CERVEJARIA;MALTE;GERAL;3,29;110675,6;AGO;2024;08/2024;
MS;2701080001;MS2701080001;ACUCAR CRISTAL;AÇUCAR;XAROPARIA;GERAL;1,84;105984;AGO;2024;08/2024;
MS;2701080001;MS2701080001;ACUCAR CRISTAL;AÇUCAR;XAROPARIA;GERAL;1,84;158976;AGO;2024;08/2024;
MS;2701080001;MS2701080001;ACUCAR CRISTAL;AÇUCAR;XAROPARIA;GERAL;1,84;105984;AGO;2024;08/2024;
MS;2701080001;MS2701080001;ACUCAR CRISTAL;AÇUCAR;XAROPARIA;GERAL;1,84;105984;AGO;2024;08/2024;
PR;2701080001;PR2701080001;ACUCAR CRISTAL;AÇUCAR;XAROPARIA;GERAL;1,84;114816;AGO;2024;08/2024;
PR;2701080001;PR2701080001;ACUCAR CRISTAL;AÇUCAR;XAROPARIA;GERAL;1,84;172224;AGO;2024;08/2024;
PR;2701080001;PR2701080001;ACUCAR CRISTAL;AÇUCAR;XAROPARIA;GERAL;1,84;172224;AGO;2024;08/2024;
PR;2701080001;PR2701080001;ACUCAR CRISTAL;AÇUCAR;XAROPARIA;GERAL;1,84;114816;AGO;2024;08/2024;
MS;2701150006;MS2701150006;VASILHAME AMBAR 300ML - LITRINHO;VASILHAME;NORMAL;GERAL;0,74;75213,600000000006;AGO;2024;08/2024;
SP;2801020042;SP2801020042;PREFORMA 15G CRISTAL;PREFORMA;PET 500 PA;GERAL;0,22133;447794,85599999997;SET;2024;09/2024;
PA;11040793;PA11040793;FILME TERMO - 480X0,06;FILME;REFRI;METAFILM;10,35;51750;SET;2024;09/2024;
PA;11040007;PA11040007;FILME TERMO ENCOLHIVEL 420 X 0,06;FILME;REFR/ENERG.;METAFILM;10,35;15525;SET;2024;09/2024;
PA;11070046;PA11070046;PREFORMA 18 ou 20,6G CRISTAL;PREFORMA;PET 500 PA;GERAL;0,236;59132,159999999996;SET;2024;09/2024;
PA;11070012;PA11070012;PREFORMA 46,0G CRISTAL OU 45,7 G;PREFORMA;PET 2L PA;AMCOR;0,49;74493,72;SET;2024;09/2024;
PA;11070032;PA11070032;PREFORMA 48GR CRISTAL OU 50,7 G;PREFORMA;PET 2,5L PA;GERAL;0,498;446208;SET;2024;09/2024;
PA;11070033;PA11070033;PREFORMA 48GR VERDE OU 50,7 G;PREFORMA;PET 2,5L PA;GERAL;0,498;116014,08;SET;2024;09/2024;
PA;11090001;PA11090001;TAMPA LARANJA REFRIKO;TAMPA;PET;RAVIBRA;0,04667;21169,512000000002;SET;2024;09/2024;
PA;11090034;PA11090034;TAMPA LILAS LISA;TAMPA;PET;RAVIBRA;0,04667;21169,512000000002;SET;2024;09/2024;
PA;11090031;PA11090031;TAMPA VERMELHA LISA;TAMPA;PET;RAVIBRA;0,04667;56452,032000000007;SET;2024;09/2024;
PA;10010001;PA10010001;ACUCAR CRISTAL;AÇUCAR;XAROPARIA;GERAL;2,27792;569480;SET;2024;09/2024;
PA;10090091;PA10090091;CONCENTRADO PARA REFRIGERANTE GUARANÁ AF 210 ;AROMA;REFRIGERANTE;AMAZON ;48,66769912;74948,256637168146;SET;2024;09/2024;
PA;10020009;PA10020009;AROMA UVA REFRIKO 84;AROMA;REFRIGERANTE;SAPORITI;23,5;35250;SET;2024;09/2024;
PA;10090292;PA10090292;CORANTE AMARANTO;CORANTE;REFRIGERANTE;SAPORITI;67,99;6798,9999999999991;SET;2024;09/2024;
PA;10090032;PA10090032;SACARINA SÓDICA;EDULCORANTE;XAROPARIA;GERAL;38,4;3840;SET;2024;09/2024;
PA;10090295;PA10090295;CONCENTRADO COLA IAB 7729 (NOVO);CONCENT./KITs;KIT COLA;INTERAMERICA;22,39;44780;OUT;2024;10/2024;
PA;11080283;PA11080283;RÓTULO MICOS COLA 2,5L REDUZIDO;ROTULO;BOPP-PA;GERAL;0,03395;16975;OUT;2024;10/2024;
PA;11080247;PA11080247;ROTULO MICOS GUARANA 2L;ROTULO;BOPP-PA;GERAL;0,04163;12489;OUT;2024;10/2024;
PA;11080279;PA11080279;RÓTULO MICOS LARANJA 200ML 1%;ROTULO;BOPP-PA;GERAL;0,0059;1770;OUT;2024;10/2024;
MS;2701100002;MS2701100002;BENZOATO DE SODIO;ACID.E CONSERV.;REF/ENER/NOCH/TON;BBCA;12,1;24200;SET;2024;09/2024;
PR;2701100002;PR2701100002;BENZOATO DE SODIO;ACID.E CONSERV.;REF/ENER/NOCH/TON;GERAL;12,1;48400;SET;2024;09/2024;
MS;2701090006;MS2701090006;CITRATO DE SODIO;ACID.E CONSERV.;ENERG/DELIRIO;BBCA;8,28;20700;SET;2024;09/2024;
PR;2801090005;PR2801090005;CITRATO DE SODIO;ACID.E CONSERV.;ENERG/DELIRIO;BBCA;8,28;3311,9999999999995;SET;2024;09/2024;
MS;2701100001;MS2701100001;SORBATO DE POTASSIO 25KG;ACID.E CONSERV.;REF/ENER/ROM/DEL;DISPROQUIMA;15,72;11004;SET;2024;09/2024;
PR;2701100001;PR2701100001;SORBATO DE POTASSIO 25KG;ACID.E CONSERV.;REF/ENER/ROM/DEL;GERAL;15,72;11004;SET;2024;09/2024;
PR;2701050037;PR2701050037;AROMA IDENTICO AO NATURAL FRAMBOESA 77587 SAPORITI;AROMA;REFRIGERANTE;GERAL;62;7440;SET;2024;09/2024;
PR;2701130007;PR2701130007;AROMA EXTRATO GUARANA REFRIKO 28;AROMA;REFRIGERANTE;GERAL;32,8;65600;SET;2024;09/2024;
MS;2701050008;MS2701050008;AROMA FRUTAS TROPICAIS;AROMA;ENERGÉTICO;MONARCH;149,57;104699;SET;2024;09/2024;
PR;2801050019;PR2801050019;AROMA IDENTICO AO NATURAL MARACUJA;AROMA;NOCH DEMAIS;DUAS RODAS;54,21;3252,6;SET;2024;09/2024;
MS;2701050017;MS2701050017;AROMA IDENTICO AO NATURAL MELANCIA;AROMA;ENERGÉTICO;DUAS RODAS;37,17;16726,5;SET;2024;09/2024;
MS;2701050021;MS2701050021;AROMA IDENTICO AO NATURAL MORANGO;AROMA;ENERGÉTICO;DUAS RODAS;75,88;22764;SET;2024;09/2024;
PR;2801050025;PR2801050025;AROMA IDENTICO AO NATURAL MORANGO;AROMA;ENERGÉTICO;DUAS RODAS;75,88;7588;SET;2024;09/2024;
MS;2701050013;MS2701050013;AROMA MAÇA VERDE COD;AROMA;ENERGÉTICO;DUAS RODAS;46,45;16257,500000000002;SET;2024;09/2024;
MS;2701050019;MS2701050019;AROMA MELAO ;AROMA;ENERGÉTICO;DUAS RODAS;58,97;47176;SET;2024;09/2024;
PR;2701050001;PR2701050001;AROMA NATURAL MOUTHFEEL FASV259 ADM;AROMA;REFRIGERANTE;ADM;165,4;49620;SET;2024;09/2024;
MS;2701050028;MS2701050028;AROMA NATURAL PARA VODKA ;AROMA;VODKA;DUAS RODAS;25,88;5176;SET;2024;09/2024;
PR;2701050027;PR2701050027;AROMA UVA REFRIKO 84;AROMA;REFRIGERANTE;GERAL;28;16800;SET;2024;09/2024;
MS;2701050022;MS2701050022;CONCENTRADO DE GUARANA IAB 7205;AROMA;REFRIGERANTE;GERAL;25,87;77610;SET;2024;09/2024;
PR;2701050022;PR2701050022;CONCENTRADO DE GUARANA IAB 7205;AROMA;REFRIGERANTE;INTERAMERICA;27,17;190190;SET;2024;09/2024;
MS;2701090003;MS2701090003;ACIDO LACTICO - IBC;CERVEJARIA;OUTROS;KATEC;10,41;10410;SET;2024;09/2024;
MS;2701250001;MS2701250001;CLORETO DE CALCIO - IBC;CERVEJARIA;OUTROS;BELA VISTA;4,07;1628;SET;2024;09/2024;
MS;2701210004;MS2701210004;ENZIMA ULTRA FLOW;CERVEJARIA;OUTROS;PROZYN;76,36;3818;SET;2024;09/2024;
MS;2701200002;MS2701200002;LUPULO LSKE;CERVEJARIA;LUPULO;LNF LATINO;1017,47;10225,5735;SET;2024;09/2024;
MS;2701210002;MS2701210002;SILICA HP 9000;CERVEJARIA;OUTROS;GRACE;36,01;54015;SET;2024;09/2024;
MS;2701120001;MS2701120001;PREMIX ENERG EMULVIT 8942;CONCENT./KITs;C.ENERGETICO;QUANTIQ;18,05;117325;SET;2024;09/2024;
PR;2801120002;PR2801120002;PREMIX ENERG EMULVIT 8942;CONCENT./KITs;C.ENERGETICO;QUANTIQ;18,05;18050;SET;2024;09/2024;
PR;2701050023;PR2701050023;PREP ACIDO COLA ;CONCENT./KITs;KIT COLA;MONARCH;25;7500;SET;2024;09/2024;
MS;2701050023;MS2701050023;PREP ACIDO COLA ;CONCENT./KITs;KIT COLA;MONARCH;25;5000;SET;2024;09/2024;
MS;2701060007;MS2701060007;CORANTE CARAMELO CLASE IV DPC;CORANTE;REFRIGERANTE;SAPORITI;7,5;1500;SET;2024;09/2024;
PR;2701060007;PR2701060007;CORANTE CARAMELO CLASE IV DPC;CORANTE;REFRIGERANTE;GERAL;7,5;3750;SET;2024;09/2024;
MS;2701060001;MS2701060001;CORANTE PONCEAU ;CORANTE;ENERGÉTICO;SAPORITI;67;670;SET;2024;09/2024;
PR;2701060001;PR2701060001;CORANTE PONCEAU ;CORANTE;ENERGÉTICO;GERAL;67;335;SET;2024;09/2024;
MS;2701060003;MS2701060003;CORANTE TARTRAZINA;CORANTE;ENERGÉTICO;SAPORITI;49;490;SET;2024;09/2024;
MS;2701060002;MS2701060002;CORANTE VERMELHO 3167;CORANTE;REFRIGERANTE;SAPORITI;18,9;1889,9999999999998;SET;2024;09/2024;
PR;2701060002;PR2701060002;CORANTE VERMELHO 3167;CORANTE;REFRIGERANTE;GERAL;18,9;6614,9999999999991;SET;2024;09/2024;
MS;2701070006;MS2701070006;ACESSULFAME DE POTASSIO;EDULCORANTE;XAROPARIA;QUANTIQ;28,53;3566,25;SET;2024;09/2024;
PR;2701070006;PR2701070006;ACESSULFAME DE POTASSIO;EDULCORANTE;XAROPARIA;QUANTIQ ;28,53;5706;SET;2024;09/2024;
MS;2701070004;MS2701070004;CICLAMATO DE SÓDIO ;EDULCORANTE;XAROPARIA;QUANTIQ;14,18;2127;SET;2024;09/2024;
PR;2701070004;PR2701070004;CICLAMATO DE SÓDIO ;EDULCORANTE;XAROPARIA;QUANTIQ;14,18;7799;SET;2024;09/2024;
PR;2701070003;PR2701070003;NEOTAME;EDULCORANTE;XAROPARIA;GERAL;194,3;3886;SET;2024;09/2024;
MS;2701070002;MS2701070002;SACARINA SÓDICA;EDULCORANTE;XAROPARIA;QUANTIQ;29,65;2965;SET;2024;09/2024;
PR;2701070002;PR2701070002;SACARINA SÓDICA;EDULCORANTE;XAROPARIA;QUANTIQ ;29,65;5930;SET;2024;09/2024;
MS;2701070001;MS2701070001;SUCRALOSE;EDULCORANTE;XAROPARIA;LR LOGISTICS;84,3;16860;SET;2024;09/2024;
PR;2701070001;PR2701070001;SUCRALOSE;EDULCORANTE;XAROPARIA;GERAL;88;26400;SET;2024;09/2024;
MS;2701050020;MS2701050020;EMULSÃO COLA E-0388 ADM (NOVO);EMULSAO;XAROPARIA;MONARCH;384,51;134578,5;SET;2024;09/2024;
PR;2701050020;PR2701050020;EMULSÃO COLA E-0388 ADM (NOVO) (usar no 500 ml);EMULSAO;XAROPARIA;GERAL;384,51;105740,25;SET;2024;09/2024;
MS;2701050018;MS2701050018;EMULSAO LARANJA REFRIKO 98;EMULSAO;XAROPARIA;SAPORITI;32,8;13119,999999999998;SET;2024;09/2024;
PR;2701050018;PR2701050018;EMULSAO LARANJA REFRIKO 98;EMULSAO;XAROPARIA;GERAL;32,8;36080;SET;2024;09/2024;
MS;2701040009;MS2701040009;FILME STRETCH POLIETILENO 500X0023;FILME;STRETCH;PACKSEVEN;22,85;114250;SET;2024;09/2024;
PR;2701040009;PR2701040009;FILME STRETCH POLIETILENO 500X0023;FILME;STRETCH;GERAL;20;100000;SET;2024;09/2024;
MS;2701040001;MS2701040001;FILME TERMO ENCOLHIVEL 420 X 0,05;FILME;JUJ/TERN;PACKSEVEN;21;63000;SET;2024;09/2024;
PR;2701040004;PR2701040004;FILME TERMO ENCOLHIVEL 600 MM X 0,04 ;FILME;REFRI;GERAL;14,1;49350;SET;2024;09/2024;
PR;2701040005;PR2701040005;FILME TERMO ENCOLHIVEL 660 MM X 0,04;FILME;ENERGÉTICO;GERAL;23,5;105750;SET;2024;09/2024;
PR;2701040006;PR2701040006;FILME TERMO ENCOLHIVEL 860/5 MM;FILME;JUJ/TERN;GERAL;23,575;94300;SET;2024;09/2024;
PR;2701040007;PR2701040007;FILME TERMO ENCOLHIVEL 860/0,06 MM;FILME;REFR/ENERG.;PACKSEVEN;23,575;117875;SET;2024;09/2024;
MS;2701040015;MS2701040015;SHRINK LISO - 380X0,06 ;FILME;VIDRO;PACKSEVEN;21;42000;SET;2024;09/2024;
MS;2701040002;MS2701040002;FILME TERMO ENCOLHIVEL 420 X 0,06;FILME;REFR/ENERG.;PACKSEVEN;23,5;94000;SET;2024;09/2024;
MS;2701040011;MS2701040011;SHRINK MOEMA 350ML - 390X60X3;FILME;MOEMA;PACKSEVEN;31,51;220570;SET;2024;09/2024;
MS;2701260003;MS2701260003;LACRE BARRIL MOEMA;LACRE;CHOPP;INDALFA;0,365;730;SET;2024;09/2024;
PR;2801010088;PR2801010088;ROTULO AGUA TONICA MALDIVES 250 ML;ROTULO;SLEEVE;ALL4LABELL;0,05071;10142;SET;2024;09/2024;
PR;2801010089;PR2801010089;ROTULO BOMBADÃO 2L;ROTULO;SLEEVE;ALL4LABELL;0,212856;21285,599999999999;SET;2024;09/2024;
MS;2701010189;MS2701010189;ROTULO FURIOSO 1L;ROTULO;SLEEVE;ALL4LABELL;0,2;20000;SET;2024;09/2024;
PR;2801010099;PR2801010099;ROTULO FURIOSO 250ML;ROTULO;SLEEVE;GERAL;0,050377;100754;SET;2024;09/2024;
MS;2701010191;MS2701010191;ROTULO FURIOSO 2L;ROTULO;SLEEVE;ALL4LABELL;0,2062;20620;SET;2024;09/2024;
PR;2801010100;PR2801010100;ROTULO FURIOSO 2L;ROTULO;SLEEVE;GERAL;0,2062;82480;SET;2024;09/2024;
MS;2701010187;MS2701010187;ROTULO FURIOSO MELANCIA E MORANGO 2L;ROTULO;SLEEVE;ALL4LABELL;0,2062;41240;SET;2024;09/2024;
MS;2701010184;MS2701010184;ROTULO FURIOSO MELAO 2L;ROTULO;SLEEVE;ALL4LABELL;0,2062;41240;SET;2024;09/2024;
MS;2701010193;MS2701010193;ROTULO FURIOSO TROPICAL 2L;ROTULO;SLEEVE;ALL4LABELL;0,2062;41240;SET;2024;09/2024;
PR;2701130009;PR2701130009;SUCO CONCENTRADO DE MACA;SUCO;XAROPARIA;GERAL;12;24000;SET;2024;09/2024;
PR;2701130001;PR2701130001;SUCO CONCENTRADO LARANJA;SUCO;XAROPARIA;GERAL;12;4800;AGO;2024;08/2024;
MS;2701130002;MS2701130002;SUCO CONCENTRADO LIMÃO;SUCO;XAROPARIA;INTERSUCOS;16,5;1237,5;SET;2024;09/2024;
PR;2701130002;PR2701130002;SUCO CONCENTRADO LIMÃO;SUCO;XAROPARIA;GERAL;16,5;4125;SET;2024;09/2024;
PR;2701020051;PR2701020051;PREFORMA PET 200 ML CRISTAL 12 g ;PREFORMA;REFRIKO 200ML;ENGEPACK;0,197948;310870,207872;SET;2024;09/2024;
PR;2701020097;PR2701020097;PREFORMA PET 200 ML VERDE 12 g ;PREFORMA;REFRIKO 200ML;ENGEPACK;0,197948;0;SET;2024;09/2024;
PR;2701020055;PR2701020055;PREFORMA 18G CRISTAL;PREFORMA;FURIOSO 250ML;GERAL;0,25664;834026,61887999997;SET;2024;09/2024;
PR;2701020059;PR2701020059;PREFORMA 41G CRISTAL;PREFORMA;REFRIKO 2L;ENGEPACK;0,5212;376264,70399999997;SET;2024;09/2024;
PR;2701020102;PR2701020102;PREFORMA 41G VERDE;PREFORMA;REFRIKO 2L;ENGEPACK;0,5212;1199343,7439999999;SET;2024;09/2024;
MS;2701020059;MS2701020059;PREFORMA 41 G CRISTAL;PREFORMA;REFRIKO 2L;ENGEPACK;0,5553;120264,6528;SET;2024;09/2024;
MS;2701020075;MS2701020075;PREFORMA PET 46,7GR CRISTAL;PREFORMA;FURIOSO 2L;GERAL;0,594;710519,03999999992;SET;2024;09/2024;
PR;2701020075;PR2701020075;PREFORMA PET 46,7GR CRISTAL ;PREFORMA;FURIOSO 2L;ENGEPACK;0,687488;223208,103936;SET;2024;09/2024;
MS;2701030037;MS2701030037;TAMPA AMARELA LISA;TAMPA;PET;OXFORD;0,049;66679,199999999997;SET;2024;09/2024;
PR;2701030037;PR2701030037;TAMPA AMARELA LISA;TAMPA;PET;OXFORD;0,04445;201625,2;SET;2024;09/2024;
PR;2801030013;PR2801030013;TAMPA AZUL LISA;TAMPA;PET;OPS ;0,043333;13103,899200000002;SET;2024;09/2024;
PR;2801030015;PR2801030015;TAMPA DOURADA LISA;TAMPA;PET;GERAL;0,043333;13103,899200000002;SET;2024;09/2024;
MS;2701030043;MS2701030043;TAMPA LARANJA REFRIKO;TAMPA;PET;OXFORD;0,049;7408,8;SET;2024;09/2024;
PR;2701030043;PR2701030043;TAMPA LARANJA REFRIKO;TAMPA;PET;OPS ;0,04445;53766,720000000001;SET;2024;09/2024;
MS;2701030044;MS2701030044;TAMPA LILAS LISA;TAMPA;PET;OXFORD;0,049;7408,8;SET;2024;09/2024;
PR;2701030044;PR2701030044;TAMPA LILAS LISA;TAMPA;PET;OXFORD;0,04445;33604,200000000004;SET;2024;09/2024;
PR;2701030048;PR2701030048;TAMPA ROSA MAGENTA REFRIKO;TAMPA;PET;OXFORD;0,04445;13441,68;SET;2024;09/2024;
SP;2801030014;SP2801030014;TAMPA PLASTICA AZUL OMNI                             ;TAMPA;PET;OPS ;0,043333;91727,294400000013;SET;2024;09/2024;
MS;2701030049;MS2701030049;TAMPA VERDE REFRIKO;TAMPA;PET;OXFORD;0,049;14817,6;SET;2024;09/2024;
PR;2701030049;PR2701030049;TAMPA VERDE REFRIKO;TAMPA;PET;OPS ;0,04445;100812,6;SET;2024;09/2024;
MS;2701030050;MS2701030050;TAMPA VERMELHA LISA;TAMPA;PET;OXFORD;0,049;7408,8;SET;2024;09/2024;
PR;2701030050;PR2701030050;TAMPA VERMELHA LISA;TAMPA;PET;OXFORD;0,04445;40325,040000000001;SET;2024;09/2024;
MS;3002020007;MS3002020007;CARVÃO ATIVADO;TERRA;XAROPARIA;GUARAMEX;12,5;3750;SET;2024;09/2024;
MS;3002020010;MS3002020010;TERRA CELITE DIATOMITA 2500/535;TERRA;CERVEJARIA;VENETO;8,8;38940;SET;2024;09/2024;
MS;3002020009;MS3002020009;TERRA CELITE DIATOMITA SPEEDFLOW/STANDARD (VERMELHO);TERRA;CERVEJARIA;VENETO;8,8;15576,000000000002;SET;2024;09/2024;
MS;2701150001;MS2701150001;VASILHAME GINGUALA 970ML;VASILHAME;NORMAL;GERAL;1,57;309478,40000000002;SET;2024;09/2024;
MS;2701150006;MS2701150006;VASILHAME AMBAR 300ML - LITRINHO;VASILHAME;NORMAL;VERALLIA;0,74;75213,600000000006;SET;2024;09/2024;
MS;2701010119;MS2701010119;ROTULO BAMBOA TRADICIONAL VODKA;ROTULO;ADESIVO;ALL4LABELL;0,077;38500;OUT;2024;10/2024;
PR;2701050011;PR2701050011;AROMA LIMAO REFRIKO 41;AROMA;REFRIGERANTE;GERAL;48;12000;OUT;2024;10/2024;
MS;2701050040;MS2701050040;CONCENTRADO BEBIDAS ENERGETICA;AROMA;KIT ENERGÉTICO;WILD AMAZON;2076,886;289259,88857938722;OUT;2024;10/2024;
PR;2801050003;PR2801050003;CONCENTRADO BEBIDAS ENERGETICA;AROMA;KIT ENERGÉTICO;WILD AMAZON;2044,7664;284786,40668523678;OUT;2024;10/2024;
PR;2701010156;PR2701010156;ROTULO BOPP REFRISHOW GUARANA 2 L;ROTULO;BOPP;C-MAB;0,0355;17750;OUT;2024;10/2024;
MS;2701010138;MS2701010138;ROTULO GUARANA 2L;ROTULO;BOPP;ELLO;0,0355;10649,999999999998;OUT;2024;10/2024;
PR;2701010138;PR2701010138;ROTULO GUARANA 2L;ROTULO;BOPP;MABFLE;0,0355;14199,999999999998;OUT;2024;10/2024;
MS;2701010140;MS2701010140;ROTULO GUARANA 500ML;ROTULO;BOPP;MABFLE;0,0128;6400;OUT;2024;10/2024;
PR;2701010141;PR2701010141;ROTULO GUARANA 200 ML ZERO ;ROTULO;BOPP;ELLO;0,008;12000;OUT;2024;10/2024;
PR;2701010132;PR2701010132;ROTULO REFRIKO COLA 2L;ROTULO;BOPP;MABFLE;0,0355;7099,9999999999991;OUT;2024;10/2024;
MS;2701010132;MS2701010132;ROTULO REFRIKO COLA 2L;ROTULO;BOPP;GERAL;0,0355;7099,9999999999991;OUT;2024;10/2024;
MS;2701010163;MS2701010163;ROTULO TUBA JUJUBA 2L;ROTULO;BOPP;MABFLE;0,0355;7099,9999999999991;OUT;2024;10/2024;
PR;2701010163;PR2701010163;ROTULO TUBA JUJUBA 2L;ROTULO;BOPP;ELLO;0,0355;24849,999999999996;OUT;2024;10/2024;
PR;2701010150;PR2701010150;ROTULO TUBAINA 2L;ROTULO;BOPP;C-MAB;0,0355;14199,999999999998;OUT;2024;10/2024;
MS;2701010161;MS2701010161;ROTULO TERNURA TUBAINA 2L;ROTULO;BOPP;ELLO;0,0355;3549,9999999999995;OUT;2024;10/2024;
MS;2701010145;MS2701010145;ROTULO REFRIKO LARANJA DQI1% 500 ML;ROTULO;BOPP;C-MAB;0,0128;1280;OUT;2024;10/2024;
PR;2701010143;PR2701010143;ROTULO REFRIKO LARANJA DQI1% 200 ML ;ROTULO;BOPP;Janela;0,008;2400;OUT;2024;10/2024;
MS;2701240004;MS2701240004;CHAPA SEM IMPRESSAO 1000X1200 (NOVA);SEPARADOR DE CAMADAS;CHAPA;GERAL;1,25;51250;OUT;2024;10/2024;
PR;DAT1;PRDAT1;SOLVENTE LINX 1512 ;NÃO PRODUTIVO;DATADORA;GERAL;0;0;AGO;2024;08/2024;
PR;DAT2;PRDAT2;TINTA LINX 1240;NÃO PRODUTIVO;DATADORA;LeituraAvançada;0;0;AGO;2024;08/2024;
PR;FILT2;PRFILT2;FILTRO 10MIC (C- MIC 2020491 - 10µ (BIG);NÃO PRODUTIVO;FILTRAGEM;GERAL;0;0;SET;2024;09/2024;
SP;CIP3;SPCIP3;GTECH 8338;NÃO PRODUTIVO;CIP;GERAL;0;0;SET;2024;09/2024;
MS;2701140029;MS2701140029;TAMPA - LATA 350/269/473ML - B64;TAMPA;LATA;GERAL;0,24;700800;SET;2024;09/2024;
MS;2701140029;MS2701140029;TAMPA - LATA 350/269/473ML - B64;TAMPA;LATA;GERAL;0,24;700800;SET;2024;09/2024;
MS;2701140029;MS2701140029;TAMPA - LATA 350/269/473ML - B64;TAMPA;LATA;GERAL;0,24;700800;SET;2024;09/2024;
PA;12039992;PA12039992;SOLUÇÃO DILUENTE MC2BK 124 (DATADORA);NÃO PRODUTIVO;DATADORA;GERAL;0;0;SET;2024;09/2024;
PA;12039994;PA12039994;LUBRIFICANTES DE ESTEIRAS GTECH 8338;NÃO PRODUTIVO;CIP;GERAL;0;0;SET;2024;09/2024;
PR;CIP4;PRCIP4;GTECH 8338;NÃO PRODUTIVO;CIP;GERAL;0;0;SET;2024;09/2024;
MS;CIP3;MSCIP3;B - 160 (CIP ENCHEDORA PET);NÃO PRODUTIVO;CIP;GERAL;0;0;SET;2024;09/2024;
MS;2701190004;MS2701190004;XAROPE DE HIGH MALTOSE 25KG (BREWGILL);CERVEJARIA;OUTROS;TEREOS;2,78;83400;SET;2024;09/2024;
MS;2701190004;MS2701190004;XAROPE DE HIGH MALTOSE 25KG (BREWGILL);CERVEJARIA;OUTROS;TEREOS;2,78;83400;SET;2024;09/2024;
MS;2701190004;MS2701190004;XAROPE DE HIGH MALTOSE 25KG (BREWGILL);CERVEJARIA;OUTROS;TEREOS;2,78;83400;SET;2024;09/2024;
MS;2701190004;MS2701190004;XAROPE DE HIGH MALTOSE 25KG (BREWGILL);CERVEJARIA;OUTROS;TEREOS;2,78;83400;SET;2024;09/2024;
MS;2701190004;MS2701190004;XAROPE DE HIGH MALTOSE 25KG (BREWGILL);CERVEJARIA;OUTROS;TEREOS;2,78;83400;SET;2024;09/2024;
MS;2701170003;MS2701170003;VINHO DE MESA TINTO SECO GRANEL;VINHO;TANQUE;GERAL;4,2;155400;SET;2024;09/2024;
MS;2701170003;MS2701170003;VINHO DE MESA TINTO SECO GRANEL;VINHO;TANQUE;GERAL;4,2;155400;SET;2024;09/2024;
MS;2701170003;MS2701170003;VINHO DE MESA TINTO SECO GRANEL;VINHO;TANQUE;BEBIDAS GAZZI;4,2;155400;OUT;2024;10/2024;
MS;2701170003;MS2701170003;VINHO DE MESA TINTO SECO GRANEL;VINHO;TANQUE;GERAL;4,2;155400;OUT;2024;10/2024;
MS;2701040020;MS2701040020;SHRINK BAMBOA 269ML - 350X645X60 LAGER;FILME;BAMBOA;PACKSEVEN;14,5;14500;SET;2024;09/2024;
MS;2701040019;MS2701040019;SHRINK BAMBOA 350ML -360X0,06 LAGER;FILME;BAMBOA;PACKSEVEN;14,5;14500;SET;2024;09/2024;
PR;2801050038;PR2801050038;EMULSAO SABOR CITRUS;EMULSAO;XAROPARIA;DUAS RODAS;100,74;2014,8;OUT;2024;10/2024;
PR;CIP2;PRCIP2;MULT ORGANIC;NÃO PRODUTIVO;CIP;GERAL;0;0;SET;2024;09/2024;
PR;DAT1;PRDAT1;SOLVENTE LINX 1512 ;NÃO PRODUTIVO;DATADORA;GERAL;0;0;SET;2024;09/2024;
MS;CIP4;MSCIP4;MASTER FOAM (LIMPEZA EXTERNA ENCHEDORAS);NÃO PRODUTIVO;CIP;GERAL;0;0;SET;2024;09/2024;
MS;DAT1;MSDAT1;SOLVENTE LINX 1512 ;NÃO PRODUTIVO;DATADORA;GERAL;0;0;SET;2024;09/2024;
MS;DAT2;MSDAT2;TINTA LINX 1240;NÃO PRODUTIVO;DATADORA;GERAL;0;0;SET;2024;09/2024;
MS;FILT2;MSFILT2;FILTRO 5MIC;NÃO PRODUTIVO;CIP;GERAL;0;0;SET;2024;09/2024;
MS;DAT6;MSDAT6;ADITIVO PARA LIMPEZA VIDEO JET V901Q;NÃO PRODUTIVO;DATADORA;GERAL;0;0;SET;2024;09/2024;
PA;12038501;PA12038501;DETERGENTE ALCALINO CLORADO DIVOSANT TC 86 DIVERSEY;NÃO PRODUTIVO;CIP;GERAL;0;0;OUT;2024;10/2024;
MS;2701080001;MS2701080001;ACUCAR CRISTAL;AÇUCAR;XAROPARIA;GERAL;1,84;158976;SET;2024;09/2024;
MS;2701080001;MS2701080001;ACUCAR CRISTAL;AÇUCAR;XAROPARIA;GERAL;1,84;158976;SET;2024;09/2024;
MS;2701080001;MS2701080001;ACUCAR CRISTAL;AÇUCAR;XAROPARIA;GERAL;1,84;158976;SET;2024;09/2024;
MS;2701080001;MS2701080001;ACUCAR CRISTAL;AÇUCAR;XAROPARIA;GERAL;1,84;158976;SET;2024;09/2024;
PR;2701080001;PR2701080001;ACUCAR CRISTAL;AÇUCAR;XAROPARIA;GERAL;1,84;172224;SET;2024;09/2024;
PR;2701080001;PR2701080001;ACUCAR CRISTAL;AÇUCAR;XAROPARIA;GERAL;1,84;172224;SET;2024;09/2024;
PR;2701080001;PR2701080001;ACUCAR CRISTAL;AÇUCAR;XAROPARIA;GERAL;1,84;172224;SET;2024;09/2024;
PR;2701080001;PR2701080001;ACUCAR CRISTAL;AÇUCAR;XAROPARIA;GERAL;1,84;172224;SET;2024;09/2024;
MS;2701050020;MS2701050020;EMULSÃO COLA E-0388 ADM (NOVO);EMULSAO;XAROPARIA;ADM;384,51;19225,5;OUT;2024;10/2024;
PR;2701050020;PR2701050020;EMULSÃO COLA E-0388 ADM (NOVO) (usar no 500 ml);EMULSAO;XAROPARIA;MONARCH;384,51;19225,5;OUT;2024;10/2024;
PR;2801050014;PR2801050014;AROMA CLOUDING LEMON IN;AROMA;NOCH LEMON;BARENTZ;103,142;20628,399999999998;FEV;2025;02/2025;
MS;2701050017;MS2701050017;AROMA IDENTICO AO NATURAL MELANCIA;AROMA;ENERGÉTICO;DUAS RODAS;37,17;18585;OUT;2024;10/2024;
PR;2801050021;PR2801050021;AROMA IDENTICO AO NATURAL MELANCIA;AROMA;ENERGÉTICO;DUAS RODAS;37,17;1858,5;OUT;2024;10/2024;
PR;2801050021;PR2801050021;AROMA IDENTICO AO NATURAL MELANCIA;AROMA;ENERGÉTICO;DUAS RODAS;37,17;7434;OUT;2024;10/2024;
PR;2701130006;PR2701130006;EXTRATO DE GUARANA 200% DUAS RODAS;AROMA;ENERG./DELÍR.;DUAS RODAS;49,93;4993;OUT;2024;10/2024;
MS;2701090005;MS2701090005;ANTIOXIDANTE;CERVEJARIA;OUTROS;AEB;30,22;9066;OUT;2024;10/2024;
MS;2701060006;MS2701060006;CORANTE CARAMELO CERVEJA;CERVEJARIA;OUTROS;GERAL;6,04;3020;OUT;2024;10/2024;
MS;2701210004;MS2701210004;ENZIMA ULTRA FLOW;CERVEJARIA;OUTROS;GERAL;76,36;15272;OUT;2024;10/2024;
MS;2701210002;MS2701210002;SILICA HP 9000;CERVEJARIA;OUTROS;GRACE ;36,01;36010;OUT;2024;10/2024;
MS;2701120001;MS2701120001;PREMIX ENERG EMULVIT 8942;CONCENT./KITs;C.ENERGETICO;QUANTIQ;18,05;63175;OUT;2024;10/2024;
PR;2801120002;PR2801120002;PREMIX ENERG EMULVIT 8942;CONCENT./KITs;C.ENERGETICO;QUANTIQ;18,05;27075;OUT;2024;10/2024;
MS;2701060007;MS2701060007;CORANTE CARAMELO CLASE IV DPC;CORANTE;REFRIGERANTE;SAPORATI;7,5;5250;OUT;2024;10/2024;
PR;2701060007;PR2701060007;CORANTE CARAMELO CLASE IV DPC;CORANTE;REFRIGERANTE;SAPORITI ;7,5;6000;OUT;2024;10/2024;
MS;2701040009;MS2701040009;FILME STRETCH POLIETILENO 500X0023;FILME;STRETCH;PACKSEVEN;22,85;114250;OUT;2024;10/2024;
MS;2701040001;MS2701040001;FILME TERMO ENCOLHIVEL 420 X 0,05;FILME;JUJ/TERN;PACKSEVEN;21;52500;OUT;2024;10/2024;
PR;2701040004;PR2701040004;FILME TERMO ENCOLHIVEL 600 MM X 0,04 ;FILME;REFRI;PACKESEVEN;14,1;28200;OUT;2024;10/2024;
PR;2701040007;PR2701040007;FILME TERMO ENCOLHIVEL 860/0,06 MM;FILME;REFR/ENERG.;PACKESEVEN;23,575;165025;OUT;2024;10/2024;
MS;2701040025;MS2701040025;SHRINK LISO - 380X0,05 DESCONTINUAR;FILME;PET 500;PACKSEVEN;10,35;10350;OUT;2024;10/2024;
MS;2701040002;MS2701040002;FILME TERMO ENCOLHIVEL 420 X 0,06;FILME;REFR/ENERG.;PACKSEVEN;23,5;94000;OUT;2024;10/2024;
MS;2701040011;MS2701040011;SHRINK MOEMA 350ML - 390X60X3;FILME;MOEMA;ERPLASTI;31,51;315100;OUT;2024;10/2024;
PR;2701020097;PR2701020097;PREFORMA PET 200 ML VERDE 12 g ;PREFORMA;REFRIKO 200ML;GERAL;0,197948;332362,60992000002;OUT;2024;10/2024;
MS;2701020115;MS2701020115;PREFORMA 18 A 20G VERDE 500 ML - DESCONTINUAR;PREFORMA;REFRIKO 500ML;ENGEPACK;0,204;51114,239999999998;OUT;2024;10/2024;
PR;2701020059;PR2701020059;PREFORMA 41G CRISTAL;PREFORMA;REFRIKO 2L;ENGEPACK;0,5212;84659,558399999994;OUT;2024;10/2024;
MS;2701020059;MS2701020059;PREFORMA 41 G CRISTAL;PREFORMA;REFRIKO 2L;ENGEPACK;0,5553;50110,272000000004;OUT;2024;10/2024;
MS;2701020102;MS2701020102;PREFORMA 41 G VERDE;PREFORMA;REFRIKO 2L;GERAL;0,4013;579412,99199999997;OUT;2024;10/2024;
MS;2701020081;MS2701020081;PREFORMA 54,4GR CRISTAL SHORT;PREFORMA;REFRIKO 3L;ENGEPACK;0,55922;14726,499480000002;OUT;2024;10/2024;
MS;2701020109;MS2701020109;PREFORMA 54,4GR VERDE SHORT;PREFORMA;REFRIKO 3L;ENGEPACK;0,55922;49088,331600000005;OUT;2024;10/2024;
MS;2701020046;MS2701020046;PREFORMA 31,7G CRISTAL;PREFORMA;FURIOSO 1L;ENGEPACK;0,41577;9399,7281599999988;OUT;2024;10/2024;
SP;2801020032;SP2801020032;PREFORMA 31,7G CRISTAL;PREFORMA;ÁGUA 1,5L;ENGEPACK;0,41577;37598,912639999995;OUT;2024;10/2024;
MS;2701020075;MS2701020075;PREFORMA PET 46,7GR CRISTAL;PREFORMA;FURIOSO 2L;ENGEPACK;0,594;50751,360000000001;OUT;2024;10/2024;
MS;2701010115;MS2701010115;ROTULO ADESIVO BELLA ROMA;ROTULO;ADESIVO;ALL4LABELL;0,1404;28080;OUT;2024;10/2024;
MS;2701010116;MS2701010116;ROTULO ADESIVO TUBAINA 300ML;ROTULO;ADESIVO;ALL4LABELL;0,03998;7996;OUT;2024;10/2024;
PR;2801010099;PR2801010099;ROTULO FURIOSO 250ML;ROTULO;SLEEVE;ALL4LABELL;0,050377;125942,5;OUT;2024;10/2024;
MS;2701010191;MS2701010191;ROTULO FURIOSO 2L;ROTULO;SLEEVE;ALL4LABELL;0,2062;41240;OUT;2024;10/2024;
PR;2801010100;PR2801010100;ROTULO FURIOSO 2L;ROTULO;SLEEVE;ALL4LABELL;0,2062;82480;OUT;2024;10/2024;
PR;2801010093;PR2801010093;ROTULO FURIOSO AÇAI 250ML;ROTULO;SLEEVE;ALL4LABELL;0,050377;5037,7;OUT;2024;10/2024;
PR;2801010094;PR2801010094;ROTULO FURIOSO CITRUS 250 ML;ROTULO;SLEEVE;ALL4LABELL;0,050377;5037,7;OUT;2024;10/2024;
PR;2801010097;PR2801010097;ROTULO FURIOSO MELANCIA E MORANGO 250ML;ROTULO;SLEEVE;ALL4LABELL;0,050377;15113,099999999999;OUT;2024;10/2024;
PR;2801010095;PR2801010095;ROTULO FURIOSO MELAO 250ML;ROTULO;SLEEVE;ALL4LABELL;0,050377;15113,099999999999;OUT;2024;10/2024;
MS;2701010184;MS2701010184;ROTULO FURIOSO MELAO 2L;ROTULO;SLEEVE;ALL4LABELL;0,2062;41240;OUT;2024;10/2024;
MS;2701010193;MS2701010193;ROTULO FURIOSO TROPICAL 2L;ROTULO;SLEEVE;ALL4LABELL;0,2062;20620;OUT;2024;10/2024;
MS;2701030037;MS2701030037;TAMPA AMARELA LISA;TAMPA;PET;OXFORD;0,049;74088;OUT;2024;10/2024;
PR;2701030037;PR2701030037;TAMPA AMARELA LISA;TAMPA;PET;OXFORD;0,04445;268833,60000000003;OUT;2024;10/2024;
MS;2701030043;MS2701030043;TAMPA LARANJA REFRIKO;TAMPA;PET;OXFORD;0,049;22226,400000000001;OUT;2024;10/2024;
PR;2701030043;PR2701030043;TAMPA LARANJA REFRIKO;TAMPA;PET;OXFORD;0,04445;33604,200000000004;OUT;2024;10/2024;
PR;2701030044;PR2701030044;TAMPA LILAS LISA;TAMPA;PET;OXFORD;0,04445;20162,52;OUT;2024;10/2024;
MS;2701030049;MS2701030049;TAMPA VERDE REFRIKO;TAMPA;PET;OXFORD;0,049;51861,599999999999;OUT;2024;10/2024;
PR;2701030049;PR2701030049;TAMPA VERDE REFRIKO;TAMPA;PET;OXFORD;0,04445;147858,48000000001;OUT;2024;10/2024;
MS;2701030050;MS2701030050;TAMPA VERMELHA LISA;TAMPA;PET;OXFORD;0,049;29635,200000000001;OUT;2024;10/2024;
MS;2701150006;MS2701150006;VASILHAME AMBAR 300ML - LITRINHO;VASILHAME;NORMAL;VERALLIA;0,74;75213,600000000006;OUT;2024;10/2024;
MS;2701150004;MS2701150004;VASILHAME OW 600ML (BELLA ROMA);VASILHAME;NORMAL;GERAL;1,13;64070,999999999993;OUT;2024;10/2024;
MS;2701090004;MS2701090004;ACIDO TARTARICO ;ACID.E CONSERV.;NOCH/TON/BEL;MCASSAB;35,5;8875;NOV;2024;11/2024;
MS;2701100002;MS2701100002;BENZOATO DE SODIO;ACID.E CONSERV.;REF/ENER/NOCH/TON;BBCA;12,1;12100;NOV;2024;11/2024;
PR;2701100002;PR2701100002;BENZOATO DE SODIO;ACID.E CONSERV.;REF/ENER/NOCH/TON;BBCA;12,1;36300;NOV;2024;11/2024;
MS;2701090006;MS2701090006;CITRATO DE SODIO;ACID.E CONSERV.;ENERG/DELIRIO;BBCA;8,28;7451,9999999999991;NOV;2024;11/2024;
PR;2801090005;PR2801090005;CITRATO DE SODIO;ACID.E CONSERV.;ENERG/DELIRIO;BBCA;8,28;4968;NOV;2024;11/2024;
PR;2801120003;PR2801120003;PREMIX ENERG EMULVIT 8959 - BOMBADÃO SAPORITI -IND;CONCENT./KITs;C.ENERGETICO;DUAS RODAS;180;27000;NOV;2024;11/2024;
MS;2701130007;MS2701130007;AROMA EXTRATO GUARANA REFRIKO 28;AROMA;REFRIGERANTE;SAPORATI;32,8;22959,999999999996;NOV;2024;11/2024;
PR;2701130007;PR2701130007;AROMA EXTRATO GUARANA REFRIKO 28;AROMA;REFRIGERANTE;SARAPOTI;32,8;42639,999999999993;NOV;2024;11/2024;
PR;2801050004;PR2801050004;AROMA NATURA DE CITRUS RB 25395;AROMA;ENERGÉTICO;GERAL;105;5250;NOV;2024;11/2024;
MS;2701050001;MS2701050001;AROMA NATURAL MOUTHFEEL FASV259 ADM;AROMA;REFRIGERANTE;ADM;165,4;33080;NOV;2024;11/2024;
PR;2801050003;PR2801050003;CONCENTRADO BEBIDAS ENERGETICA;AROMA;KIT ENERGÉTICO;WILD AMAZON;2044,7664;14239,32033426184;NOV;2024;11/2024;
MS;2701050040;MS2701050040;CONCENTRADO BEBIDAS ENERGETICA;AROMA;KIT ENERGÉTICO;ADM;2076,886;289259,88857938722;NOV;2024;11/2024;
PR;2801050003;PR2801050003;CONCENTRADO BEBIDAS ENERGETICA;AROMA;KIT ENERGÉTICO;WILD;2044,7664;533974,51253481896;NOV;2024;11/2024;
MS;2701050022;MS2701050022;CONCENTRADO DE GUARANA IAB 7205;AROMA;REFRIGERANTE;INTERAMERICA;25,87;72436;NOV;2024;11/2024;
PR;2701050022;PR2701050022;CONCENTRADO DE GUARANA IAB 7205;AROMA;REFRIGERANTE;INTERAMERICA;27,17;163020;NOV;2024;11/2024;
MS;2701160012;MS2701160012;CX 12X300ML - TUBAINA;CAIXA;TUBAINA;CARTONAGEM;1,69;33800;NOV;2024;11/2024;
MS;2701090003;MS2701090003;ACIDO LACTICO - IBC;CERVEJARIA;OUTROS;KATEC;10,41;10410;NOV;2024;11/2024;
MS;2701250001;MS2701250001;CLORETO DE CALCIO - IBC;CERVEJARIA;OUTROS;BELA VISTA;4,07;4070,0000000000005;NOV;2024;11/2024;
PR;2701050023;PR2701050023;PREP ACIDO COLA ;CONCENT./KITs;KIT COLA;SAPORITI;25;5000;NOV;2024;11/2024;
MS;2701050023;MS2701050023;PREP ACIDO COLA ;CONCENT./KITs;KIT COLA;SAPORITI;25;5000;NOV;2024;11/2024;
MS;2701060010;MS2701060010;CORANTE AMARANTO;CORANTE;DELIRIO;SAPORATI;85,5;2565;NOV;2024;11/2024;
PR;2701060010;PR2701060010;CORANTE AMARANTO;CORANTE;REFRIGERANTE;SAPORITI;85,5;3847,5;NOV;2024;11/2024;
MS;2701060009;MS2701060009;CORANTE AMARELO SUNSET;CORANTE;XAROPARIA;SAPORATI;45,62;912,4;NOV;2024;11/2024;
PR;2701060009;PR2701060009;CORANTE AMARELO SUNSET;CORANTE;XAROPARIA;SAPORITI;45,62;912,4;NOV;2024;11/2024;
MS;2701070006;MS2701070006;ACESSULFAME DE POTASSIO;EDULCORANTE;XAROPARIA;QUANTIQ;28,53;5706;NOV;2024;11/2024;
PR;2701070006;PR2701070006;ACESSULFAME DE POTASSIO;EDULCORANTE;XAROPARIA;QUANTIQ;28,53;14265;NOV;2024;11/2024;
MS;2701070005;MS2701070005;ASPARTAME;EDULCORANTE;XAROPARIA;DAXIA;61,26;5513,4;NOV;2024;11/2024;
PR;2701070005;PR2701070005;ASPARTAME;EDULCORANTE;XAROPARIA;DAXIA;61,26;6738,5999999999995;NOV;2024;11/2024;
MS;2701070004;MS2701070004;CICLAMATO DE SÓDIO ;EDULCORANTE;XAROPARIA;QUANTIQ;14,18;2836;NOV;2024;11/2024;
PR;2701070004;PR2701070004;CICLAMATO DE SÓDIO ;EDULCORANTE;XAROPARIA;QUANTIQ;14,18;4254;NOV;2024;11/2024;
MS;2701070003;MS2701070003;NEOTAME;EDULCORANTE;XAROPARIA;DISPROQUIMA;194,3;5829;NOV;2024;11/2024;
MS;2701070001;MS2701070001;SUCRALOSE;EDULCORANTE;XAROPARIA;QUANTIQ;84,3;16860;NOV;2024;11/2024;
PR;2701070001;PR2701070001;SUCRALOSE;EDULCORANTE;XAROPARIA;QUANTIQ;88;26400;NOV;2024;11/2024;
PR;2701040005;PR2701040005;FILME TERMO ENCOLHIVEL 660 MM X 0,04;FILME;ENERGÉTICO;PACKSERVEN;23,5;47000;NOV;2024;11/2024;
PR;2701040006;PR2701040006;FILME TERMO ENCOLHIVEL 860/5 MM;FILME;JUJ/TERN;PACKESEVEN;23,575;117875;NOV;2024;11/2024;
MS;2701010052;MS2701010052;CONTRA ROTULO BAMBOA 330ML (ARTE NOVA);ROTULO;ADESIVO;ALL4LABELL;0,05611;28055;NOV;2024;11/2024;
MS;2701010052;MS2701010052;CONTRA ROTULO BAMBOA 330ML (ARTE NOVA);ROTULO;ADESIVO;ALL4LABELL;0,05611;28055;NOV;2024;11/2024;
PR;2801010101;PR2801010101;ROTULO FURIOSO TROPICAL 250ML;ROTULO;SLEEVE;GERAL;0,050377;15113,099999999999;NOV;2024;11/2024;
SP;2801010061;SP2801010061;ROTULO BOPP AGUA C/ GAS HIDRATAR 1,5L                    ;ROTULO;BOPP;INOVAFLEX;0,0199498;3989,96;NOV;2024;11/2024;
PR;2701010137;PR2701010137;ROTULO GUARANA REDUZIDO 200 ML ;ROTULO;BOPP;QUALITA;0,008;24000;NOV;2024;11/2024;
MS;2701010163;MS2701010163;ROTULO TUBA JUJUBA 2L;ROTULO;BOPP;MALFLEX;0,0355;21299,999999999996;NOV;2024;11/2024;
MS;2701010164;MS2701010164;ROTULO TUBAJUJUBA LARANJA S/SUCO 2L;ROTULO;BOPP;GERAL;0,0355;7099,9999999999991;NOV;2024;11/2024;
MS;2701010145;MS2701010145;ROTULO REFRIKO LARANJA DQI1% 500 ML;ROTULO;BOPP;ALL4LABELL;0,0128;3840;NOV;2024;11/2024;
PR;2701010143;PR2701010143;ROTULO REFRIKO LARANJA DQI1% 200 ML ;ROTULO;BOPP;QUALITA;0,008;12000;NOV;2024;11/2024;
MS;2701240004;MS2701240004;CHAPA SEM IMPRESSAO 1000X1200 (NOVA);SEPARADOR DE CAMADAS;CHAPA;CPEL;1,25;51250;NOV;2024;11/2024;
PR;2701010141;PR2701010141;ROTULO GUARANA 200 ML ZERO ;ROTULO;BOPP;GERAL;0,008;4000;NOV;2024;11/2024;
PR;2701010142;PR2701010142;ROTULO GUARANA 2 LT ZERO;ROTULO;BOPP;MABFLEX;0,0355;7099,9999999999991;NOV;2024;11/2024;
PA;10100012;PA10100012;BENZOATO DE SODIO;ACID.E CONSERV.;REF/ENER/NOCH/TON;DAXIA;10,352;20704;OUT;2024;10/2024;
PA;10100002;PA10100002;SORBATO DE POTASSIO 25KG;ACID.E CONSERV.;REF/ENER/ROM/DEL;OXYGEN;18,55;3710;OUT;2024;10/2024;
PA;10010001;PA10010001;ACUCAR CRISTAL;AÇUCAR;XAROPARIA;UNIEX;2,27792;273350,39999999997;OUT;2024;10/2024;
PA;10090017;PA10090017;EMULSAO LARANJA REFRIKO 98;EMULSAO;XAROPARIA;SAPORITI;36;57600;OUT;2024;10/2024;
PA;10020011;PA10020011;AROMA NATURAL MOUTHFEEL FASV259 ADM;AROMA;REFRIGERANTE;ADM;157,52;31504,000000000004;OUT;2024;10/2024;
PA;10020012;PA10020012;AROMA DE GUARANA 31835 ADM;AROMA;REFRIGERANTE;ADM;120,2;120200;OUT;2024;10/2024;
PA;10100024;PA10100024;CICLAMATO DE SÓDIO ;EDULCORANTE;XAROPARIA;QUANTIQ;19,87;13909;OUT;2024;10/2024;
PA;10090071;PA10090071;SUCRALOSE;EDULCORANTE;XAROPARIA;QUANTIQ;114,06;28515;OUT;2024;10/2024;
PA;12030001;PA12030001;FILME STRETCH POLIETILENO 500X0023;FILME;STRETCH;PRISMAPACK;9,8;11760;OUT;2024;10/2024;
PA;11040793;PA11040793;FILME TERMO - 480X0,06;FILME;REFRI;GERAL;10,35;51750;OUT;2024;10/2024;
PA;11040005;PA11040005;FILME TERMO ENCOLHIVEL 300 MM X 0,04;FILME;REFRI;GERAL;10,35;10350;OUT;2024;10/2024;
PA;11040007;PA11040007;FILME TERMO ENCOLHIVEL 420 X 0,06;FILME;REFR/ENERG.;NORPACK;10,35;15525;OUT;2024;10/2024;
PA;11070012;PA11070012;PREFORMA 46,0G CRISTAL OU 45,7 G;PREFORMA;PET 2L PA;GERAL;0,49;74493,72;OUT;2024;10/2024;
PA;11070013;PA11070013;PREFORMA 46,0G VERDE OU 45,7 G;PREFORMA;PET 2L PA;AMCOR;0,49;49662,479999999996;OUT;2024;10/2024;
PA;11070032;PA11070032;PREFORMA 48GR CRISTAL OU 50,7 G;PREFORMA;PET 2,5L PA;AMCOR;0,498;133862,39999999999;OUT;2024;10/2024;
PA;11070033;PA11070033;PREFORMA 48GR VERDE OU 50,7 G;PREFORMA;PET 2,5L PA;AMCOR;0,498;133862,39999999999;OUT;2024;10/2024;
PA;11070041;PA11070041;PREFORMA PET 200 ML CRISTAL 12 G;PREFORMA;PET 200 PA;CRISTALPET;0,159;48539,520000000004;OUT;2024;10/2024;
PA;11070048;PA11070048;PREFORMA PET 200 ML VERDE 12 G;PREFORMA;PET 200 PA;CRISTALPET;0,159;19415,808000000001;OUT;2024;10/2024;
PA;11090001;PA11090001;TAMPA LARANJA REFRIKO;TAMPA;PET;RAVIBRA;0,04667;14113,008000000002;OUT;2024;10/2024;
PA;11090034;PA11090034;TAMPA LILAS LISA;TAMPA;PET;RAVIBRA;0,04667;14113,008000000002;OUT;2024;10/2024;
PA;11090031;PA11090031;TAMPA VERMELHA LISA;TAMPA;PET;RAVIBRA;0,04667;70565,040000000008;OUT;2024;10/2024;
PA;10090295;PA10090295;CONCENTRADO COLA IAB 7729 (NOVO);CONCENT./KITs;KIT COLA;INTERAMERICA;22,39;55975;NOV;2024;11/2024;
MS;2701190004;MS2701190004;XAROPE DE HIGH MALTOSE 25KG (BREWGILL);CERVEJARIA;OUTROS;TEREOS;2,78;83400;OUT;2024;10/2024;
MS;2701190004;MS2701190004;XAROPE DE HIGH MALTOSE 25KG (BREWGILL);CERVEJARIA;OUTROS;TEREOS;2,78;83400;OUT;2024;10/2024;
MS;2701190004;MS2701190004;XAROPE DE HIGH MALTOSE 25KG (BREWGILL);CERVEJARIA;OUTROS;TEREOS;2,78;83400;OUT;2024;10/2024;
MS;2701190004;MS2701190004;XAROPE DE HIGH MALTOSE 25KG (BREWGILL);CERVEJARIA;OUTROS;TEREOS;2,78;83400;OUT;2024;10/2024;
MS;2701150004;MS2701150004;VASILHAME OW 600ML (BELLA ROMA);VASILHAME;NORMAL;GERAL;1,13;128141,99999999999;SET;2024;09/2024;
MS;2701150004;MS2701150004;VASILHAME OW 600ML (BELLA ROMA);VASILHAME;NORMAL;VERALLIA;1,13;64070,999999999993;SET;2024;09/2024;
MS;2701150001;MS2701150001;VASILHAME GINGUALA 970ML;VASILHAME;NORMAL;VIDROPORTO;1,57;61895,68;OUT;2024;10/2024;
MS;2701150001;MS2701150001;VASILHAME GINGUALA 970ML;VASILHAME;NORMAL;GERAL;1,57;61895,68;OUT;2024;10/2024;
MS;2701150001;MS2701150001;VASILHAME GINGUALA 970ML;VASILHAME;NORMAL;VIDROPORTO;1,57;61895,68;NOV;2024;11/2024;
MS;2701150001;MS2701150001;VASILHAME GINGUALA 970ML;VASILHAME;NORMAL;VIDROPORTO;1,57;61895,68;NOV;2024;11/2024;
PR;2701010163;PR2701010163;ROTULO TUBA JUJUBA 2L;ROTULO;BOPP;MABFLEX ;0,0355;10649,999999999998;NOV;2024;11/2024;
MS;2701140029;MS2701140029;TAMPA - LATA 350/269/473ML - B64;TAMPA;LATA;CROWN;0,24;700800;OUT;2024;10/2024;
MS;2701140029;MS2701140029;TAMPA - LATA 350/269/473ML - B64;TAMPA;LATA;CROWN;0,24;350400;OUT;2024;10/2024;
MS;2701140029;MS2701140029;TAMPA - LATA 350/269/473ML - B64;TAMPA;LATA;CROWN;0,24;700800;OUT;2024;10/2024;
PR;2701080001;PR2701080001;ACUCAR CRISTAL;AÇUCAR;XAROPARIA;GERAL;1,84;172224;OUT;2024;10/2024;
PR;2701080001;PR2701080001;ACUCAR CRISTAL;AÇUCAR;XAROPARIA;GERAL;1,84;172224;OUT;2024;10/2024;
PR;2701080001;PR2701080001;ACUCAR CRISTAL;AÇUCAR;XAROPARIA;GERAL;1,84;114816;OUT;2024;10/2024;
PR;2701080001;PR2701080001;ACUCAR CRISTAL;AÇUCAR;XAROPARIA;GERAL;1,84;172224;OUT;2024;10/2024;
PR;2701080001;PR2701080001;ACUCAR CRISTAL;AÇUCAR;XAROPARIA;GERAL;1,84;114816;OUT;2024;10/2024;
MS;2701080001;MS2701080001;ACUCAR CRISTAL;AÇUCAR;XAROPARIA;GERAL;1,84;105984;OUT;2024;10/2024;
MS;2701080001;MS2701080001;ACUCAR CRISTAL;AÇUCAR;XAROPARIA;GERAL;1,84;105984;OUT;2024;10/2024;
MS;2701080001;MS2701080001;ACUCAR CRISTAL;AÇUCAR;XAROPARIA;GERAL;1,84;105984;OUT;2024;10/2024;
MS;2701080001;MS2701080001;ACUCAR CRISTAL;AÇUCAR;XAROPARIA;GERAL;1,84;105984;OUT;2024;10/2024;
MS;2701080001;MS2701080001;ACUCAR CRISTAL;AÇUCAR;XAROPARIA;GERAL;1,84;105984;OUT;2024;10/2024;
MS;2701190001;MS2701190001;MALTE PILSEN BAG 1000 - BARLEY;CERVEJARIA;MALTE;BARLEY;3,29;110675,6;OUT;2024;10/2024;
MS;2701190001;MS2701190001;MALTE PILSEN BAG 1000 - BARLEY;CERVEJARIA;MALTE;BARLEY;3,29;221351,2;OUT;2024;10/2024;
MS;2701190001;MS2701190001;MALTE PILSEN BAG 1000 - BARLEY;CERVEJARIA;MALTE;BARLEY;3,29;110675,6;OUT;2024;10/2024;
MS;2701190001;MS2701190001;MALTE PILSEN BAG 1000 - BARLEY;CERVEJARIA;MALTE;BARLEY;3,29;110675,6;OUT;2024;10/2024;
MS;2701190001;MS2701190001;MALTE PILSEN BAG 1000 - BARLEY;CERVEJARIA;MALTE;BARLEY;3,29;110675,6;NOV;2024;11/2024;
MS;2701190001;MS2701190001;MALTE PILSEN BAG 1000 - BARLEY;CERVEJARIA;MALTE;BARLEY;3,29;110675,6;OUT;2024;10/2024;
MS;3002020011;MS3002020011;TERRA DIATOMITA 341/HYFLOW (AZUL);TERRA;XAROPARIA;VENETO;8,8;2640;OUT;2024;10/2024;
MS;3002020008;MS3002020008;TERRA DIATOMITA 215/FILTER CEL;TERRA;XAROPARIA;VENETO;8,8;1760,0000000000002;OUT;2024;10/2024;
MS;3002020009;MS3002020009;TERRA CELITE DIATOMITA SPEEDFLOW/STANDARD (VERMELHO);TERRA;CERVEJARIA;VENETO;8,8;3388,0000000000005;OUT;2024;10/2024;
PA;10090091;PA10090091;CONCENTRADO PARA REFRIGERANTE GUARANÁ AF 210 ;AROMA;REFRIGERANTE;AMAZON ;48,66769912;49495,05;OUT;2024;10/2024;
PA;10010001;PA10010001;ACUCAR CRISTAL;AÇUCAR;XAROPARIA; ENERGY ;2,27792;501142,39999999997;NOV;2024;11/2024;
PA;12030001;PA12030001;FILME STRETCH POLIETILENO 500X0023;FILME;STRETCH;PRISMAPACK;9,8;9800;NOV;2024;11/2024;
PA;11040793;PA11040793;FILME TERMO - 480X0,06;FILME;REFRI;GERAL;10,35;36225;NOV;2024;11/2024;
PA;11040007;PA11040007;FILME TERMO ENCOLHIVEL 420 X 0,06;FILME;REFR/ENERG.;NORPACK;10,35;20700;NOV;2024;11/2024;
PA;11070012;PA11070012;PREFORMA 46,0G CRISTAL OU 45,7 G;PREFORMA;PET 2L PA;GERAL;0,49;91047,88;NOV;2024;11/2024;
PA;11070013;PA11070013;PREFORMA 46,0G VERDE OU 45,7 G;PREFORMA;PET 2L PA;BRASPET;0,49;124156,2;NOV;2024;11/2024;
PA;11070032;PA11070032;PREFORMA 48GR CRISTAL OU 50,7 G;PREFORMA;PET 2,5L PA;AMCOR;0,498;312345,59999999998;NOV;2024;11/2024;
PA;11070033;PA11070033;PREFORMA 48GR VERDE OU 50,7 G;PREFORMA;PET 2,5L PA;AMCOR;0,498;156172,79999999999;NOV;2024;11/2024;
PA;10090090;PA10090090;SUCO CONCENTRADO LARANJA;SUCO;XAROPARIA;INTERSUCOS;10,5;6300;NOV;2024;11/2024;
PA;11090001;PA11090001;TAMPA LARANJA REFRIKO;TAMPA;PET;RAVIBRA;0,04667;35282,520000000004;NOV;2024;11/2024;
PA;10090293;PA10090293;SUCO CONCENTRADO DE MACA;SUCO;XAROPARIA;INTERSUCOS;11,5;34500;NOV;2024;11/2024;
PA;10010001;PA10010001;ACUCAR CRISTAL;AÇUCAR;XAROPARIA;GERAL;2,27792;569480;DEZ;2024;12/2024;
PA;10090295;PA10090295;CONCENTRADO COLA IAB 7729 (NOVO);CONCENT./KITs;KIT COLA;INTERAMERICA;22,39;55975;DEZ;2024;12/2024;
PA;10090056;PA10090056;CORANTE AMARELO SUNSET;CORANTE;XAROPARIA;SARAPOTI;41,84;836,80000000000007;DEZ;2024;12/2024;
PA;10090037;PA10090037;CORANTE AZUL BRILHANTE;CORANTE;ENERGÉTICO;SAPORITI;99,37;993,7;DEZ;2024;12/2024;
PA;11080243;PA11080243;ROTULO MICOS COLA 2L;ROTULO;BOPP-PA;ELLOFLEX;0,04163;12489;DEZ;2024;12/2024;
PA;11080245;PA11080245;RÓTULO MICOS GUARANA 2,5L;ROTULO;BOPP-PA;ELLOFLEX;0,03395;20370;DEZ;2024;12/2024;
PA;11080248;PA11080248;ROTULO MICOS GUARANA 500ML;ROTULO;BOPP-PA;ELLOFLEX;0,03373;16865;DEZ;2024;12/2024;
PA;11080249;PA11080249;RÓTULO MICOS LARANJA 2,5L;ROTULO;BOPP-PA;ELLOFLEX;0,03395;16975;DEZ;2024;12/2024;
PA;11080251;PA11080251;ROTULO MICOS LARANJA 2L;ROTULO;BOPP-PA;ELLOFLEX;0,04163;12489;DEZ;2024;12/2024;
PA;11090001;PA11090001;TAMPA LARANJA REFRIKO;TAMPA;PET;RAVIBRA;0,04667;42339,024000000005;DEZ;2024;12/2024;
PA;11090034;PA11090034;TAMPA LILAS LISA;TAMPA;PET;RAVIBRA;0,04667;28226,016000000003;DEZ;2024;12/2024;
PA;11090031;PA11090031;TAMPA VERMELHA LISA;TAMPA;PET;GERAL;0,04667;10118,056;DEZ;2024;12/2024;
PA;10090294;PA10090294;CORANTE CARAMELO CLASE IV DPC;CORANTE;REFRIGERANTE;SAPORITI ;4,8;2400;DEZ;2024;12/2024;
MS;2701090002;MS2701090002;ACIDO CITRICO;ACID.E CONSERV.;REF/ENER/ROM/DEL;INDEMIL;8,95;134250;NOV;2024;11/2024;
PR;2701090002;PR2701090002;ACIDO CITRICO;ACID.E CONSERV.;REF/ENER/ROM/DEL;INDEMIL;8,95;134250;NOV;2024;11/2024;
PR;2801050006;PR2801050006;AROMA FRUTAS TROPICAIS;AROMA;ENERGÉTICO;GERAL;149,57;29914;NOV;2024;11/2024;
PR;3002020007;PR3002020007;CARVÃO ATIVADO;TERRA;XAROPARIA;GUARAMEX;12,5;1250;NOV;2024;11/2024;
PR;2701050018;PR2701050018;EMULSAO LARANJA REFRIKO 98;EMULSAO;XAROPARIA;SAPORITI;32,8;39360;NOV;2024;11/2024;
MS;2701130006;MS2701130006;EXTRATO DE GUARANA 200% DUAS RODAS;AROMA;ENERG./DELÍR.;DUAS RODAS;49,93;4993;NOV;2024;11/2024;
PR;2701130006;PR2701130006;EXTRATO DE GUARANA 200% DUAS RODAS;AROMA;ENERG./DELÍR.;DUAS RODAS;49,93;7489,5;NOV;2024;11/2024;
SP;2801040014;SP2801040014;FILME STRETCH POLIETILENO 500X0023;FILME;STRETCH;GUANAPACK;22,85;22850;NOV;2024;11/2024;
MS;2701040027;MS2701040027;FILME TERMO ENCOLHIVEL 330 MM X 0,04;FILME;NOCH;PACKSEVEN;11,35;11350;NOV;2024;11/2024;
PR;2701040004;PR2701040004;FILME TERMO ENCOLHIVEL 600 MM X 0,04 ;FILME;REFRI;PACKESEVEN;14,1;35250;NOV;2024;11/2024;
SP;2801040018;SP2801040018;FILME TERMOENCOLHIVEL LISO 390X0,05MM                    ;FILME;ÁGUA 500;PACKSEVEN;23,575;94300;NOV;2024;11/2024;
MS;2701200002;MS2701200002;LUPULO LSKE;CERVEJARIA;LUPULO;LNF LATINO;1017,47;20349,400000000001;NOV;2024;11/2024;
PR;2701020051;PR2701020051;PREFORMA PET 200 ML CRISTAL 12 g ;PREFORMA;REFRIKO 200ML;ENGEPACK;0,197948;332362,60992000002;NOV;2024;11/2024;
PR;2701020097;PR2701020097;PREFORMA PET 200 ML VERDE 12 g ;PREFORMA;REFRIKO 200ML;GERAL;0,197948;628467,48057600006;NOV;2024;11/2024;
MS;2701020090;MS2701020090;PREFORMA 18G CRISTAL 500 ML - DESCONTINUAR;PREFORMA;REFRIKO 500ML;ENVASES;0,25664;91096,934399999998;NOV;2024;11/2024;
PR;2701020055;PR2701020055;PREFORMA 18G CRISTAL;PREFORMA;FURIOSO 250ML;GERAL;0,25664;807122,53439999989;NOV;2024;11/2024;
SP;2801020041;SP2801020041;PREFORMA 18G CRISTAL 500 ML;PREFORMA;PET 500 PA;GERAL;0,25664;85738,291199999992;NOV;2024;11/2024;
MS;2701020115;MS2701020115;PREFORMA 18 A 20G VERDE 500 ML - DESCONTINUAR;PREFORMA;REFRIKO 500ML;ENVASES;0,204;25557,119999999999;NOV;2024;11/2024;
MS;2701020059;MS2701020059;PREFORMA 41 G CRISTAL;PREFORMA;REFRIKO 2L;ENGEPACK;0,5553;150330,81599999999;NOV;2024;11/2024;
MS;2701020046;MS2701020046;PREFORMA 31,7G CRISTAL;PREFORMA;FURIOSO 1L;ENGEPACK;0,41577;18799,456319999998;NOV;2024;11/2024;
MS;2701020075;MS2701020075;PREFORMA PET 46,7GR CRISTAL;PREFORMA;FURIOSO 2L;GERAL;0,594;406010,88;NOV;2024;11/2024;
PR;2801010089;PR2801010089;ROTULO BOMBADÃO 2L;ROTULO;SLEEVE;ALL4LABELL;0,212856;42571,199999999997;NOV;2024;11/2024;
MS;2701010191;MS2701010191;ROTULO FURIOSO 2L;ROTULO;SLEEVE;ALL4LABELL;0,2062;61860;NOV;2024;11/2024;
MS;2701040015;MS2701040015;SHRINK LISO - 380X0,06 ;FILME;VIDRO;PACKSEVEN;21;52500;NOV;2024;11/2024;
MS;2701130009;MS2701130009;SUCO CONCENTRADO DE MACA;SUCO;XAROPARIA;INTERSUCOS;12;7200;NOV;2024;11/2024;
PR;2701130009;PR2701130009;SUCO CONCENTRADO DE MACA;SUCO;XAROPARIA;INTERSUCOS;12;16800;NOV;2024;11/2024;
MS;2701130001;MS2701130001;SUCO CONCENTRADO LARANJA;SUCO;XAROPARIA;INTERSUCOS;12;1800;NOV;2024;11/2024;
PR;2701130001;PR2701130001;SUCO CONCENTRADO LARANJA;SUCO;XAROPARIA;INTERSUCOS;12;2400;NOV;2024;11/2024;
PR;2701130002;PR2701130002;SUCO CONCENTRADO LIMÃO;SUCO;XAROPARIA;INTERSUCOS;16,5;1650;NOV;2024;11/2024;
MS;2701030041;MS2701030041;TAMPA AZUL BAMBOA (VODKA BAMBOA);TAMPA;VIDRO NAC;BRASTAMPAS;0,3;75000;NOV;2024;11/2024;
PR;2701030043;PR2701030043;TAMPA LARANJA REFRIKO;TAMPA;PET;OXFORD;0,04445;67208,400000000009;NOV;2024;11/2024;
PR;2701030044;PR2701030044;TAMPA LILAS LISA;TAMPA;PET;OXFORD;0,04445;26883,360000000001;NOV;2024;11/2024;
MS;2701030034;MS2701030034;TAMPA METALICA MOEMA;TAMPA;VIDRO NAC;GERAL;0,04432;22160;NOV;2024;11/2024;
MS;2701030035;MS2701030035;TAMPA METALICA PRETA LISA;TAMPA;VIDRO NAC;ARO EXP;0,049;14700;NOV;2024;11/2024;
MS;2701030035;MS2701030035;TAMPA METALICA PRETA LISA;TAMPA;VIDRO NAC;ARO EXP;0,049;9800;NOV;2024;11/2024;
MS;2701030035;MS2701030035;TAMPA METALICA PRETA LISA;TAMPA;VIDRO NAC;ARO EXP;0,049;24500;JAN;2025;01/2025;
SP;2801030014;SP2801030014;TAMPA PLASTICA AZUL OMNI                             ;TAMPA;PET;OPS;0,043333;52415,596800000007;NOV;2024;11/2024;
PR;2701030049;PR2701030049;TAMPA VERDE REFRIKO;TAMPA;PET;OXFORD;0,04445;100812,6;NOV;2024;11/2024;
PR;2701030050;PR2701030050;TAMPA VERMELHA LISA;TAMPA;PET;OXFORD;0,04445;33604,200000000004;NOV;2024;11/2024;
MS;3002020010;MS3002020010;TERRA CELITE DIATOMITA 2500/535;TERRA;CERVEJARIA;VENETO;8,8;16979,600000000002;NOV;2024;11/2024;
MS;3002020009;MS3002020009;TERRA CELITE DIATOMITA SPEEDFLOW/STANDARD (VERMELHO);TERRA;CERVEJARIA;VENETO;8,8;16979,600000000002;NOV;2024;11/2024;
PR;3002020009;PR3002020009;TERRA CELITE DIATOMITA SPEEDFLOW/STANDARD (VERMELHO);TERRA;XAROPARIA;VENETO;8,8;998,80000000000007;NOV;2024;11/2024;
PR;3002020011;PR3002020011;TERRA DIATOMITA 341/HYFLOW (AZUL);TERRA;XAROPARIA;VENETO;8,8;6192,5599999999995;NOV;2024;11/2024;
MS;3002020011;MS3002020011;TERRA DIATOMITA 341/HYFLOW (AZUL);TERRA;XAROPARIA;VENETO;8,8;1997,6000000000001;NOV;2024;11/2024;
MS;2701150004;MS2701150004;VASILHAME OW 600ML (BELLA ROMA);VASILHAME;NORMAL;VERALLIA;1,13;64070,999999999993;NOV;2024;11/2024;
MS;2701240004;MS2701240004;CHAPA SEM IMPRESSAO 1000X1200 (NOVA);SEPARADOR DE CAMADAS;CHAPA;GERAL;1,25;51250;DEZ;2024;12/2024;
MS;2701050040;MS2701050040;CONCENTRADO BEBIDAS ENERGETICA;AROMA;KIT ENERGÉTICO;ADM;2076,886;433889,83286908077;DEZ;2024;12/2024;
PR;2801050003;PR2801050003;CONCENTRADO BEBIDAS ENERGETICA;AROMA;KIT ENERGÉTICO;ADM;2044,7664;462777,91086350975;DEZ;2024;12/2024;
SP;2801010063;SP2801010063;ROTULO BOPP AGUA C/ GAS HIDRATAR 500ML                   ;ROTULO;BOPP;GERAL;0,01056;21120;DEZ;2024;12/2024;
SP;2801010068;SP2801010068;ROTULO BOPP AGUA S/ GAS HIDRATAR 500ML                   ;ROTULO;BOPP;GERAL;0,01056;21120;DEZ;2024;12/2024;
SP;2801010067;SP2801010067;ROTULO BOPP AGUA S/ GAS HIDRATAR 330ML - REV-00;ROTULO;BOPP;GERAL;0,0120799;6039,95;DEZ;2024;12/2024;
SP;2801010062;SP2801010062;ROTULO BOPP AGUA C/ GAS HIDRATAR 330ML - REV-00;ROTULO;BOPP;GERAL;0,0120799;6039,95;DEZ;2024;12/2024;
PR;2701010156;PR2701010156;ROTULO BOPP REFRISHOW GUARANA 2 L;ROTULO;BOPP;MABFLEX ;0,0355;35500;DEZ;2024;12/2024;
PR;2801010089;PR2801010089;ROTULO BOMBADÃO 2L;ROTULO;SLEEVE;MABFLEX ;0,212856;42571,199999999997;DEZ;2024;12/2024;
PR;2701010138;PR2701010138;ROTULO GUARANA 2L;ROTULO;BOPP;MABFLEX ;0,0355;17750;DEZ;2024;12/2024;
MS;2701010139;MS2701010139;ROTULO GUARANA 3L;ROTULO;BOPP;ALL4LABELL;0,038896;3889,6;DEZ;2024;12/2024;
MS;2701010140;MS2701010140;ROTULO GUARANA 500ML;ROTULO;BOPP;ALL4LABELL;0,0128;3840;DEZ;2024;12/2024;
PR;2701010149;PR2701010149;ROTULO REFRIKO TUBAÍNA 200 ML ;ROTULO;BOPP;MABFLEX ;0,008;16000;DEZ;2024;12/2024;
PR;2701010144;PR2701010144;ROTULO REFRIKO LARANJA DQI1% 2L;ROTULO;BOPP;MABFLEX ;0,0355;10649,999999999998;DEZ;2024;12/2024;
PR;2701010155;PR2701010155;ROTULO REFRIKO UVA DQI1% 2L;ROTULO;BOPP;MABFLEX ;0,0355;7099,9999999999991;DEZ;2024;12/2024;
PR;2701010147;PR2701010147;ROTULO REFRIKO LIMÃO DQI1% 2L;ROTULO;BOPP;MABFLEX ;0,0355;7099,9999999999991;DEZ;2024;12/2024;
MS;2701010147;MS2701010147;ROTULO REFRIKO LIMÃO DQI1% 2L;ROTULO;BOPP;ALL4LABELL;0,0355;3549,9999999999995;DEZ;2024;12/2024;
MS;2701010172;MS2701010172;ROTULO REFRIKO LARANJA DQI1% 600 ML;ROTULO;PAPEL;GERAL;0,0258;5160;DEZ;2024;12/2024;
MS;2701010173;MS2701010173;ROTULO REFRIKO LIMÃO DQI1% 600 ML;ROTULO;PAPEL;GERAL;0,0258;5160;DEZ;2024;12/2024;
MS;2701030037;MS2701030037;TAMPA AMARELA LISA;TAMPA;PET;OXFORD;0,049;81496,800000000003;DEZ;2024;12/2024;
PR;2701030037;PR2701030037;TAMPA AMARELA LISA;TAMPA;PET;OXFORD;0,04445;336042;NOV;2024;11/2024;
MS;2701030043;MS2701030043;TAMPA LARANJA REFRIKO;TAMPA;PET;OXFORD;0,049;14817,6;DEZ;2024;12/2024;
PR;2701030043;PR2701030043;TAMPA LARANJA REFRIKO;TAMPA;PET;OXFORD;0,04445;20162,52;DEZ;2024;12/2024;
PR;2701030044;PR2701030044;TAMPA LILAS LISA;TAMPA;PET;OXFORD;0,04445;13441,68;NOV;2024;11/2024;
SP;2801030014;SP2801030014;TAMPA PLASTICA AZUL OMNI                             ;TAMPA;PET;GERAL;0,043333;52415,596800000007;DEZ;2024;12/2024;
SP;2801030017;SP2801030017;TAMPA PLASTICA PRETA OMNI 120 COM VEDANTE;TAMPA;PET;OPS;0,043333;65519,496000000006;DEZ;2024;12/2024;
MS;2701030049;MS2701030049;TAMPA VERDE REFRIKO;TAMPA;PET;OXFORD;0,049;44452,800000000003;DEZ;2024;12/2024;
PR;2701030049;PR2701030049;TAMPA VERDE REFRIKO;TAMPA;PET;OXFORD;0,04445;94091,760000000009;DEZ;2024;12/2024;
MS;2701030050;MS2701030050;TAMPA VERMELHA LISA;TAMPA;PET;OXFORD;0,049;29635,200000000001;DEZ;2024;12/2024;
PR;2701030050;PR2701030050;TAMPA VERMELHA LISA;TAMPA;PET;OXFORD;0,04445;13441,68;DEZ;2024;12/2024;
MS;2701190004;MS2701190004;XAROPE DE HIGH MALTOSE 25KG (BREWGILL);CERVEJARIA;OUTROS;TEREOS;2,78;83400;OUT;2024;10/2024;
MS;2701190004;MS2701190004;XAROPE DE HIGH MALTOSE 25KG (BREWGILL);CERVEJARIA;OUTROS;TEREOS;2,78;83400;NOV;2024;11/2024;
MS;2701190004;MS2701190004;XAROPE DE HIGH MALTOSE 25KG (BREWGILL);CERVEJARIA;OUTROS;TEREOS;2,78;83400;NOV;2024;11/2024;
MS;2701190004;MS2701190004;XAROPE DE HIGH MALTOSE 25KG (BREWGILL);CERVEJARIA;OUTROS;TEREOS;2,78;83400;NOV;2024;11/2024;
MS;2701190004;MS2701190004;XAROPE DE HIGH MALTOSE 25KG (BREWGILL);CERVEJARIA;OUTROS;TEREOS;2,78;83400;NOV;2024;11/2024;
MS;2701190001;MS2701190001;MALTE PILSEN BAG 1000 - BARLEY;CERVEJARIA;MALTE;BARLEY;3,29;110215;NOV;2024;11/2024;
SP;2801160002;SP2801160002;TABULEIRO SEPARADOR DA CAIXA AGUA HIDRATAR 200ML;CAIXA;AGUA 200;PCN;0,25;6400;NOV;2024;11/2024;
MS;2701010115;MS2701010115;ROTULO ADESIVO BELLA ROMA;ROTULO;ADESIVO;ALL4LABELL;0,1404;28080;NOV;2024;11/2024;
MS;2701010115;MS2701010115;ROTULO ADESIVO BELLA ROMA;ROTULO;ADESIVO;ALL4LABELL;0,1404;70200;JAN;2025;01/2025;
MS;2701150009;MS2701150009;VASILHAME TUBAINA CRISTAL LONGNECK 355ML;VASILHAME;NORMAL;GERAL;0,53;95400;NOV;2024;11/2024;
MS;2701010118;MS2701010118;ROTULO ADESIVO TUBAINA 355ML  ;ROTULO;ADESIVO;ALL4LABELL;0,05095;9171;NOV;2024;11/2024;
MS;2701160013;MS2701160013;CAIXA TUBAÍNA 12X355ML;CAIXA;TUBAINA;CARTONAGEM;1,97;29550;NOV;2024;11/2024;
MS;2701030036;MS2701030036;TAMPA METALICA TWISTOF;TAMPA;VIDRO NAC;RENDA;0,0495;24750;NOV;2024;11/2024;
PA;10090273;PA10090273;ACESSULFAME DE POTASSIO;EDULCORANTE;XAROPARIA;DAXIA;34,9;5235;DEZ;2024;12/2024;
PA;10020001;PA10020001;AROMA DE LARANJA IDENTICO AO NATURAL;AROMA;REFRIGERANTE;DUAS RODAS;77,66;2795,7599999999998;DEZ;2024;12/2024;
PA;10020009;PA10020009;AROMA UVA REFRIKO 84;AROMA;REFRIGERANTE;SAPORITI;23,5;28200;DEZ;2024;12/2024;
PA;10090100;PA10090100;ASPARTAME;EDULCORANTE;XAROPARIA;DAXIA;70,39;14078;DEZ;2024;12/2024;
PA;10100012;PA10100012;BENZOATO DE SODIO;ACID.E CONSERV.;REF/ENER/NOCH/TON;DAXIA;10,352;12422,4;DEZ;2024;12/2024;
PA;10090017;PA10090017;EMULSAO LARANJA REFRIKO 98;EMULSAO;XAROPARIA;SAPORITI ;36;43200;DEZ;2024;12/2024;
PA;12030001;PA12030001;FILME STRETCH POLIETILENO 500X0023;FILME;STRETCH;PRISMAPACK;9,8;26812,800000000003;DEZ;2024;12/2024;
PA;11040794;PA11040794;FILME TERMO - 390X0,05;FILME;REFRI;NORPACK ;10,35;14158,8;DEZ;2024;12/2024;
PA;11040007;PA11040007;FILME TERMO ENCOLHIVEL 420 X 0,06;FILME;REFR/ENERG.;NORPACK;10,35;14158,8;DEZ;2024;12/2024;
PA;11070012;PA11070012;PREFORMA 46,0G CRISTAL OU 45,7 G;PREFORMA;PET 2L PA;GERAL;0,49;124156,2;DEZ;2024;12/2024;
PA;11070013;PA11070013;PREFORMA 46,0G VERDE OU 45,7 G;PREFORMA;PET 2L PA;AMCOR;0,49;41385,4;DEZ;2024;12/2024;
PA;11070032;PA11070032;PREFORMA 48GR CRISTAL OU 50,7 G;PREFORMA;PET 2,5L PA;AMCOR;0,498;285573,12;DEZ;2024;12/2024;
PA;12084720;PA12084720;TERRA DIATOMITA GROSSA DICALITE 341 MC;TERRA;XAROPARIA;VENETO;8,27;6382,7859999999991;DEZ;2024;12/2024;
PA;12085439;PA12085439;TERRA DIATOMITA CELITE FINA STANDART;TERRA;XAROPARIA;VENETO;8,27;938,64499999999998;DEZ;2024;12/2024;
PA;10090295;PA10090295;CONCENTRADO COLA IAB 7729 (NOVO);CONCENT./KITs;KIT COLA;INTERAMERICA;22,39;55975;JAN;2025;01/2025;
PA;11080241;PA11080241;RÓTULO MICOS COLA 2,5L;ROTULO;BOPP-PA;ELLOFLEX;0,03395;33950;JAN;2025;01/2025;
PA;11080247;PA11080247;ROTULO MICOS GUARANA 2L;ROTULO;BOPP-PA;GERAL;0,04163;12489;JAN;2025;01/2025;
PR;2701050010;PR2701050010;AROMA DE LARANJA IDENTICO AO NATURAL;AROMA;REFRIGERANTE;DUAS RODAS;75,22;1730,06;DEZ;2024;12/2024;
PR;2701050011;PR2701050011;AROMA LIMAO REFRIKO 41;AROMA;REFRIGERANTE;SAPORITI;48;21600;DEZ;2024;12/2024;
PR;2701050001;PR2701050001;AROMA NATURAL MOUTHFEEL FASV259 ADM;AROMA;REFRIGERANTE;ADM;165,4;41350;DEZ;2024;12/2024;
PR;2701050027;PR2701050027;AROMA UVA REFRIKO 84;AROMA;REFRIGERANTE;SAPORITI;28;14000;DEZ;2024;12/2024;
PR;2701050023;PR2701050023;PREP ACIDO COLA ;CONCENT./KITs;KIT COLA;SAPORITI;25;2500;DEZ;2024;12/2024;
PR;2701050020;PR2701050020;EMULSÃO COLA E-0388 ADM (NOVO) (usar no 500 ml);EMULSAO;XAROPARIA;GERAL;384,51;38451;DEZ;2024;12/2024;
PR;2701040004;PR2701040004;FILME TERMO ENCOLHIVEL 600 MM X 0,04 ;FILME;REFRI;PACKESEVEN;14,1;28200;DEZ;2024;12/2024;
PR;2701040007;PR2701040007;FILME TERMO ENCOLHIVEL 860/0,06 MM;FILME;REFR/ENERG.;PACKESEVEN;23,575;141450;DEZ;2024;12/2024;
PR;2701020051;PR2701020051;PREFORMA PET 200 ML CRISTAL 12 g ;PREFORMA;REFRIKO 200ML;GERAL;0,197948;271933,04448000004;DEZ;2024;12/2024;
PR;2701020075;PR2701020075;PREFORMA PET 46,7GR CRISTAL ;PREFORMA;FURIOSO 2L;ENGEPACK;0,687488;76360,667136000004;DEZ;2024;12/2024;
PR;2701130009;PR2701130009;SUCO CONCENTRADO DE MACA;SUCO;XAROPARIA;INTERSUCOS;12;12000;DEZ;2024;12/2024;
PR;2701130001;PR2701130001;SUCO CONCENTRADO LARANJA;SUCO;XAROPARIA;INTERSUCOS;12;2400;DEZ;2024;12/2024;
PR;2701130002;PR2701130002;SUCO CONCENTRADO LIMÃO;SUCO;XAROPARIA;INTERSUCOS;16,5;1237,5;DEZ;2024;12/2024;
PR;2801010088;PR2801010088;ROTULO AGUA TONICA MALDIVES 250 ML;ROTULO;SLEEVE;ALL4LABELL;0,05071;10142;DEZ;2024;12/2024;
MS;2701050017;MS2701050017;AROMA IDENTICO AO NATURAL MELANCIA;AROMA;ENERGÉTICO;DUAS RODAS;37,17;29736;DEZ;2024;12/2024;
MS;2701050021;MS2701050021;AROMA IDENTICO AO NATURAL MORANGO;AROMA;ENERGÉTICO;DUAS RODAS;75,88;22764;DEZ;2024;12/2024;
MS;2701050027;MS2701050027;AROMA UVA REFRIKO 84;AROMA;REFRIGERANTE;SAPORITI;28;8400;DEZ;2024;12/2024;
MS;2701160013;MS2701160013;CAIXA TUBAÍNA 12X355ML;CAIXA;TUBAINA;CARTONAGEM;1,97;29550;DEZ;2024;12/2024;
MS;2701240002;MS2701240002;CANTONEIRA DE PAPELAO 110x110x1580;CANTONEIRA;CANTONEIRA;CARTONAGEM;1,62;11340;DEZ;2024;12/2024;
MS;2701210005;MS2701210005;ALGINATO DE PROPILENO GLICOL;CERVEJARIA;OUTROS;GERAL;283,79;56758,000000000007;DEZ;2024;12/2024;
MS;2701120001;MS2701120001;PREMIX ENERG EMULVIT 8942;CONCENT./KITs;C.ENERGETICO;GERAL;18,05;54150;DEZ;2024;12/2024;
MS;2701050023;MS2701050023;PREP ACIDO COLA ;CONCENT./KITs;KIT COLA;SAPORITI;25;5000;DEZ;2024;12/2024;
MS;2701040009;MS2701040009;FILME STRETCH POLIETILENO 500X0023;FILME;STRETCH;GUANAPACK;22,85;31258,800000000003;DEZ;2024;12/2024;
MS;2701040003;MS2701040003;FILME TERMO ENCOLHÍVEL DE 560X006;FILME;DIVERSOS;PACKESEVEN;23,5;25850;DEZ;2024;12/2024;
MS;2701040019;MS2701040019;SHRINK BAMBOA 350ML -360X0,06 LAGER;FILME;BAMBOA;ERPLASTI;14,5;14500;DEZ;2024;12/2024;
MS;2701040025;MS2701040025;SHRINK LISO - 380X0,05 DESCONTINUAR;FILME;PET 500;PACKSEVEN;10,35;5175;DEZ;2024;12/2024;
MS;2701040002;MS2701040002;FILME TERMO ENCOLHIVEL 420 X 0,06;FILME;REFR/ENERG.;PACKSEVEN;23,5;58750;DEZ;2024;12/2024;
MS;2701040012;MS2701040012;SHRINK MOEMA 269ML - 350X60X3;FILME;MOEMA;ERPLASTI;14,5;14500;DEZ;2024;12/2024;
MS;2701040011;MS2701040011;SHRINK MOEMA 350ML - 390X60X3;FILME;MOEMA;ERPLASTI;31,51;252080;DEZ;2024;12/2024;
MS;2701040010;MS2701040010;SHRINK MOEMA 473ML - 400X0,06;FILME;MOEMA;ERPLASTI;14,5;29000;DEZ;2024;12/2024;
MS;2701020115;MS2701020115;PREFORMA 18 A 20G VERDE 500 ML - DESCONTINUAR;PREFORMA;REFRIKO 500ML;GERAL;0,204;29816,639999999999;JAN;2025;01/2025;
MS;2701020075;MS2701020075;PREFORMA PET 46,7GR CRISTAL;PREFORMA;FURIOSO 2L;GERAL;0,594;40601,087999999996;DEZ;2024;12/2024;
MS;2701010118;MS2701010118;ROTULO ADESIVO TUBAINA 355ML  ;ROTULO;ADESIVO;ALL4LABELL;0,05095;10190;DEZ;2024;12/2024;
MS;2701010187;MS2701010187;ROTULO FURIOSO MELANCIA E MORANGO 2L;ROTULO;SLEEVE;ALL4LABELL;0,2062;61860;DEZ;2024;12/2024;
MS;2701130001;MS2701130001;SUCO CONCENTRADO LARANJA;SUCO;XAROPARIA;INTERSUCOS;12;1200;DEZ;2024;12/2024;
MS;2701130002;MS2701130002;SUCO CONCENTRADO LIMÃO;SUCO;XAROPARIA;INTERSUCOS;16,5;1237,5;DEZ;2024;12/2024;
MS;3002020010;MS3002020010;TERRA CELITE DIATOMITA 2500/535;TERRA;CERVEJARIA;VENETO;8,8;35956,800000000003;DEZ;2024;12/2024;
MS;3002020009;MS3002020009;TERRA CELITE DIATOMITA SPEEDFLOW/STANDARD (VERMELHO);TERRA;CERVEJARIA;VENETO;8,8;11985,6;DEZ;2024;12/2024;
MS;3002020008;MS3002020008;TERRA DIATOMITA 215/FILTER CEL;TERRA;XAROPARIA;VENETO;8,8;3395,92;DEZ;2024;12/2024;
MS;3002020011;MS3002020011;TERRA DIATOMITA 341/HYFLOW (AZUL);TERRA;XAROPARIA;VENETO;8,8;3395,92;DEZ;2024;12/2024;
MS;2701150006;MS2701150006;VASILHAME AMBAR 300ML - LITRINHO;VASILHAME;NORMAL;GERAL;0,74;75213,600000000006;DEZ;2024;12/2024;
MS;2701150001;MS2701150001;VASILHAME GINGUALA 970ML;VASILHAME;NORMAL;VIDROPORTO;1,57;61895,68;DEZ;2024;12/2024;
MS;2701150001;MS2701150001;VASILHAME GINGUALA 970ML;VASILHAME;NORMAL;VIDROPORTO;1,57;61895,68;DEZ;2024;12/2024;
MS;2701150009;MS2701150009;VASILHAME TUBAINA CRISTAL LONGNECK 355ML;VASILHAME;NORMAL;GERAL;0,53;95400;DEZ;2024;12/2024;
MS;2701150004;MS2701150004;VASILHAME OW 600ML (BELLA ROMA);VASILHAME;NORMAL;VERALLIA;1,13;63731,999999999993;DEZ;2024;12/2024;
MS;2701150004;MS2701150004;VASILHAME OW 600ML (BELLA ROMA);VASILHAME;NORMAL;GERAL;1,13;63731,999999999993;DEZ;2024;12/2024;
SP;2801040018;SP2801040018;FILME TERMOENCOLHIVEL LISO 390X0,05MM                    ;FILME;ÁGUA 500;PACKSEVEN;23,575;47150;DEZ;2024;12/2024;
SP;2801040017;SP2801040017;FILME TERMO ENCOLHIVEL 420X0,05MM;FILME;AGUA 1,5L;GERAL;21;12600;DEZ;2024;12/2024;
SP;2801020042;SP2801020042;PREFORMA 15G CRISTAL;PREFORMA;PET 500 PA;GERAL;0,22133;106238,39999999999;MAR;2024;03/2024;
SP;2801020041;SP2801020041;PREFORMA 18G CRISTAL 500 ML;PREFORMA;PET 500 PA;GERAL;0,25664;278649,44639999996;SET;2024;09/2024;
SP;2801020032;SP2801020032;PREFORMA 31,7G CRISTAL;PREFORMA;ÁGUA 1,5L;GERAL;0,41577;28199,18448;SET;2024;09/2024;
PR;2701080001;PR2701080001;ACUCAR CRISTAL;AÇUCAR;XAROPARIA;GERAL;1,84;172224;NOV;2024;11/2024;
PR;2701080001;PR2701080001;ACUCAR CRISTAL;AÇUCAR;XAROPARIA;GERAL;1,84;172224;NOV;2024;11/2024;
PR;2701080001;PR2701080001;ACUCAR CRISTAL;AÇUCAR;XAROPARIA;GERAL;1,84;172224;NOV;2024;11/2024;
MS;2701080001;MS2701080001;ACUCAR CRISTAL;AÇUCAR;XAROPARIA;GERAL;1,84;158976;NOV;2024;11/2024;
MS;2701080001;MS2701080001;ACUCAR CRISTAL;AÇUCAR;XAROPARIA;GERAL;1,84;105984;NOV;2024;11/2024;
MS;2701080001;MS2701080001;ACUCAR CRISTAL;AÇUCAR;XAROPARIA;GERAL;1,84;158976;NOV;2024;11/2024;
MS;2701190001;MS2701190001;MALTE PILSEN BAG 1000 - BARLEY;CERVEJARIA;MALTE;BARLEY;3,29;110215;NOV;2024;11/2024;
MS;2701190001;MS2701190001;MALTE PILSEN BAG 1000 - BARLEY;CERVEJARIA;MALTE;BARLEY;3,29;110215;NOV;2024;11/2024;
MS;2701190001;MS2701190001;MALTE PILSEN BAG 1000 - BARLEY;CERVEJARIA;MALTE;BARLEY;3,29;110215;NOV;2024;11/2024;
MS;2701190001;MS2701190001;MALTE PILSEN BAG 1000 - BARLEY;CERVEJARIA;MALTE;BARLEY;3,29;110215;NOV;2024;11/2024;
MS;2701190001;MS2701190001;MALTE PILSEN BAG 1000 - BARLEY;CERVEJARIA;MALTE;BARLEY;3,29;110215;NOV;2024;11/2024;
MS;2701190004;MS2701190004;XAROPE DE HIGH MALTOSE 25KG (BREWGILL);CERVEJARIA;OUTROS;TEREOS;2,78;83400;NOV;2024;11/2024;
MS;2701140029;MS2701140029;TAMPA - LATA 350/269/473ML - B64;TAMPA;LATA;CROWN;0,24;700800;NOV;2024;11/2024;
MS;2701140029;MS2701140029;TAMPA - LATA 350/269/473ML - B64;TAMPA;LATA;GERAL;0,24;1752000;DEZ;2024;12/2024;
MS;2701140029;MS2701140029;TAMPA - LATA 350/269/473ML - B64;TAMPA;LATA;CROWN;0,24;1725235,2;FEV;2025;02/2025;
PR;2701070004;PR2701070004;CICLAMATO DE SÓDIO ;EDULCORANTE;XAROPARIA;QUANTIQ;14,18;7090;JAN;2025;01/2025;
PR;2701060010;PR2701060010;CORANTE AMARANTO;CORANTE;REFRIGERANTE;SAPORITI;85,5;2565;JAN;2025;01/2025;
MS;2701060007;MS2701060007;CORANTE CARAMELO CLASE IV DPC;CORANTE;REFRIGERANTE;SAPORITI;7,5;3375;JAN;2025;01/2025;
PR;2701060007;PR2701060007;CORANTE CARAMELO CLASE IV DPC;CORANTE;REFRIGERANTE;sAPORITI;7,5;3750;JAN;2025;01/2025;
MS;2701060001;MS2701060001;CORANTE PONCEAU ;CORANTE;ENERGÉTICO;SAPORITI;67;2010;JAN;2025;01/2025;
PR;2801010099;PR2801010099;ROTULO FURIOSO 250ML;ROTULO;SLEEVE;ALL4LABELL;0,050377;75565,5;JAN;2025;01/2025;
MS;2701010191;MS2701010191;ROTULO FURIOSO 2L;ROTULO;SLEEVE;ALL4LABELL;0,2062;61860;JAN;2025;01/2025;
PR;2801010093;PR2801010093;ROTULO FURIOSO AÇAI 250ML;ROTULO;SLEEVE;ALL4LABELL;0,050377;5037,7;JAN;2025;01/2025;
PR;2801010094;PR2801010094;ROTULO FURIOSO CITRUS 250 ML;ROTULO;SLEEVE;ALL4LABELL;0,050377;10075,4;JAN;2025;01/2025;
PR;2801010097;PR2801010097;ROTULO FURIOSO MELANCIA E MORANGO 250ML;ROTULO;SLEEVE;ALL4LABELL;0,050377;10075,4;JAN;2025;01/2025;
MS;2701010184;MS2701010184;ROTULO FURIOSO MELAO 2L;ROTULO;SLEEVE;ALL4LABELL;0,2062;20620;JAN;2025;01/2025;
MS;2701010193;MS2701010193;ROTULO FURIOSO TROPICAL 2L;ROTULO;SLEEVE;ALL4LABELL;0,2062;20620;JAN;2025;01/2025;
MS;2701070002;MS2701070002;SACARINA SÓDICA;EDULCORANTE;XAROPARIA;QUANTIQ;29,65;2965;JAN;2025;01/2025;
PR;2701070002;PR2701070002;SACARINA SÓDICA;EDULCORANTE;XAROPARIA;QUANTIQ;29,65;8895;JAN;2025;01/2025;
MS;2701210002;MS2701210002;SILICA HP 9000;CERVEJARIA;OUTROS;GRACE ;36,01;72020;JAN;2025;01/2025;
MS;2701070001;MS2701070001;SUCRALOSE;EDULCORANTE;XAROPARIA;QUANTIQ;84,3;8430;JAN;2025;01/2025;
PR;2701080001;PR2701080001;ACUCAR CRISTAL;AÇUCAR;XAROPARIA;GERAL;1,84;401856;DEZ;2024;12/2024;
MS;2701080001;MS2701080001;ACUCAR CRISTAL;AÇUCAR;XAROPARIA;GERAL;1,84;529920;DEZ;2024;12/2024;
MS;2701190004;MS2701190004;XAROPE DE HIGH MALTOSE 25KG (BREWGILL);CERVEJARIA;OUTROS;GERAL;2,78;0;DEZ;2024;12/2024;
MS;2701190001;MS2701190001;MALTE PILSEN BAG 1000 - BARLEY;CERVEJARIA;MALTE;GERAL;3,29;109688,6;DEZ;2024;12/2024;
MS;2701190001;MS2701190001;MALTE PILSEN BAG 1000 - BARLEY;CERVEJARIA;MALTE;BARLEY;3,29;109688,6;DEZ;2024;12/2024;
MS;2701190001;MS2701190001;MALTE PILSEN BAG 1000 - BARLEY;CERVEJARIA;MALTE;BARLEY;3,29;109688,6;DEZ;2024;12/2024;
MS;2701190001;MS2701190001;MALTE PILSEN BAG 1000 - BARLEY;CERVEJARIA;MALTE;GERAL;3,29;109688,6;DEZ;2024;12/2024;
MS;2701190001;MS2701190001;MALTE PILSEN BAG 1000 - BARLEY;CERVEJARIA;MALTE;BARLEY;3,29;109688,6;DEZ;2024;12/2024;
MS;2701190001;MS2701190001;MALTE PILSEN BAG 1000 - BARLEY;CERVEJARIA;MALTE;BARLEY;3,29;109688,6;DEZ;2024;12/2024;
MS;2701190001;MS2701190001;MALTE PILSEN BAG 1000 - BARLEY;CERVEJARIA;MALTE;BARLEY;3,29;109688,6;DEZ;2024;12/2024;
SP;2801020042;SP2801020042;PREFORMA 15G CRISTAL;PREFORMA;PET 500 PA;GERAL;0,22133;106238,39999999999;DEZ;2024;12/2024;
SP;2801020041;SP2801020041;PREFORMA 18G CRISTAL 500 ML;PREFORMA;PET 500 PA;ENVASES;0,25664;278649,44639999996;DEZ;2024;12/2024;
SP;2801020032;SP2801020032;PREFORMA 31,7G CRISTAL;PREFORMA;ÁGUA 1,5L;GERAL;0,41577;28199,18448;DEZ;2024;12/2024;
PR;2701130007;PR2701130007;AROMA EXTRATO GUARANA REFRIKO 28;AROMA;REFRIGERANTE;SAPORITI;32,8;26239,999999999996;JAN;2025;01/2025;
PR;2801050021;PR2801050021;AROMA IDENTICO AO NATURAL MELANCIA;AROMA;ENERGÉTICO;DUAS RODAS;37,17;4274,55;JAN;2025;01/2025;
MS;2701050002;MS2701050002;DESTILADO DE ERVAS AROMÁT PARA GIN;AROMA;JAMES COOK;BRUNHOLI;19,2;19200;JAN;2025;01/2025;
MS;2701160001;MS2701160001;CX AUTO GIN JAMES COOK 6X1-;CAIXA;JAMES COOK;BLUMEN;2,96;14800;JAN;2025;01/2025;
MS;2701160002;MS2701160002;CX FUNDO AUTO VODKA JAMES COOK 6X1;CAIXA;JAMES COOK;BLUMEN;2,96;14800;JAN;2025;01/2025;
MS;2701050018;MS2701050018;EMULSAO LARANJA REFRIKO 98;EMULSAO;XAROPARIA;SARAPOTI;32,8;9840;JAN;2025;01/2025;
PR;2701050018;PR2701050018;EMULSAO LARANJA REFRIKO 98;EMULSAO;XAROPARIA;SAPORITI;32,8;16400;JAN;2025;01/2025;
MS;2701040009;MS2701040009;FILME STRETCH POLIETILENO 500X0023;FILME;STRETCH;GUANAPACK;22,85;57125;JAN;2025;01/2025;
PR;2701040004;PR2701040004;FILME TERMO ENCOLHIVEL 600 MM X 0,04 ;FILME;REFRI;PACKESEVEN;14,1;42300;JAN;2025;01/2025;
MS;2701040003;MS2701040003;FILME TERMO ENCOLHÍVEL DE 560X006;FILME;DIVERSOS;PACKESEVEN;23,5;35250;JAN;2025;01/2025;
MS;2701040019;MS2701040019;SHRINK BAMBOA 350ML -360X0,06 LAGER;FILME;BAMBOA;ERPLASTI;14,5;29000;JAN;2025;01/2025;
MS;2701040015;MS2701040015;SHRINK LISO - 380X0,06 ;FILME;VIDRO;PACKSEVEN;21;31500;JAN;2025;01/2025;
MS;2701040002;MS2701040002;FILME TERMO ENCOLHIVEL 420 X 0,06;FILME;REFR/ENERG.;PACKSEVEN;23,5;70500;JAN;2025;01/2025;
PR;2701020097;PR2701020097;PREFORMA PET 200 ML VERDE 12 g ;PREFORMA;REFRIKO 200ML;ENGEPACK;0,197948;84601,391616000008;JAN;2025;01/2025;
PR;2701020101;PR2701020101;PREFORMA 39,7G VERDE;PREFORMA;REFRISHOW;ENGEPACK;0,445;208815,36000000002;JAN;2025;01/2025;
MS;2701020102;MS2701020102;PREFORMA 41 G VERDE;PREFORMA;REFRIKO 2L;GERAL;0,4013;376618,4448;JAN;2025;01/2025;
MS;2701020081;MS2701020081;PREFORMA 54,4GR CRISTAL SHORT;PREFORMA;REFRIKO 3L;GERAL;0,55922;9817,6663200000003;MAR;2025;03/2025;
SP;2801020032;SP2801020032;PREFORMA 31,7G CRISTAL;PREFORMA;ÁGUA 1,5L;GERAL;0,41577;37598,912639999995;JAN;2025;01/2025;
MS;2701020075;MS2701020075;PREFORMA PET 46,7GR CRISTAL;PREFORMA;FURIOSO 2L;ENGEPACK;0,594;172554,62399999998;JAN;2025;01/2025;
PR;2701020075;PR2701020075;PREFORMA PET 46,7GR CRISTAL ;PREFORMA;FURIOSO 2L;ENGEPACK;0,687488;70486,769663999992;JAN;2025;01/2025;
MS;2701010178;MS2701010178;ROT SLEE NOCH MARACUJA 270ML ;ROTULO;SLEEVE;ALL4LABELL;0,12;12000;FEV;2025;02/2025;
MS;2701010179;MS2701010179;ROT SLEE NOCH MELANCIA E MORAN 270ML;ROTULO;SLEEVE;ALL4LABELL;0,12;12000;FEV;2025;02/2025;
MS;2701010200;MS2701010200;ROTULO SLEEVE VODKA JAMES COOK 900ML;ROTULO;SLEEVE;GERAL;0,332;16600;JAN;2025;01/2025;
MS;2701010198;MS2701010198;ROTULO SLEEVE GIN JAMES ACET 900ML;ROTULO;SLEEVE;GERAL;0,332;16600;JAN;2025;01/2025;
MS;2701130009;MS2701130009;SUCO CONCENTRADO DE MACA;SUCO;XAROPARIA;INTERSUCOS;12;2400;JAN;2025;01/2025;
PR;2701130009;PR2701130009;SUCO CONCENTRADO DE MACA;SUCO;XAROPARIA;INTERSUCOS;12;7200;JAN;2025;01/2025;
PR;2701130002;PR2701130002;SUCO CONCENTRADO LIMÃO;SUCO;XAROPARIA;INTERSUCOS;16,5;1650;JAN;2025;01/2025;
PR;2801030013;PR2801030013;TAMPA AZUL LISA;TAMPA;PET;OXFORD;0,043333;13103,899200000002;JAN;2025;01/2025;
PR;2701030043;PR2701030043;TAMPA LARANJA REFRIKO;TAMPA;PET;OXFORD;0,04445;47045,880000000005;JAN;2025;01/2025;
PR;2701030044;PR2701030044;TAMPA LILAS LISA;TAMPA;PET;OXFORD;0,04445;26883,360000000001;JAN;2025;01/2025;
MS;2701030032;MS2701030032;TAMPA METALICA LISA;TAMPA;VIDRO NAC;ARO;0,0495;24750;JAN;2025;01/2025;
PR;2701030050;PR2701030050;TAMPA VERMELHA LISA;TAMPA;PET;OXFORD;0,04445;6720,84;JAN;2025;01/2025;
PR;3002020009;PR3002020009;TERRA CELITE DIATOMITA SPEEDFLOW/STANDARD (VERMELHO);TERRA;XAROPARIA;VENETO;8,8;599,28;JAN;2025;01/2025;
PR;3002020011;PR3002020011;TERRA DIATOMITA 341/HYFLOW (AZUL);TERRA;XAROPARIA;VENETO;8,8;7191,36;JAN;2025;01/2025;
MS;2701120001;MS2701120001;PREMIX ENERG EMULVIT 8942;CONCENT./KITs;C.ENERGETICO;CALDIC;18,05;43320;FEV;2025;02/2025;
PR;2801120002;PR2801120002;PREMIX ENERG EMULVIT 8942;CONCENT./KITs;C.ENERGETICO;QUANTIQ;18,05;16245;FEV;2025;02/2025;
SP;2801010066;SP2801010066;ROTULO BOPP AGUA S/ GAS HIDRATAR 1,5L                    ;ROTULO;BOPP;ELLOFLEX;0,0199498;3989,96;FEV;2025;02/2025;
PR;2701010150;PR2701010150;ROTULO TUBAINA 2L;ROTULO;BOPP;MABFLEX;0,0355;7099,9999999999991;FEV;2025;02/2025;
PR;2701010155;PR2701010155;ROTULO REFRIKO UVA DQI1% 2L;ROTULO;BOPP;MABFLEX;0,0355;7099,9999999999991;FEV;2025;02/2025;
PR;2701010147;PR2701010147;ROTULO REFRIKO LIMÃO DQI1% 2L;ROTULO;BOPP;MABFLEX;0,0355;7099,9999999999991;FEV;2025;02/2025;
PR;2701010143;PR2701010143;ROTULO REFRIKO LARANJA DQI1% 200 ML ;ROTULO;BOPP;TRIA;0,008;12000;FEV;2025;02/2025;
PR;2701010146;PR2701010146;ROTULO REFRIKO LIMÃO DQI1% 200 ML ;ROTULO;BOPP;TRIA;0,008;12000;FEV;2025;02/2025;
PR;2701010154;PR2701010154;ROTULO REFRIKO UVA DQI1% 200 ML ;ROTULO;BOPP;GERAL;0,008;12000;FEV;2025;02/2025;
PA;10020012;PA10020012;AROMA DE GUARANA 31835 ADM;AROMA;REFRIGERANTE;ADM;120,2;36060;JAN;2025;01/2025;
PA;10020011;PA10020011;AROMA NATURAL MOUTHFEEL FASV259 ADM;AROMA;REFRIGERANTE;ADM;157,52;31504,000000000004;JAN;2025;01/2025;
PA;10100024;PA10100024;CICLAMATO DE SÓDIO ;EDULCORANTE;XAROPARIA;GERAL;19,87;4967,5;JAN;2025;01/2025;
PA;10090071;PA10090071;SUCRALOSE;EDULCORANTE;XAROPARIA;GERAL;114,06;22812;JAN;2025;01/2025;
PA;11070046;PA11070046;PREFORMA 18 ou 20,6G CRISTAL;PREFORMA;PET 500 PA;CRISTALPET;0,236;59132,159999999996;JAN;2025;01/2025;
PA;11070012;PA11070012;PREFORMA 46,0G CRISTAL OU 45,7 G;PREFORMA;PET 2L PA;CRISTALPET;0,49;132433,28;JAN;2025;01/2025;
PA;11070032;PA11070032;PREFORMA 48GR CRISTAL OU 50,7 G;PREFORMA;PET 2,5L PA;AMCOR;0,498;107089,92;JAN;2025;01/2025;
PA;11070033;PA11070033;PREFORMA 48GR VERDE OU 50,7 G;PREFORMA;PET 2,5L PA;AMCOR;0,498;120476,16;JAN;2025;01/2025;
PA;11070041;PA11070041;PREFORMA PET 200 ML CRISTAL 12 G;PREFORMA;PET 200 PA;CRISTALPET;0,159;33977,663999999997;JAN;2025;01/2025;
PA;11070048;PA11070048;PREFORMA PET 200 ML VERDE 12 G;PREFORMA;PET 200 PA;CRISTALPET;0,159;9707,9040000000005;JAN;2025;01/2025;
PA;10090293;PA10090293;SUCO CONCENTRADO DE MACA;SUCO;XAROPARIA;INTERSUCOS;11,5;40250;JAN;2025;01/2025;
PA;10090090;PA10090090;SUCO CONCENTRADO LARANJA;SUCO;XAROPARIA;INTERSUCOS;10,5;6300;JAN;2025;01/2025;
PA;10020012;PA10020012;AROMA DE GUARANA 31835 ADM;AROMA;REFRIGERANTE;ADM;120,2;36060;FEV;2025;02/2025;
PA;10090295;PA10090295;CONCENTRADO COLA IAB 7729 (NOVO);CONCENT./KITs;KIT COLA;INTERAMERICA;22,39;33585;FEV;2025;02/2025;
PA;10010001;PA10010001;ACUCAR CRISTAL;AÇUCAR;XAROPARIA; TIETE ;2,27792;341688;JAN;2025;01/2025;
MS;2701150004;MS2701150004;VASILHAME OW 600ML (BELLA ROMA);VASILHAME;NORMAL;VERALLIA;1,13;192212,99999999997;DEZ;2024;12/2024;
MS;2701190001;MS2701190001;MALTE PILSEN BAG 1000 - BARLEY;CERVEJARIA;MALTE;BARLEY;3,29;109688,6;JAN;2025;01/2025;
MS;2701190001;MS2701190001;MALTE PILSEN BAG 1000 - BARLEY;CERVEJARIA;MALTE;BARLEY;3,29;109688,6;JAN;2025;01/2025;
MS;2701190001;MS2701190001;MALTE PILSEN BAG 1000 - BARLEY;CERVEJARIA;MALTE;GERAL;3,29;109688,6;JAN;2025;01/2025;
MS;2701190001;MS2701190001;MALTE PILSEN BAG 1000 - BARLEY;CERVEJARIA;MALTE;GERAL;3,29;223588,4;JAN;2025;01/2025;
MS;2701190004;MS2701190004;XAROPE DE HIGH MALTOSE 25KG (BREWGILL);CERVEJARIA;OUTROS;TEREOS;2,78;83400;JAN;2025;01/2025;
MS;2701190004;MS2701190004;XAROPE DE HIGH MALTOSE 25KG (BREWGILL);CERVEJARIA;OUTROS;TEREOS;2,78;166800;JAN;2025;01/2025;
MS;2701190004;MS2701190004;XAROPE DE HIGH MALTOSE 25KG (BREWGILL);CERVEJARIA;OUTROS;TEREOS;2,78;83400;JAN;2025;01/2025;
MS;2701190004;MS2701190004;XAROPE DE HIGH MALTOSE 25KG (BREWGILL);CERVEJARIA;OUTROS;TEREOS;2,78;81287,199999999997;JAN;2025;01/2025;
MS;2701200002;MS2701200002;LUPULO LSKE;CERVEJARIA;LUPULO;LNF LATINO;1017,47;19942,412;JAN;2025;01/2025;
MS;2701020081;MS2701020081;PREFORMA 54,4GR CRISTAL SHORT;PREFORMA;REFRIKO 3L;ENGEPACK;0,55922;16266,591360000002;DEZ;2024;12/2024;
MS;2701020109;MS2701020109;PREFORMA 54,4GR VERDE SHORT;PREFORMA;REFRIKO 3L;ENGEPACK;0,55922;20333,239200000004;DEZ;2024;12/2024;
PR;2701080001;PR2701080001;ACUCAR CRISTAL;AÇUCAR;XAROPARIA;RAIZEN;1,84;344448;JAN;2025;01/2025;
MS;2701080001;MS2701080001;ACUCAR CRISTAL;AÇUCAR;XAROPARIA;GERAL;1,84;454848;JAN;2025;01/2025;
MS;2701170003;MS2701170003;VINHO DE MESA TINTO SECO GRANEL;VINHO;TANQUE; GAZZI;4,2;155400;JAN;2025;01/2025;
MS;2701170003;MS2701170003;VINHO DE MESA TINTO SECO GRANEL;VINHO;TANQUE; GAZZI;4,2;155400;JAN;2025;01/2025;
MS;2701170003;MS2701170003;VINHO DE MESA TINTO SECO GRANEL;VINHO;TANQUE; GAZZI;4,2;155400;JAN;2025;01/2025;
MS;2701170003;MS2701170003;VINHO DE MESA TINTO SECO GRANEL;VINHO;TANQUE; GAZZI;4,2;155400;JAN;2025;01/2025;
MS;2701170002;MS2701170002;ETANOL NEUTRO ALCOOL ETILICO POT 96º-IND;ETANOL;TANQUE;PEROLA;4,474;408225,65600000002;JAN;2025;01/2025;
PA;10010001;PA10010001;ACUCAR CRISTAL;AÇUCAR;XAROPARIA;VALE;2,27792;335810,96639999998;FEV;2025;02/2025;
PA;10100024;PA10100024;CICLAMATO DE SÓDIO ;EDULCORANTE;XAROPARIA;QUANTIQ;19,87;3974;FEV;2025;02/2025;
PA;10090295;PA10090295;CONCENTRADO COLA IAB 7729 (NOVO);CONCENT./KITs;KIT COLA;INTERAMERICA;22,39;33585;FEV;2025;02/2025;
PA;11070046;PA11070046;PREFORMA 18 ou 20,6G CRISTAL;PREFORMA;PET 500 PA;AMCOR;0,236;29566,079999999998;FEV;2025;02/2025;
PA;11070032;PA11070032;PREFORMA 48GR CRISTAL OU 50,7 G;PREFORMA;PET 2,5L PA;AMCOR;0,498;160634,88;FEV;2025;02/2025;
PA;11070033;PA11070033;PREFORMA 48GR VERDE OU 50,7 G;PREFORMA;PET 2,5L PA;AMCOR;0,498;44620,800000000003;FEV;2025;02/2025;
PA;10090017;PA10090017;EMULSAO LARANJA REFRIKO 98;EMULSAO;XAROPARIA;SAPORITI ;36;5400;MAR;2025;03/2025;
PA;10020011;PA10020011;AROMA NATURAL MOUTHFEEL FASV259 ADM;AROMA;REFRIGERANTE;ADM;157,52;31504,000000000004;MAR;2025;03/2025;
PA;10090291;PA10090291;EXTRATO DE GUARANA 200% DUAS RODAS;AROMA;REFRIGERANTE;DUAS RODAS;47,87;7180,5;MAR;2025;03/2025;
PA;12030001;PA12030001;FILME STRETCH POLIETILENO 500X0023;FILME;STRETCH;PRISMAPACK;9,8;9800;MAR;2025;03/2025;
PA;11040793;PA11040793;FILME TERMO - 480X0,06;FILME;REFRI;PRISMAPACK;10,35;38295;MAR;2025;03/2025;
PA;11040007;PA11040007;FILME TERMO ENCOLHIVEL 420 X 0,06;FILME;REFR/ENERG.;PRISMAPACK;10,35;22770;MAR;2025;03/2025;
PA;11080244;PA11080244;ROTULO MICOS COLA 500ML;ROTULO;BOPP-PA;ELLOFLEX;0,03373;16865;MAR;2025;03/2025;
PA;11080245;PA11080245;RÓTULO MICOS GUARANA 2,5L;ROTULO;BOPP-PA;ELLOFLEX ;0,03395;20370;MAR;2025;03/2025;
PA;11080252;PA11080252;ROTULO MICOS LARANJA 500ML;ROTULO;BOPP-PA;ELLOFLEX;0,03373;16865;MAR;2025;03/2025;
PA;11080264;PA11080264;ROTULO TUCA LARANJA 2L;ROTULO;BOPP-PA;ELLOFLEX;0,04163;24978;MAR;2025;03/2025;
PA;11090034;PA11090034;TAMPA LILAS LISA;TAMPA;PET;RAVIBRAS;0,04667;21169,512000000002;MAR;2025;03/2025;
PA;11090031;PA11090031;TAMPA VERMELHA LISA;TAMPA;PET;RAVIBRAS;0,04667;77621,544000000009;MAR;2025;03/2025;
PR;2701050037;PR2701050037;AROMA IDENTICO AO NATURAL FRAMBOESA 77587 SAPORITI;AROMA;REFRIGERANTE;SAPORITI;62;6200;FEV;2025;02/2025;
PR;2701130007;PR2701130007;AROMA EXTRATO GUARANA REFRIKO 28;AROMA;REFRIGERANTE;SAPORITI;32,8;22959,999999999996;FEV;2025;02/2025;
PR;2701050011;PR2701050011;AROMA LIMAO REFRIKO 41;AROMA;REFRIGERANTE;SAPORITI;48;7200;FEV;2025;02/2025;
PR;2701050001;PR2701050001;AROMA NATURAL MOUTHFEEL FASV259 ADM;AROMA;REFRIGERANTE;ADM ;165,4;33080;FEV;2025;02/2025;
PR;2701050027;PR2701050027;AROMA UVA REFRIKO 84;AROMA;REFRIGERANTE;SAPORITI;28;8400;FEV;2025;02/2025;
PR;2701050022;PR2701050022;CONCENTRADO DE GUARANA IAB 7205;AROMA;REFRIGERANTE;INTERAMERICA;27,17;108680;FEV;2025;02/2025;
PR;2701070001;PR2701070001;SUCRALOSE;EDULCORANTE;XAROPARIA;QUANTIQ;88;22000;FEV;2025;02/2025;
PR;2701050020;PR2701050020;EMULSÃO COLA E-0388 ADM (NOVO) (usar no 500 ml);EMULSAO;XAROPARIA;ADM ;384,51;19225,5;FEV;2025;02/2025;
PR;2701040009;PR2701040009;FILME STRETCH POLIETILENO 500X0023;FILME;STRETCH;GUANAPACK;20;20000;FEV;2025;02/2025;
PR;2701040005;PR2701040005;FILME TERMO ENCOLHIVEL 660 MM X 0,04;FILME;ENERGÉTICO;PACKESEVEN;23,5;25850;FEV;2025;02/2025;
PR;2701040006;PR2701040006;FILME TERMO ENCOLHIVEL 860/5 MM;FILME;JUJ/TERN;PACKESEVEN;23,575;23575;FEV;2025;02/2025;
PR;2701040007;PR2701040007;FILME TERMO ENCOLHIVEL 860/0,06 MM;FILME;REFR/ENERG.;PACKESEVEN;23,575;70725;FEV;2025;02/2025;
PR;2701020055;PR2701020055;PREFORMA 18G CRISTAL;PREFORMA;FURIOSO 250ML;ENGEPACK;0,25664;538081,68959999993;FEV;2025;02/2025;
PR;2701020101;PR2701020101;PREFORMA 39,7G VERDE;PREFORMA;REFRISHOW;ENGEPACK;0,445;208815,36000000002;FEV;2025;02/2025;
PR;2701020102;PR2701020102;PREFORMA 41G VERDE;PREFORMA;REFRIKO 2L;ENGEPACK;0,5212;244572,0576;FEV;2025;02/2025;
PR;2701130009;PR2701130009;SUCO CONCENTRADO DE MACA;SUCO;XAROPARIA;INTERSUCOS;12;4200;FEV;2025;02/2025;
PR;2701130001;PR2701130001;SUCO CONCENTRADO LARANJA;SUCO;XAROPARIA;INTERSUCOS;12;1800;FEV;2025;02/2025;
PR;2801050025;PR2801050025;AROMA IDENTICO AO NATURAL MORANGO;AROMA;ENERGÉTICO;DUAS RODAS;75,88;3794;FEV;2025;02/2025;
PR;2801050015;PR2801050015;AROMA MAÇA VERDE COD;AROMA;ENERGÉTICO;DUAS RODAS;46,45;2322,5;FEV;2025;02/2025;
PR;2801050021;PR2801050021;AROMA IDENTICO AO NATURAL MELANCIA;AROMA;ENERGÉTICO;DUAS RODAS;37,17;1858,5;FEV;2025;02/2025;
PR;2801130002;PR2801130002;POLPA DE AÇAI DESIDRATA SOL.;AROMA;ENERGÉTICO;SANRISIL;51,4;5140;FEV;2025;02/2025;
PR;2801010100;PR2801010100;ROTULO FURIOSO 2L;ROTULO;SLEEVE;ALL4LABELL;0,2062;41240;FEV;2025;02/2025;
PR;2801010097;PR2801010097;ROTULO FURIOSO MELANCIA E MORANGO 250ML;ROTULO;SLEEVE;ALL4LABELL;0,050377;10075,4;FEV;2025;02/2025;
PR;2801010095;PR2801010095;ROTULO FURIOSO MELAO 250ML;ROTULO;SLEEVE;ALL4LABELL;0,050377;10075,4;FEV;2025;02/2025;
MS;2701090007;MS2701090007;ACIDO MALICO;ACID.E CONSERV.;NOCH;TOTAL ING;9,75;975;FEV;2025;02/2025;
MS;2701100002;MS2701100002;BENZOATO DE SODIO;ACID.E CONSERV.;REF/ENER/NOCH/TON;BBCA;12,1;9680;FEV;2025;02/2025;
MS;2701090006;MS2701090006;CITRATO DE SODIO;ACID.E CONSERV.;ENERG/DELIRIO;bBCA;8,28;4968;FEV;2025;02/2025;
MS;2701130007;MS2701130007;AROMA EXTRATO GUARANA REFRIKO 28;AROMA;REFRIGERANTE;SARAPOTI;32,8;9840;FEV;2025;02/2025;
MS;2701050008;MS2701050008;AROMA FRUTAS TROPICAIS;AROMA;ENERGÉTICO;MONARCH;149,57;29914;FEV;2025;02/2025;
MS;2701050021;MS2701050021;AROMA IDENTICO AO NATURAL MORANGO;AROMA;ENERGÉTICO;DUAS RODAS;75,88;11382;FEV;2025;02/2025;
MS;2701050011;MS2701050011;AROMA LIMAO REFRIKO 41;AROMA;REFRIGERANTE;SARAPOTI;48;4800;FEV;2025;02/2025;
MS;2701050013;MS2701050013;AROMA MAÇA VERDE COD;AROMA;ENERGÉTICO;DUAS RODAS;46,45;6967,5;FEV;2025;02/2025;
MS;2701050019;MS2701050019;AROMA MELAO ;AROMA;ENERGÉTICO;DUAS RODAS;58,97;11794;FEV;2025;02/2025;
MS;2701050001;MS2701050001;AROMA NATURAL MOUTHFEEL FASV259 ADM;AROMA;REFRIGERANTE;GERAL;165,4;24810;FEV;2025;02/2025;
MS;2701050028;MS2701050028;AROMA NATURAL PARA VODKA ;AROMA;VODKA;DUAS RODAS;25,88;5176;FEV;2025;02/2025;
MS;2701050022;MS2701050022;CONCENTRADO DE GUARANA IAB 7205;AROMA;REFRIGERANTE;INTERAMERICA;25,87;43979;FEV;2025;02/2025;
MS;2701160012;MS2701160012;CX 12X300ML - TUBAINA;CAIXA;TUBAINA;JAUENSE;1,69;33800;FEV;2025;02/2025;
MS;2701240002;MS2701240002;CANTONEIRA DE PAPELAO 110x110x1580;CANTONEIRA;CANTONEIRA;GERAL;1,62;16200,000000000002;FEV;2025;02/2025;
MS;2701090003;MS2701090003;ACIDO LACTICO - IBC;CERVEJARIA;OUTROS;KATEC;10,41;10410;FEV;2025;02/2025;
MS;2701090005;MS2701090005;ANTIOXIDANTE;CERVEJARIA;OUTROS;AEB;30,22;3022;FEV;2025;02/2025;
MS;2701250001;MS2701250001;CLORETO DE CALCIO - IBC;CERVEJARIA;OUTROS;BELA VISTA;4,07;2035,0000000000002;FEV;2025;02/2025;
MS;2701050023;MS2701050023;PREP ACIDO COLA ;CONCENT./KITs;KIT COLA;SARAPOTI;25;5000;FEV;2025;02/2025;
MS;2701070001;MS2701070001;SUCRALOSE;EDULCORANTE;XAROPARIA;CALDIC;84,3;4215;FEV;2025;02/2025;
MS;2701050020;MS2701050020;EMULSÃO COLA E-0388 ADM (NOVO);EMULSAO;XAROPARIA;GERAL;384,51;26915,7;FEV;2025;02/2025;
MS;2701050018;MS2701050018;EMULSAO LARANJA REFRIKO 98;EMULSAO;XAROPARIA;SARAPOTI;32,8;6559,9999999999991;FEV;2025;02/2025;
MS;2701040009;MS2701040009;FILME STRETCH POLIETILENO 500X0023;FILME;STRETCH;GUANAPACK;22,85;68550;FEV;2025;02/2025;
MS;2701040003;MS2701040003;FILME TERMO ENCOLHÍVEL DE 560X006;FILME;DIVERSOS;GERAL;23,5;23500;FEV;2025;02/2025;
MS;2701040015;MS2701040015;SHRINK LISO - 380X0,06 ;FILME;VIDRO;PACKSEVEN;21;21000;FEV;2025;02/2025;
MS;2701040002;MS2701040002;FILME TERMO ENCOLHIVEL 420 X 0,06;FILME;REFR/ENERG.;PACKSEVEN;23,5;82250;FEV;2025;02/2025;
MS;2701040010;MS2701040010;SHRINK MOEMA 473ML - 400X0,06;FILME;MOEMA;ERPLASTI;14,5;36250;FEV;2025;02/2025;
MS;2701260003;MS2701260003;LACRE BARRIL MOEMA;LACRE;CHOPP;GERAL;0,365;730;FEV;2025;02/2025;
MS;2701020102;MS2701020102;PREFORMA 41 G VERDE;PREFORMA;REFRIKO 2L;GERAL;0,4013;188309,2224;FEV;2025;02/2025;
MS;2701020109;MS2701020109;PREFORMA 54,4GR VERDE SHORT;PREFORMA;REFRIKO 3L;GERAL;0,55922;29452,998960000004;MAR;2025;03/2025;
MS;2701020075;MS2701020075;PREFORMA PET 46,7GR CRISTAL;PREFORMA;FURIOSO 2L;GERAL;0,594;395860,60800000001;FEV;2025;02/2025;
MS;2701010178;MS2701010178;ROT SLEE NOCH MARACUJA 270ML ;ROTULO;SLEEVE;GERAL;0,12;12000;FEV;2025;02/2025;
MS;2701010179;MS2701010179;ROT SLEE NOCH MELANCIA E MORAN 270ML;ROTULO;SLEEVE;GERAL;0,12;12000;FEV;2025;02/2025;
MS;2701010116;MS2701010116;ROTULO ADESIVO TUBAINA 300ML;ROTULO;ADESIVO;ALL4LABELL;0,03998;7996;FEV;2025;02/2025;
MS;2701130009;MS2701130009;SUCO CONCENTRADO DE MACA;SUCO;XAROPARIA;INTERSUCOS;12;4200;FEV;2025;02/2025;
MS;2701130001;MS2701130001;SUCO CONCENTRADO LARANJA;SUCO;XAROPARIA;INTERSUCOS;12;900;FEV;2025;02/2025;
MS;2701130003;MS2701130003;SUCO CONCENTRADO UVA;SUCO;XAROPARIA;INTERSUCOS;13;1300;FEV;2025;02/2025;
MS;2701030041;MS2701030041;TAMPA AZUL BAMBOA (VODKA BAMBOA);TAMPA;VIDRO NAC;BRASTAMPAS;0,3;90000;FEV;2025;02/2025;
MS;3002020009;MS3002020009;TERRA CELITE DIATOMITA SPEEDFLOW/STANDARD (VERMELHO);TERRA;CERVEJARIA;VENETO;8,8;14982,000000000002;FEV;2025;02/2025;
MS;3002020011;MS3002020011;TERRA DIATOMITA 341/HYFLOW (AZUL);TERRA;XAROPARIA;VENETO;8,8;998,80000000000007;FEV;2025;02/2025;
SP;2801040018;SP2801040018;FILME TERMOENCOLHIVEL LISO 390X0,05MM                    ;FILME;ÁGUA 500;PACKSEVEN;23,575;47150;FEV;2025;02/2025;
SP;2801020042;SP2801020042;PREFORMA 15G CRISTAL;PREFORMA;PET 500 PA;GERAL;0,22133;220975,872;FEV;2025;02/2025;
SP;2801020041;SP2801020041;PREFORMA 18G CRISTAL 500 ML;PREFORMA;PET 500 PA;GERAL;0,25664;557298,89279999991;FEV;2025;02/2025;
PR;2801120002;PR2801120002;PREMIX ENERG EMULVIT 8942;CONCENT./KITs;C.ENERGETICO;GERAL;18,05;12635;MAR;2025;03/2025;
PR;2701010138;PR2701010138;ROTULO GUARANA 2L;ROTULO;BOPP;MABFLEX;0,0355;10649,999999999998;MAR;2025;03/2025;
PR;2701010163;PR2701010163;ROTULO TUBA JUJUBA 2L;ROTULO;BOPP;MABFLEX;0,0355;7099,9999999999991;MAR;2025;03/2025;
PR;2701010144;PR2701010144;ROTULO REFRIKO LARANJA DQI1% 2L;ROTULO;BOPP;MABFLEX;0,0355;5324,9999999999991;MAR;2025;03/2025;
MS;2701240004;MS2701240004;CHAPA SEM IMPRESSAO 1000X1200 (NOVA);SEPARADOR DE CAMADAS;CHAPA;CPEL;1,25;51250;MAR;2025;03/2025;
MS;2701120001;MS2701120001;PREMIX ENERG EMULVIT 8942;CONCENT./KITs;C.ENERGETICO;CALDIC;18,05;36100;MAR;2025;03/2025;
MS;2701010133;MS2701010133;ROTULO REFRIKO COLA 3L;ROTULO;BOPP;C-MAB;0,038896;3889,6;MAR;2025;03/2025;
MS;2701010163;MS2701010163;ROTULO TUBA JUJUBA 2L;ROTULO;BOPP;C-MAB;0,0355;7099,9999999999991;MAR;2025;03/2025;
MS;2701010151;MS2701010151;ROTULO TUBAINA 3L;ROTULO;BOPP;C-MAB;0,038896;3889,6;MAR;2025;03/2025;
MS;2701010144;MS2701010144;ROTULO REFRIKO LARANJA DQI1% 2L;ROTULO;BOPP;C-MAB;0,0355;1774,9999999999998;MAR;2025;03/2025;
SP;2801010063;SP2801010063;ROTULO BOPP AGUA C/ GAS HIDRATAR 500ML                   ;ROTULO;BOPP;GERAL;0,01056;42240;MAR;2025;03/2025;
SP;2801010068;SP2801010068;ROTULO BOPP AGUA S/ GAS HIDRATAR 500ML                   ;ROTULO;BOPP;GERAL;0,01056;40789,679040000003;MAR;2025;03/2025;
MS;2701150006;MS2701150006;VASILHAME AMBAR 300ML - LITRINHO;VASILHAME;NORMAL;GERAL;0,74;75213,600000000006;FEV;2025;02/2025;
MS;2701150001;MS2701150001;VASILHAME GINGUALA 970ML;VASILHAME;NORMAL;GERAL;1,57;201776,4;FEV;2025;02/2025;
MS;2701150004;MS2701150004;VASILHAME OW 600ML (BELLA ROMA);VASILHAME;NORMAL;GERAL;1,13;68647,5;FEV;2025;02/2025;
PR;2701080001;PR2701080001;ACUCAR CRISTAL;AÇUCAR;XAROPARIA;RAIZEN;1,84;574080;FEV;2025;02/2025;
MS;2701080001;MS2701080001;ACUCAR CRISTAL;AÇUCAR;XAROPARIA;RAIZEN;1,84;272320;FEV;2025;02/2025;
MS;2701190004;MS2701190004;XAROPE DE HIGH MALTOSE 25KG (BREWGILL);CERVEJARIA;OUTROS;GERAL;2,78;83400;FEV;2025;02/2025;
MS;2701190004;MS2701190004;XAROPE DE HIGH MALTOSE 25KG (BREWGILL);CERVEJARIA;OUTROS;GERAL;2,78;83400;FEV;2025;02/2025;
MS;2701190004;MS2701190004;XAROPE DE HIGH MALTOSE 25KG (BREWGILL);CERVEJARIA;OUTROS;GERAL;2,78;83400;FEV;2025;02/2025;
MS;2701190004;MS2701190004;XAROPE DE HIGH MALTOSE 25KG (BREWGILL);CERVEJARIA;OUTROS;GERAL;2,78;83400;FEV;2025;02/2025;
MS;2701190004;MS2701190004;XAROPE DE HIGH MALTOSE 25KG (BREWGILL);CERVEJARIA;OUTROS;GERAL;2,78;166466,4;FEV;2025;02/2025;
MS;2701190001;MS2701190001;MALTE PILSEN BAG 1000 - BARLEY;CERVEJARIA;MALTE;GERAL;3,29;109688,6;FEV;2025;02/2025;
MS;2701190001;MS2701190001;MALTE PILSEN BAG 1000 - BARLEY;CERVEJARIA;MALTE;GERAL;3,29;109688,6;FEV;2025;02/2025;
MS;2701190001;MS2701190001;MALTE PILSEN BAG 1000 - BARLEY;CERVEJARIA;MALTE;GERAL;3,29;109688,6;FEV;2025;02/2025;
MS;2701190001;MS2701190001;MALTE PILSEN BAG 1000 - BARLEY;CERVEJARIA;MALTE;GERAL;3,29;109688,6;FEV;2025;02/2025;
MS;2701190001;MS2701190001;MALTE PILSEN BAG 1000 - BARLEY;CERVEJARIA;MALTE;GERAL;3,29;109688,6;FEV;2025;02/2025;
MS;2701190001;MS2701190001;MALTE PILSEN BAG 1000 - BARLEY;CERVEJARIA;MALTE;GERAL;3,29;348082;FEV;2025;02/2025;
MS;2701150004;MS2701150004;VASILHAME OW 600ML (BELLA ROMA);VASILHAME;NORMAL;GERAL;1,13;64070,999999999993;FEV;2025;02/2025;
MS;2701150004;MS2701150004;VASILHAME OW 600ML (BELLA ROMA);VASILHAME;NORMAL;GERAL;1,13;64070,999999999993;FEV;2025;02/2025;
MS;3002020007;MS3002020007;CARVÃO ATIVADO;TERRA;XAROPARIA;GERAL;12,5;1875;FEV;2025;02/2025;
PR;3002020007;PR3002020007;CARVÃO ATIVADO;TERRA;XAROPARIA;GUARAMEX;12,5;2500;FEV;2025;02/2025;
PR;2701040005;PR2701040005;FILME TERMO ENCOLHIVEL 660 MM X 0,04;FILME;ENERGÉTICO;PACKSEVEN;23,5;35250;JAN;2025;01/2025;
PA;10090273;PA10090273;ACESSULFAME DE POTASSIO;EDULCORANTE;XAROPARIA;QUANTIQ;34,9;1745;MAR;2025;03/2025;
PA;10100003;PA10100003;ACIDO CITRICO;ACID.E CONSERV.;REF/ENER/ROM/DEL;INDEMIL;10,1;50500;MAR;2025;03/2025;
PA;10010001;PA10010001;ACUCAR CRISTAL;AÇUCAR;XAROPARIA;GERAL;2,27792;111936,98879999999;MAR;2025;03/2025;
PA;10010001;PA10010001;ACUCAR CRISTAL;AÇUCAR;XAROPARIA;GERAL;2,27792;111936,98879999999;MAR;2025;03/2025;
PA;10010001;PA10010001;ACUCAR CRISTAL;AÇUCAR;XAROPARIA;GERAL;2,27792;111936,98879999999;MAR;2025;03/2025;
PA;10010001;PA10010001;ACUCAR CRISTAL;AÇUCAR;XAROPARIA;GERAL;2,27792;111936,98879999999;MAR;2025;03/2025;
PA;10090100;PA10090100;ASPARTAME;EDULCORANTE;XAROPARIA;QUANTIQ ;70,39;10558,5;MAR;2025;03/2025;
PA;10100012;PA10100012;BENZOATO DE SODIO;ACID.E CONSERV.;REF/ENER/NOCH/TON;BBCA;10,352;15528;MAR;2025;03/2025;
PA;10100024;PA10100024;CICLAMATO DE SÓDIO ;EDULCORANTE;XAROPARIA;QUANTIQ;19,87;4967,5;MAR;2025;03/2025;
PA;10100006;PA10100006;CITRATO DE SODIO;ACID.E CONSERV.;ENERG/DELIRIO;BBCA;10,37;2074;MAR;2025;03/2025;
PA;11070046;PA11070046;PREFORMA 18 ou 20,6G CRISTAL;PREFORMA;PET 500 PA;AMCOR;0,236;83770,559999999998;MAR;2025;03/2025;
PA;11070012;PA11070012;PREFORMA 46,0G CRISTAL OU 45,7 G;PREFORMA;PET 2L PA;AMCOR;0,49;173818,68;MAR;2025;03/2025;
PA;11070032;PA11070032;PREFORMA 48GR CRISTAL OU 50,7 G;PREFORMA;PET 2,5L PA;AMCOR;0,498;272186,88;MAR;2025;03/2025;
PA;11070033;PA11070033;PREFORMA 48GR VERDE OU 50,7 G;PREFORMA;PET 2,5L PA;AMCOR;0,498;142786,56;MAR;2025;03/2025;
PA;11070041;PA11070041;PREFORMA PET 200 ML CRISTAL 12 G;PREFORMA;PET 200 PA;AMCOR;0,159;19415,808000000001;MAR;2025;03/2025;
PA;11080253;PA11080253;RÓTULO MICOS UVA 2,5L;ROTULO;BOPP-PA;ELLOFLEX;0,03395;10185;MAR;2025;03/2025;
PA;11080254;PA11080254;RÓTULO MICOS UVA 200ML;ROTULO;BOPP-PA;ELLOFLEX;0,0059;2950;MAR;2025;03/2025;
PA;10090032;PA10090032;SACARINA SÓDICA;EDULCORANTE;XAROPARIA;QUANTIQ;38,4;5760;MAR;2025;03/2025;
PA;10100002;PA10100002;SORBATO DE POTASSIO 25KG;ACID.E CONSERV.;REF/ENER/ROM/DEL;KATEC;18,55;9275;MAR;2025;03/2025;
PA;10090071;PA10090071;SUCRALOSE;EDULCORANTE;XAROPARIA;QUANTIQ;114,06;25093,200000000001;MAR;2025;03/2025;
PA;10020012;PA10020012;AROMA DE GUARANA 31835 ADM;AROMA;REFRIGERANTE;ADM;120,2;36060;ABR;2025;04/2025;
PA;10090274;PA10090274;CONCENTRADO BEBIDAS ENERGETICA;AROMA;KIT ENERGÉTICO;WILD;164,7247563;82362,378133704755;ABR;2025;04/2025;
MS;2701090003;MS2701090003;ACIDO LACTICO - IBC;CERVEJARIA;OUTROS;KATEC;10,41;10410;MAR;2025;03/2025;
MS;2701090005;MS2701090005;ANTIOXIDANTE;CERVEJARIA;OUTROS;AEB;30,22;6044;MAR;2025;03/2025;
MS;2701050010;MS2701050010;AROMA DE LARANJA IDENTICO AO NATURAL;AROMA;REFRIGERANTE;DUAS RODAS;75,22;1053,08;MAR;2025;03/2025;
MS;2701050008;MS2701050008;AROMA FRUTAS TROPICAIS;AROMA;ENERGÉTICO;MONARCH;149,57;14957;MAR;2025;03/2025;
PR;2801050006;PR2801050006;AROMA FRUTAS TROPICAIS;AROMA;ENERGÉTICO;MONARCH;149,57;14957;MAR;2025;03/2025;
PR;2701050011;PR2701050011;AROMA LIMAO REFRIKO 41;AROMA;REFRIGERANTE;BBCA;48;12000;MAR;2025;03/2025;
MS;2701050019;MS2701050019;AROMA MELAO ;AROMA;ENERGÉTICO;DUAS RODAS;58,97;14742,5;MAR;2025;03/2025;
MS;2701050027;MS2701050027;AROMA UVA REFRIKO 84;AROMA;REFRIGERANTE;SAPORITI;28;2800;MAR;2025;03/2025;
PR;2701050027;PR2701050027;AROMA UVA REFRIKO 84;AROMA;REFRIGERANTE;BBCA;28;8400;MAR;2025;03/2025;
MS;2701070005;MS2701070005;ASPARTAME;EDULCORANTE;XAROPARIA;CALDIC;61,26;4594,5;MAR;2025;03/2025;
PR;2701070005;PR2701070005;ASPARTAME;EDULCORANTE;XAROPARIA;CALDIC;61,26;3063;MAR;2025;03/2025;
MS;2701100002;MS2701100002;BENZOATO DE SODIO;ACID.E CONSERV.;REF/ENER/NOCH/TON;GERAL;12,1;8470;MAR;2025;03/2025;
PR;2701100002;PR2701100002;BENZOATO DE SODIO;ACID.E CONSERV.;REF/ENER/NOCH/TON;BBCA;12,1;27830;MAR;2025;03/2025;
MS;2701090006;MS2701090006;CITRATO DE SODIO;ACID.E CONSERV.;ENERG/DELIRIO;GERAL;8,28;4968;MAR;2025;03/2025;
PR;2801090005;PR2801090005;CITRATO DE SODIO;ACID.E CONSERV.;ENERG/DELIRIO;BBCA;8,28;1655,9999999999998;MAR;2025;03/2025;
MS;2701250001;MS2701250001;CLORETO DE CALCIO - IBC;CERVEJARIA;OUTROS;BELA VISTA;4,07;4070,0000000000005;MAR;2025;03/2025;
PR;2701050022;PR2701050022;CONCENTRADO DE GUARANA IAB 7205;AROMA;REFRIGERANTE;INTERAMERICA;27,17;108680;MAR;2025;03/2025;
MS;2701060007;MS2701060007;CORANTE CARAMELO CLASE IV DPC;CORANTE;REFRIGERANTE;SAPORITI;7,5;2250;MAR;2025;03/2025;
PR;2701060007;PR2701060007;CORANTE CARAMELO CLASE IV DPC;CORANTE;REFRIGERANTE;SAPORITI;7,5;3000;MAR;2025;03/2025;
MS;2701060006;MS2701060006;CORANTE CARAMELO CERVEJA;CERVEJARIA;OUTROS;GERAL;6,04;3020;MAR;2025;03/2025;
PR;2701050018;PR2701050018;EMULSAO LARANJA REFRIKO 98;EMULSAO;XAROPARIA;SAPORITI;32,8;22959,999999999996;MAR;2025;03/2025;
MS;2701210004;MS2701210004;ENZIMA ULTRA FLOW;CERVEJARIA;OUTROS;PROZYN ;76,36;7636;MAR;2025;03/2025;
MS;2701040009;MS2701040009;FILME STRETCH POLIETILENO 500X0023;FILME;STRETCH;GUANAPACK;22,85;45700;MAR;2025;03/2025;
PR;2701040009;PR2701040009;FILME STRETCH POLIETILENO 500X0023;FILME;STRETCH;GUANAPACK;20;30000;MAR;2025;03/2025;
MS;2701040001;MS2701040001;FILME TERMO ENCOLHIVEL 420 X 0,05;FILME;JUJ/TERN;PACKSEVEN;21;21000;MAR;2025;03/2025;
PR;2701040005;PR2701040005;FILME TERMO ENCOLHIVEL 660 MM X 0,04;FILME;ENERGÉTICO;PACKSEVEN;23,5;70500;MAR;2025;03/2025;
PR;2701040006;PR2701040006;FILME TERMO ENCOLHIVEL 860/5 MM;FILME;JUJ/TERN;PACKSEVEN;23,575;66010;MAR;2025;03/2025;
PR;2701040007;PR2701040007;FILME TERMO ENCOLHIVEL 860/0,06 MM;FILME;REFR/ENERG.;PACKESEVEN;23,575;141450;MAR;2025;03/2025;
MS;2701040023;MS2701040023;FILME TERMO ENCOLHÍVEL DE 500X0,06 ;FILME;B.ROMA;PACKSEVEN;11,4;11400;MAR;2025;03/2025;
SP;2801040018;SP2801040018;FILME TERMOENCOLHIVEL LISO 390X0,05MM                    ;FILME;ÁGUA 500;PACKSEVEN;23,575;47150;MAR;2025;03/2025;
MS;2701150006;MS2701150006;VASILHAME AMBAR 300ML - LITRINHO;VASILHAME;NORMAL;GERAL;0,74;75213,600000000006;MAR;2025;03/2025;
MS;2701150001;MS2701150001;VASILHAME GINGUALA 970ML;VASILHAME;NORMAL;GERAL;1,57;132633,60000000001;MAR;2025;03/2025;
PR;2701050023;PR2701050023;PREP ACIDO COLA ;CONCENT./KITs;KIT COLA;SAPORITI;25;5000;MAR;2025;03/2025;
PR;2801010088;PR2801010088;ROTULO AGUA TONICA MALDIVES 250 ML;ROTULO;SLEEVE;ALL4LABELL;0,05071;10142;MAR;2025;03/2025;
PR;2801010099;PR2801010099;ROTULO FURIOSO 250ML;ROTULO;SLEEVE;ALL4LABELL;0,050377;90678,599999999991;MAR;2025;03/2025;
MS;2701010191;MS2701010191;ROTULO FURIOSO 2L;ROTULO;SLEEVE;ALL4LABELL;0,2062;61860;MAR;2025;03/2025;
PR;2801010100;PR2801010100;ROTULO FURIOSO 2L;ROTULO;SLEEVE;ALL4LABELL;0,2062;61860;MAR;2025;03/2025;
PR;2801010093;PR2801010093;ROTULO FURIOSO AÇAI 250ML;ROTULO;SLEEVE;ALL4LABELL;0,050377;10075,4;MAR;2025;03/2025;
MS;2701010184;MS2701010184;ROTULO FURIOSO MELAO 2L;ROTULO;SLEEVE;ALL4LABELL;0,2062;30930;MAR;2025;03/2025;
PR;2801010101;PR2801010101;ROTULO FURIOSO TROPICAL 250ML;ROTULO;SLEEVE;ALL4LABELL;0,050377;10075,4;MAR;2025;03/2025;
MS;2701040010;MS2701040010;SHRINK MOEMA 473ML - 400X0,06;FILME;MOEMA;ERPLASTI;14,5;29000;MAR;2025;03/2025;
MS;2701210002;MS2701210002;SILICA HP 9000;CERVEJARIA;OUTROS;GRACE ;36,01;90025;MAR;2025;03/2025;
PR;2701130009;PR2701130009;SUCO CONCENTRADO DE MACA;SUCO;XAROPARIA;INTERSUCOS;12;18000;MAR;2025;03/2025;
PR;2701130001;PR2701130001;SUCO CONCENTRADO LARANJA;SUCO;XAROPARIA;INTERSUCOS;12;2400;MAR;2025;03/2025;
PR;2701130002;PR2701130002;SUCO CONCENTRADO LIMÃO;SUCO;XAROPARIA;INTERSUCOS;16,5;3300;MAR;2025;03/2025;
PR;2701030037;PR2701030037;TAMPA AMARELA LISA;TAMPA;PET;OPS;0,04445;47045,880000000005;MAR;2025;03/2025;
SP;2801030017;SP2801030017;TAMPA PLASTICA PRETA OMNI 120 COM VEDANTE;TAMPA;PET;OPS;0,043333;91727,294400000013;MAR;2025;03/2025;
PR;2701030049;PR2701030049;TAMPA VERDE REFRIKO;TAMPA;PET;OPS ;0,04445;33604,200000000004;MAR;2025;03/2025;
PR;2701030050;PR2701030050;TAMPA VERMELHA LISA;TAMPA;PET;OPS;0,04445;13441,68;MAR;2025;03/2025;
MS;3002020010;MS3002020010;TERRA CELITE DIATOMITA 2500/535;TERRA;CERVEJARIA;VENETO;8,8;71913,600000000006;MAR;2025;03/2025;
MS;3002020009;MS3002020009;TERRA CELITE DIATOMITA SPEEDFLOW/STANDARD (VERMELHO);TERRA;CERVEJARIA;VENETO;8,8;9988;MAR;2025;03/2025;
MS;3002020011;MS3002020011;TERRA DIATOMITA 341/HYFLOW (AZUL);TERRA;XAROPARIA;VENETO;8,8;2197,36;MAR;2025;03/2025;
MS;2701150004;MS2701150004;VASILHAME OW 600ML (BELLA ROMA);VASILHAME;NORMAL;GERAL;1,13;64070,999999999993;MAR;2025;03/2025;
PR;2701020051;PR2701020051;PREFORMA PET 200 ML CRISTAL 12 g ;PREFORMA;REFRIKO 200ML;ENGEPACK;0,197948;151073,9136;MAR;2025;03/2025;
PR;2701020097;PR2701020097;PREFORMA PET 200 ML VERDE 12 g ;PREFORMA;REFRIKO 200ML;ENGEPACK;0,197948;374663,30572800001;MAR;2025;03/2025;
PR;2701020055;PR2701020055;PREFORMA 18G CRISTAL;PREFORMA;FURIOSO 250ML;GERAL;0,25664;424256,71679999999;MAR;2025;03/2025;
PR;2701020059;PR2701020059;PREFORMA 41G CRISTAL;PREFORMA;REFRIKO 2L;ENGEPACK;0,5212;122286,0288;MAR;2025;03/2025;
MS;2701020059;MS2701020059;PREFORMA 41 G CRISTAL;PREFORMA;REFRIKO 2L;ENGEPACK;0,5553;55121,299200000001;MAR;2025;03/2025;
PR;2701020101;PR2701020101;PREFORMA 39,7G VERDE;PREFORMA;REFRISHOW;ENGEPACK;0,445;281097,59999999998;MAR;2025;03/2025;
PR;2701020102;PR2701020102;PREFORMA 41G VERDE;PREFORMA;REFRIKO 2L;ENGEPACK;0,5212;423297,79200000002;MAR;2025;03/2025;
MS;2701020075;MS2701020075;PREFORMA PET 46,7GR CRISTAL;PREFORMA;FURIOSO 2L;ENGEPACK;0,594;177629,75999999998;MAR;2025;03/2025;
PR;2701020075;PR2701020075;PREFORMA PET 46,7GR CRISTAL ;PREFORMA;FURIOSO 2L;ENGEPACK;0,687488;88108,462079999998;MAR;2025;03/2025;
PR;2701050001;PR2701050001;AROMA NATURAL MOUTHFEEL FASV259 ADM;AROMA;REFRIGERANTE;ADM;165,4;33080;ABR;2025;04/2025;
MS;2701240004;MS2701240004;CHAPA SEM IMPRESSAO 1000X1200 (NOVA);SEPARADOR DE CAMADAS;CHAPA;CPEL;1,25;51250;ABR;2025;04/2025;
MS;2701050040;MS2701050040;CONCENTRADO BEBIDAS ENERGETICA;AROMA;KIT ENERGÉTICO;ADM;2076,886;235023,65947075209;ABR;2025;04/2025;
PR;2801050003;PR2801050003;CONCENTRADO BEBIDAS ENERGETICA;AROMA;KIT ENERGÉTICO;ADM;2044,7664;284786,40668523678;ABR;2025;04/2025;
MS;2701050020;MS2701050020;EMULSÃO COLA E-0388 ADM (NOVO);EMULSAO;XAROPARIA;ADM ;384,51;9612,75;ABR;2025;04/2025;
PR;2701050020;PR2701050020;EMULSÃO COLA E-0388 ADM (NOVO) (usar no 500 ml);EMULSAO;XAROPARIA;ADM;384,51;28838,25;ABR;2025;04/2025;
PR;2801120002;PR2801120002;PREMIX ENERG EMULVIT 8942;CONCENT./KITs;C.ENERGETICO;QUANTIQ;18,05;10830;ABR;2025;04/2025;
PR;2701010131;PR2701010131;ROTULO REFRIKO COLA REDUZIDO 200 ML ;ROTULO;BOPP;TRIA;0,008;16000;ABR;2025;04/2025;
PR;2701010132;PR2701010132;ROTULO REFRIKO COLA 2L;ROTULO;BOPP;MABFLEX;0,0355;7099,9999999999991;ABR;2025;04/2025;
PR;2701010131;PR2701010131;ROTULO REFRIKO COLA REDUZIDO 200 ML ;ROTULO;BOPP;TRIA;0,008;8000;ABR;2025;04/2025;
PR;2701010163;PR2701010163;ROTULO TUBA JUJUBA 2L;ROTULO;BOPP;MABFLEX;0,0355;10649,999999999998;ABR;2025;04/2025;
PR;2701010160;PR2701010160;ROTULO TERNURA LARANJA S/ SUCO 2L;ROTULO;BOPP;MABFLEX;0,0355;7099,9999999999991;ABR;2025;04/2025;
MS;2701030028;MS2701030028;TAMPA ABRE FACIL AMARELA;TAMPA;VIDRO IMP;PELICONI;0,1108;221600;MAI;2025;05/2025;
MS;2701200003;MS2701200003;LUPULO NUGGET;CERVEJARIA;LUPULO IMP;ELIM HK;39,37688;196884,4;JUN;2025;06/2025;
MS;2701050026;MS2701050026;AROMA IDENTICO AO NATURAL DE PESSEGO;AROMA;NOCH DEMAIS;SAPORITI;58;14500;MAR;2025;03/2025;
MS;2701010195;MS2701010195;ROTULO SLEEVE FURIOSO UVA VERDE E PESSEGO 269ML;ROTULO;SLEEVE;ALL4LABELL;0,050377;6045,24;MAR;2025;03/2025;
MS;2701010197;MS2701010197;ROTULO SLEEVE FURIOSO UVA VERDE E PESSEGO 473ML;ROTULO;SLEEVE;ALL4LABELL;0,125;22500;MAR;2025;03/2025;
PR;2801010104;PR2801010104;ROTULO SLEEVE FURIOSO UVA VERDE E PESSEGO 2L;ROTULO;SLEEVE;ALL4LABELL;0,21068;63204;MAR;2025;03/2025;
MS;2701050033;MS2701050033;AROMA ID. AO NATURAL DE UVA VERDE SAPORITI;AROMA;ENERGÉTICO;SAPORITI;108;37800;MAR;2025;03/2025;
MS;2701070006;MS2701070006;ACESSULFAME DE POTASSIO;EDULCORANTE;XAROPARIA;CALDIC;28,53;1426,5;ABR;2025;04/2025;
MS;2701070006;MS2701070006;ACESSULFAME DE POTASSIO;EDULCORANTE;XAROPARIA;CALDIC;28,53;1426,5;MAI;2025;05/2025;
PR;2701070004;PR2701070004;CICLAMATO DE SÓDIO ;EDULCORANTE;XAROPARIA;CALDIC;14,18;4254;ABR;2025;04/2025;
PR;2701070004;PR2701070004;CICLAMATO DE SÓDIO ;EDULCORANTE;XAROPARIA;CALDIC;14,18;2836;MAI;2025;05/2025;
MS;2701070004;MS2701070004;CICLAMATO DE SÓDIO ;EDULCORANTE;XAROPARIA;CALDIC;14,18;1418;ABR;2025;04/2025;
MS;2701070004;MS2701070004;CICLAMATO DE SÓDIO ;EDULCORANTE;XAROPARIA;CALDIC;14,18;709;MAI;2025;05/2025;
PA;10100024;PA10100024;CICLAMATO DE SÓDIO ;EDULCORANTE;XAROPARIA;QUANTIQ;19,87;4967,5;ABR;2025;04/2025;
PA;10100024;PA10100024;CICLAMATO DE SÓDIO ;EDULCORANTE;XAROPARIA;QUANTIQ;19,87;5961;MAI;2025;05/2025;
MS;2701120001;MS2701120001;PREMIX ENERG EMULVIT 8942;CONCENT./KITs;C.ENERGETICO;CALDIC;18,05;45125;ABR;2025;04/2025;
MS;2701120001;MS2701120001;PREMIX ENERG EMULVIT 8942;CONCENT./KITs;C.ENERGETICO;CALDIC;18,05;45125;MAI;2025;05/2025;
PR;2801120002;PR2801120002;PREMIX ENERG EMULVIT 8942;CONCENT./KITs;C.ENERGETICO;CALDIC;18,05;7220;MAI;2025;05/2025;
MS;2701070001;MS2701070001;SUCRALOSE;EDULCORANTE;XAROPARIA;CALDIC;84,3;12645;ABR;2025;04/2025;
MS;2701070001;MS2701070001;SUCRALOSE;EDULCORANTE;XAROPARIA;CALDIC;84,3;8430;MAI;2025;05/2025;
PA;10090071;PA10090071;SUCRALOSE;EDULCORANTE;XAROPARIA;QUANTIQ;114,06;11406;ABR;2025;04/2025;
PA;10090071;PA10090071;SUCRALOSE;EDULCORANTE;XAROPARIA;QUANTIQ ;114,06;11406;MAI;2025;05/2025;
PR;2701070001;PR2701070001;SUCRALOSE;EDULCORANTE;XAROPARIA;CALDIC;88;13200;ABR;2025;04/2025;
PR;2701070001;PR2701070001;SUCRALOSE;EDULCORANTE;XAROPARIA;CALDIC;88;13200;MAI;2025;05/2025;
PR;2701070002;PR2701070002;SACARINA SÓDICA;EDULCORANTE;XAROPARIA;CALDIC;29,65;4447,5;MAI;2025;05/2025;
PR;2701080001;PR2701080001;ACUCAR CRISTAL;AÇUCAR;XAROPARIA;GERAL;1,84;535808;MAR;2025;03/2025;
MS;2701190004;MS2701190004;XAROPE DE HIGH MALTOSE 25KG (BREWGILL);CERVEJARIA;OUTROS;GERAL;2,78;83400;MAR;2025;03/2025;
MS;2701190004;MS2701190004;XAROPE DE HIGH MALTOSE 25KG (BREWGILL);CERVEJARIA;OUTROS;GERAL;2,78;83400;MAR;2025;03/2025;
MS;2701190004;MS2701190004;XAROPE DE HIGH MALTOSE 25KG (BREWGILL);CERVEJARIA;OUTROS;GERAL;2,78;151927;MAR;2025;03/2025;
MS;2701190004;MS2701190004;XAROPE DE HIGH MALTOSE 25KG (BREWGILL);CERVEJARIA;OUTROS;GERAL;2,78;166800;MAR;2025;03/2025;
MS;2701080001;MS2701080001;ACUCAR CRISTAL;AÇUCAR;XAROPARIA;RAIZEN;1,84;308752;MAR;2025;03/2025;
MS;2701140029;MS2701140029;TAMPA - LATA 350/269/473ML - B64;TAMPA;LATA;GERAL;0,24;1725235,2;MAR;2025;03/2025;
MS;2701200002;MS2701200002;LUPULO LSKE;CERVEJARIA;LUPULO;LNF LATINO;1017,47;29506,63;MAR;2025;03/2025;
MS;2701140029;MS2701140029;TAMPA - LATA 350/269/473ML - B64;TAMPA;LATA;GERAL;0,24;862617,59999999998;ABR;2025;04/2025;
MS;2701140029;MS2701140029;TAMPA - LATA 350/269/473ML - B64;TAMPA;LATA;GERAL;0,24;862617,59999999998;MAI;2025;05/2025;
MS;2701090002;MS2701090002;ACIDO CITRICO;ACID.E CONSERV.;REF/ENER/ROM/DEL;INDEMIL;8,95;107399,99999999999;ABR;2025;04/2025;
PR;2701090002;PR2701090002;ACIDO CITRICO;ACID.E CONSERV.;REF/ENER/ROM/DEL;GERAL;8,95;107399,99999999999;ABR;2025;04/2025;
MS;2701090004;MS2701090004;ACIDO TARTARICO ;ACID.E CONSERV.;NOCH/TON/BEL;MCASSAB;35,5;7100;ABR;2025;04/2025;
PR;2801090003;PR2801090003;ACIDO TARTARICO;ACID.E CONSERV.;NOCH/TON/BEL;MCASSAB;35,5;2662,5;ABR;2025;04/2025;
MS;2701100002;MS2701100002;BENZOATO DE SODIO;ACID.E CONSERV.;REF/ENER/NOCH/TON;SAPORITI;12,1;8470;ABR;2025;04/2025;
PR;2701100002;PR2701100002;BENZOATO DE SODIO;ACID.E CONSERV.;REF/ENER/NOCH/TON;KATEC;12,1;18150;ABR;2025;04/2025;
PR;2801090005;PR2801090005;CITRATO DE SODIO;ACID.E CONSERV.;ENERG/DELIRIO;KATEC;8,28;4554;ABR;2025;04/2025;
PR;2701100001;PR2701100001;SORBATO DE POTASSIO 25KG;ACID.E CONSERV.;REF/ENER/ROM/DEL;KATEC;15,72;7860;ABR;2025;04/2025;
PR;2701130007;PR2701130007;AROMA EXTRATO GUARANA REFRIKO 28;AROMA;REFRIGERANTE;SAPORITI;32,8;32800;ABR;2025;04/2025;
MS;2701050021;MS2701050021;AROMA IDENTICO AO NATURAL MORANGO;AROMA;ENERGÉTICO;DUAS RODAS;75,88;15176;ABR;2025;04/2025;
PR;2801050025;PR2801050025;AROMA IDENTICO AO NATURAL MORANGO;AROMA;ENERGÉTICO;DUAS RODAS;75,88;5691;ABR;2025;04/2025;
PR;2801050013;PR2801050013;AROMA IN LIMAO SICILIANO;AROMA;ENERGÉTICO;DUAS RODAS;227,5;2275;ABR;2025;04/2025;
MS;2701050013;MS2701050013;AROMA MAÇA VERDE COD;AROMA;ENERGÉTICO;DUAS RODAS;46,45;9290;ABR;2025;04/2025;
PR;2801050015;PR2801050015;AROMA MAÇA VERDE COD;AROMA;ENERGÉTICO;DUAS RODAS;46,45;4645;ABR;2025;04/2025;
MS;2701050019;MS2701050019;AROMA MELAO ;AROMA;ENERGÉTICO;DUAS RODAS;58,97;17691;ABR;2025;04/2025;
PR;2801050021;PR2801050021;AROMA IDENTICO AO NATURAL MELANCIA;AROMA;ENERGÉTICO;DUAS RODAS;37,17;7434;ABR;2025;04/2025;
MS;2701050028;MS2701050028;AROMA NATURAL PARA VODKA ;AROMA;VODKA;DUAS RODAS;25,88;7764;ABR;2025;04/2025;
MS;2701050022;MS2701050022;CONCENTRADO DE GUARANA IAB 7205;AROMA;REFRIGERANTE;INTERAMERICAS;25,87;43979;ABR;2025;04/2025;
PR;2701050022;PR2701050022;CONCENTRADO DE GUARANA IAB 7205;AROMA;REFRIGERANTE;INTERAMERICA;27,17;81510;ABR;2025;04/2025;
MS;2701130006;MS2701130006;EXTRATO DE GUARANA 200% DUAS RODAS;AROMA;ENERG./DELÍR.;DUAS RODAS;49,93;2496,5;ABR;2025;04/2025;
PR;2701130006;PR2701130006;EXTRATO DE GUARANA 200% DUAS RODAS;AROMA;ENERG./DELÍR.;DUAS RODAS;49,93;7489,5;ABR;2025;04/2025;
MS;2701160011;MS2701160011;CX ONE WAY BAMBOA 12X330ML;CAIXA;CERVEJA;CARTONAGEM;1,84;18400;ABR;2025;04/2025;
MS;2701090003;MS2701090003;ACIDO LACTICO - IBC;CERVEJARIA;OUTROS;KATEC;10,41;10410;ABR;2025;04/2025;
PR;2801120003;PR2801120003;PREMIX ENERG EMULVIT 8959 - BOMBADÃO SAPORITI -IND;CONCENT./KITs;C.ENERGETICO;SAPORITI;180;4500;ABR;2025;04/2025;
MS;2701060008;MS2701060008;CORANTE AZUL BRILHANTE;CORANTE;ENERGÉTICO;SAPORITI;116;580;ABR;2025;04/2025;
MS;2701060007;MS2701060007;CORANTE CARAMELO CLASE IV DPC;CORANTE;REFRIGERANTE;SAPORITI;7,5;3375;ABR;2025;04/2025;
PR;2701060007;PR2701060007;CORANTE CARAMELO CLASE IV DPC;CORANTE;REFRIGERANTE;SAPORITI;7,5;3000;ABR;2025;04/2025;
SP;2801040014;SP2801040014;FILME STRETCH POLIETILENO 500X0023;FILME;STRETCH;GERAL;22,85;30619,000000000004;ABR;2025;04/2025;
MS;2701040009;MS2701040009;FILME STRETCH POLIETILENO 500X0023;FILME;STRETCH;GUANAPACK;22,85;91400;ABR;2025;04/2025;
PR;2701040009;PR2701040009;FILME STRETCH POLIETILENO 500X0023;FILME;STRETCH;GUANAPACK;20;26800;ABR;2025;04/2025;
MS;2701040001;MS2701040001;FILME TERMO ENCOLHIVEL 420 X 0,05;FILME;JUJ/TERN;PACKSEVEN;21;25200;ABR;2025;04/2025;
PR;2701040004;PR2701040004;FILME TERMO ENCOLHIVEL 600 MM X 0,04 ;FILME;REFRI;PACKSEVEN;14,1;25380;ABR;2025;04/2025;
PR;2701040005;PR2701040005;FILME TERMO ENCOLHIVEL 660 MM X 0,04;FILME;ENERGÉTICO;PACKSEVEN;23,5;35250;ABR;2025;04/2025;
PR;2701040006;PR2701040006;FILME TERMO ENCOLHIVEL 860/5 MM;FILME;JUJ/TERN;PACKSEVEN;23,575;47150;ABR;2025;04/2025;
PR;2701040007;PR2701040007;FILME TERMO ENCOLHIVEL 860/0,06 MM;FILME;REFR/ENERG.;PACKSEVEN;23,575;82512,5;ABR;2025;04/2025;
MS;2701040003;MS2701040003;FILME TERMO ENCOLHÍVEL DE 560X006;FILME;DIVERSOS;PACKESEVEN;23,5;35250;ABR;2025;04/2025;
SP;2801040018;SP2801040018;FILME TERMOENCOLHIVEL LISO 390X0,05MM                    ;FILME;ÁGUA 500;PACKSEVEN;23,575;82512,5;ABR;2025;04/2025;
MS;2701040015;MS2701040015;SHRINK LISO - 380X0,06 ;FILME;VIDRO;PACKSEVEN;21;21000;ABR;2025;04/2025;
MS;2701040002;MS2701040002;FILME TERMO ENCOLHIVEL 420 X 0,06;FILME;REFR/ENERG.;PACKSEVEN;23,5;65800;ABR;2025;04/2025;
MS;2701040011;MS2701040011;SHRINK MOEMA 350ML - 390X60X3;FILME;MOEMA;ERPLASTI;31,51;378120;ABR;2025;04/2025;
PR;2801010092;PR2801010092;ROT SLEE NOCH MELANCIA E MORAN 270ML-IND;ROTULO;SLEEVE;ALL4LABELL;0,12;24000;ABR;2025;04/2025;
PR;2801010099;PR2801010099;ROTULO FURIOSO 250ML;ROTULO;SLEEVE;ALL4LABELL;0,050377;20150,8;ABR;2025;04/2025;
PR;2801010097;PR2801010097;ROTULO FURIOSO MELANCIA E MORANGO 250ML;ROTULO;SLEEVE;ALL4LABELL;0,050377;10075,4;ABR;2025;04/2025;
PR;2801010095;PR2801010095;ROTULO FURIOSO MELAO 250ML;ROTULO;SLEEVE;ALL4LABELL;0,050377;10075,4;ABR;2025;04/2025;
PR;2801010101;PR2801010101;ROTULO FURIOSO TROPICAL 250ML;ROTULO;SLEEVE;ALL4LABELL;0,050377;10075,4;ABR;2025;04/2025;
MS;2701130009;MS2701130009;SUCO CONCENTRADO DE MACA;SUCO;XAROPARIA;INTERSUCOS;12;4200;ABR;2025;04/2025;
PR;2701130009;PR2701130009;SUCO CONCENTRADO DE MACA;SUCO;XAROPARIA;INTERSUCOS;12;12000;ABR;2025;04/2025;
PR;2701130001;PR2701130001;SUCO CONCENTRADO LARANJA;SUCO;XAROPARIA;INTERSUCOS;12;2400;ABR;2025;04/2025;
MS;3002020007;MS3002020007;CARVÃO ATIVADO;TERRA;XAROPARIA;GUARAMEX;12,5;2500;ABR;2025;04/2025;
MS;3002020010;MS3002020010;TERRA CELITE DIATOMITA 2500/535;TERRA;CERVEJARIA;VENETO;8,8;24970,000000000004;ABR;2025;04/2025;
MS;3002020009;MS3002020009;TERRA CELITE DIATOMITA SPEEDFLOW/STANDARD (VERMELHO);TERRA;CERVEJARIA;VENETO;8,8;27766,639999999999;ABR;2025;04/2025;
MS;2701150006;MS2701150006;VASILHAME AMBAR 300ML - LITRINHO;VASILHAME;NORMAL;VIDROPORTO;0,74;75213,600000000006;ABR;2025;04/2025;
MS;2701150001;MS2701150001;VASILHAME GINGUALA 970ML;VASILHAME;NORMAL;GERAL;1,57;132633,60000000001;ABR;2025;04/2025;
MS;2701150004;MS2701150004;VASILHAME OW 600ML (BELLA ROMA);VASILHAME;NORMAL;VERALLIA;1,13;128141,99999999999;ABR;2025;04/2025;
MS;2701030037;MS2701030037;TAMPA AMARELA LISA;TAMPA;PET;OXFORD;0,049;7408,8;ABR;2025;04/2025;
PR;2701030037;PR2701030037;TAMPA AMARELA LISA;TAMPA;PET;OXFORD;0,04445;147858,48000000001;ABR;2025;04/2025;
PR;2801030015;PR2801030015;TAMPA DOURADA LISA;TAMPA;PET;OXFORD;0,043333;13103,899200000002;ABR;2025;04/2025;
PR;2701030043;PR2701030043;TAMPA LARANJA REFRIKO;TAMPA;PET;OXFORD;0,04445;33604,200000000004;ABR;2025;04/2025;
PR;2701030044;PR2701030044;TAMPA LILAS LISA;TAMPA;PET;OXFORD;0,04445;20162,52;ABR;2025;04/2025;
SP;2801030014;SP2801030014;TAMPA PLASTICA AZUL OMNI                             ;TAMPA;PET;GERAL;0,043333;19655,8488;ABR;2025;04/2025;
SP;2801030017;SP2801030017;TAMPA PLASTICA PRETA OMNI 120 COM VEDANTE;TAMPA;PET;GERAL;0,043333;72071,445600000006;ABR;2025;04/2025;
PR;2701030049;PR2701030049;TAMPA VERDE REFRIKO;TAMPA;PET;OXFORD;0,04445;114254,28000000001;ABR;2025;04/2025;
PR;2701030050;PR2701030050;TAMPA VERMELHA LISA;TAMPA;PET;OXFORD;0,04445;26883,360000000001;ABR;2025;04/2025;
PR;2801020035;PR2801020035;PREFORMA PET 200 ML CRISTAL 12 g;PREFORMA;REFRIKO 200ML;ENGEPACK;0,197948;271933,04448000004;ABR;2025;04/2025;
PR;2701020097;PR2701020097;PREFORMA PET 200 ML VERDE 12 g ;PREFORMA;REFRIKO 200ML;ENGEPACK;0,197948;453221,74080000003;ABR;2025;04/2025;
SP;2801020042;SP2801020042;PREFORMA 15G CRISTAL;PREFORMA;PET 500 PA;GERAL;0,22133;199728,19200000001;ABR;2025;04/2025;
MS;2701020090;MS2701020090;PREFORMA 18G CRISTAL 500 ML - DESCONTINUAR;PREFORMA;REFRIKO 500ML;GERAL;0,25664;32151,859199999999;ABR;2025;04/2025;
PR;2701020055;PR2701020055;PREFORMA 18G CRISTAL;PREFORMA;FURIOSO 250ML;ENVASES;0,25664;569124,86399999994;ABR;2025;04/2025;
SP;2801020041;SP2801020041;PREFORMA 18G CRISTAL 500 ML;PREFORMA;PET 500 PA;ENGEPACK;0,25664;519788,39039999997;ABR;2025;04/2025;
PR;2701020058;PR2701020058;PREFORMA 39,7G CRISTAL;PREFORMA;TERNURA LARANJA;AMCOR;0,445;40156,800000000003;ABR;2025;04/2025;
PR;2701020059;PR2701020059;PREFORMA 41G CRISTAL;PREFORMA;REFRIKO 2L;ENGEPACK;0,5212;47033,087999999996;ABR;2025;04/2025;
MS;2701020059;MS2701020059;PREFORMA 41 G CRISTAL;PREFORMA;REFRIKO 2L;ENGEPACK;0,5553;35077,190399999999;ABR;2025;04/2025;
PR;2701020101;PR2701020101;PREFORMA 39,7G VERDE;PREFORMA;REFRISHOW;AMCOR;0,445;240940,80000000002;ABR;2025;04/2025;
MS;2701020102;MS2701020102;PREFORMA 41 G VERDE;PREFORMA;REFRIKO 2L;ENGEPACK;0,4013;199173,21599999999;ABR;2025;04/2025;
MS;2701020081;MS2701020081;PREFORMA 54,4GR CRISTAL SHORT;PREFORMA;REFRIKO 3L;GERAL;0,55922;14726,499480000002;ABR;2025;04/2025;
SP;2801020032;SP2801020032;PREFORMA 31,7G CRISTAL;PREFORMA;ÁGUA 1,5L;ENGEPCK;0,41577;56398,36896;ABR;2025;04/2025;
MS;2701020075;MS2701020075;PREFORMA PET 46,7GR CRISTAL;PREFORMA;FURIOSO 2L;CRISTALPE;0,594;431386,56;ABR;2025;04/2025;
MS;2701100002;MS2701100002;BENZOATO DE SODIO;ACID.E CONSERV.;REF/ENER/NOCH/TON;KATEC;12,1;8470;MAI;2025;05/2025;
PR;2701100002;PR2701100002;BENZOATO DE SODIO;ACID.E CONSERV.;REF/ENER/NOCH/TON;KATEC;12,1;16940;MAI;2025;05/2025;
MS;2701090006;MS2701090006;CITRATO DE SODIO;ACID.E CONSERV.;ENERG/DELIRIO;KATEC;8,28;6623,9999999999991;MAI;2025;05/2025;
MS;2701050008;MS2701050008;AROMA FRUTAS TROPICAIS;AROMA;ENERGÉTICO; MONARCH;149,57;22435,5;MAI;2025;05/2025;
PR;2801050006;PR2801050006;AROMA FRUTAS TROPICAIS;AROMA;ENERGÉTICO;MONARCH;149,57;11217,75;MAI;2025;05/2025;
PR;2801050021;PR2801050021;AROMA IDENTICO AO NATURAL MELANCIA;AROMA;ENERGÉTICO;DUAS RODAS;37,17;11151;MAI;2025;05/2025;
MS;2701050001;MS2701050001;AROMA NATURAL MOUTHFEEL FASV259 ADM;AROMA;REFRIGERANTE;ADM;165,4;8270;MAI;2025;05/2025;
PR;2701050001;PR2701050001;AROMA NATURAL MOUTHFEEL FASV259 ADM;AROMA;REFRIGERANTE;ADM;165,4;19848;MAI;2025;05/2025;
PR;2801050007;PR2801050007;CONCENTRADO B. ENERGETICA AÇAI;AROMA;KIT ENERGÉTICO;ADM;2237,879;21883,177955706982;MAI;2025;05/2025;
MS;2701050040;MS2701050040;CONCENTRADO BEBIDAS ENERGETICA;AROMA;KIT ENERGÉTICO;ADM;2076,886;216944,91643454038;MAI;2025;05/2025;
PR;2801050003;PR2801050003;CONCENTRADO BEBIDAS ENERGETICA;AROMA;KIT ENERGÉTICO;ADM;2044,7664;355983,00835654599;MAI;2025;05/2025;
MS;2701210005;MS2701210005;ALGINATO DE PROPILENO GLICOL;CERVEJARIA;OUTROS;PROZYN;283,79;56758,000000000007;MAI;2025;05/2025;
MS;2701090005;MS2701090005;ANTIOXIDANTE;CERVEJARIA;OUTROS;AEB;30,22;7555;MAI;2025;05/2025;
MS;2701060006;MS2701060006;CORANTE CARAMELO CERVEJA;CERVEJARIA;OUTROS;GERAL;6,04;2416;MAI;2025;05/2025;
MS;2701210004;MS2701210004;ENZIMA ULTRA FLOW;CERVEJARIA;OUTROS;GERAL;76,36;7636;MAI;2025;05/2025;
PR;2701050023;PR2701050023;PREP ACIDO COLA ;CONCENT./KITs;KIT COLA;GERAL;25;3750;MAI;2025;05/2025;
MS;2701050023;MS2701050023;PREP ACIDO COLA ;CONCENT./KITs;KIT COLA;SAPORITI;25;3750;MAI;2025;05/2025;
MS;2701050018;MS2701050018;EMULSAO LARANJA REFRIKO 98;EMULSAO;XAROPARIA;SAPORITI;32,8;3279,9999999999995;MAI;2025;05/2025;
PR;2701050018;PR2701050018;EMULSAO LARANJA REFRIKO 98;EMULSAO;XAROPARIA;SAPORITI;32,8;18040;MAI;2025;05/2025;
PR;2801010091;PR2801010091;ROT SLEE NOCH MARACUJA 270ML;ROTULO;SLEEVE;ALL4LABELL;0,12;18000;MAI;2025;05/2025;
PR;2801010092;PR2801010092;ROT SLEE NOCH MELANCIA E MORAN 270ML-IND;ROTULO;SLEEVE;ALL4LABELL;0,12;18000;MAI;2025;05/2025;
PR;2701010156;PR2701010156;ROTULO BOPP REFRISHOW GUARANA 2 L;ROTULO;BOPP;MABFLEX;0,0355;17750;MAI;2025;05/2025;
PR;2801010099;PR2801010099;ROTULO FURIOSO 250ML;ROTULO;SLEEVE;ALL4LABELL;0,050377;75565,5;MAI;2025;05/2025;
MS;2701010191;MS2701010191;ROTULO FURIOSO 2L;ROTULO;SLEEVE;GERAL;0,2062;41240;MAI;2025;05/2025;
PR;2801010097;PR2801010097;ROTULO FURIOSO MELANCIA E MORANGO 250ML;ROTULO;SLEEVE;ALL4LABELL;0,050377;7556,5499999999993;MAI;2025;05/2025;
MS;2701010187;MS2701010187;ROTULO FURIOSO MELANCIA E MORANGO 2L;ROTULO;SLEEVE;GERAL;0,2062;30930;MAI;2025;05/2025;
PR;2801010095;PR2801010095;ROTULO FURIOSO MELAO 250ML;ROTULO;SLEEVE;ALL4LABELL;0,050377;10075,4;MAI;2025;05/2025;
MS;2701010184;MS2701010184;ROTULO FURIOSO MELAO 2L;ROTULO;SLEEVE;ALL4LABELL;0,2062;20620;MAI;2025;05/2025;
PR;2801010101;PR2801010101;ROTULO FURIOSO TROPICAL 250ML;ROTULO;SLEEVE;ALL4LABELL;0,050377;10075,4;MAI;2025;05/2025;
PR;2701010138;PR2701010138;ROTULO GUARANA 2L;ROTULO;BOPP;MABFLEX;0,0355;21299,999999999996;MAI;2025;05/2025;
MS;2701010163;MS2701010163;ROTULO TUBA JUJUBA 2L;ROTULO;BOPP;C-MAB;0,0355;17750;MAI;2025;05/2025;
PR;2701010144;PR2701010144;ROTULO REFRIKO LARANJA DQI1% 2L;ROTULO;BOPP;MABFLEX;0,0355;10649,999999999998;MAI;2025;05/2025;
MS;2701240004;MS2701240004;CHAPA SEM IMPRESSAO 1000X1200 (NOVA);SEPARADOR DE CAMADAS;CHAPA;CPEL;1,25;51250;MAI;2025;05/2025;
PR;2801050014;PR2801050014;AROMA CLOUDING LEMON IN;AROMA;NOCH LEMON;CANCELADO;103,142;0;JUN;2025;06/2025;
MS;2701050020;MS2701050020;EMULSÃO COLA E-0388 ADM (NOVO);EMULSAO;XAROPARIA;ADM;384,51;19225,5;JUL;2025;07/2025;
PR;2701050020;PR2701050020;EMULSÃO COLA E-0388 ADM (NOVO) (usar no 500 ml);EMULSAO;XAROPARIA;ADM;384,51;19225,5;JUL;2025;07/2025;
PA;10010001;PA10010001;ACUCAR CRISTAL;AÇUCAR;XAROPARIA;CERTANO;2,27792;113896;ABR;2025;04/2025;
PA;10020009;PA10020009;AROMA UVA REFRIKO 84;AROMA;REFRIGERANTE;SAPORITI;23,5;23500;ABR;2025;04/2025;
PA;12030001;PA12030001;FILME STRETCH POLIETILENO 500X0023;FILME;STRETCH;PRISMAPACK;9,8;4900;ABR;2025;04/2025;
PA;11040794;PA11040794;FILME TERMO - 390X0,05;FILME;REFRI;PRISMAPACK;10,35;5175;ABR;2025;04/2025;
PA;11040793;PA11040793;FILME TERMO - 480X0,06;FILME;REFRI;PRISMAPACK;10,35;31050;ABR;2025;04/2025;
PA;11040005;PA11040005;FILME TERMO ENCOLHIVEL 300 MM X 0,04;FILME;REFRI;PRISMAPACK;10,35;5175;ABR;2025;04/2025;
PA;11040007;PA11040007;FILME TERMO ENCOLHIVEL 420 X 0,06;FILME;REFR/ENERG.;PRISMAPACK;10,35;15525;ABR;2025;04/2025;
PA;11070032;PA11070032;PREFORMA 48GR CRISTAL OU 50,7 G;PREFORMA;PET 2,5L PA;AMCOR;0,498;178483,20000000001;ABR;2025;04/2025;
PA;11070033;PA11070033;PREFORMA 48GR VERDE OU 50,7 G;PREFORMA;PET 2,5L PA;AMCOR;0,498;53544,959999999999;ABR;2025;04/2025;
PA;11070041;PA11070041;PREFORMA PET 200 ML CRISTAL 12 G;PREFORMA;PET 200 PA;ENVASES;0,159;70691,399999999994;ABR;2025;04/2025;
PA;11070048;PA11070048;PREFORMA PET 200 ML VERDE 12 G;PREFORMA;PET 200 PA;ENVASES;0,159;44647,199999999997;ABR;2025;04/2025;
PA;11070046;PA11070046;PREFORMA 18 ou 20,6G CRISTAL;PREFORMA;PET 500 PA;ENVASES;0,236;97771,967999999993;ABR;2025;04/2025;
PA;10100003;PA10100003;ACIDO CITRICO;ACID.E CONSERV.;REF/ENER/ROM/DEL;INDEMIL;10,1;50500;MAI;2025;05/2025;
PA;10020012;PA10020012;AROMA DE GUARANA 31835 ADM;AROMA;REFRIGERANTE;ADM;120,2;36060;MAI;2025;05/2025;
PA;10020001;PA10020001;AROMA DE LARANJA IDENTICO AO NATURAL;AROMA;REFRIGERANTE;GERAL;77,66;2096,8199999999997;MAI;2025;05/2025;
PA;10090017;PA10090017;EMULSAO LARANJA REFRIKO 98;EMULSAO;XAROPARIA;SAPORITI;36;28800;MAI;2025;05/2025;
PA;10020011;PA10020011;AROMA NATURAL MOUTHFEEL FASV259 ADM;AROMA;REFRIGERANTE;ADM;157,52;31504,000000000004;MAI;2025;05/2025;
PA;10090295;PA10090295;CONCENTRADO COLA IAB 7729 (NOVO);CONCENT./KITs;KIT COLA;INTERAMERICA;22,39;55975;MAI;2025;05/2025;
PA;10090292;PA10090292;CORANTE AMARANTO;CORANTE;REFRIGERANTE;SAPORITI;67,99;3739,45;MAI;2025;05/2025;
PA;10090056;PA10090056;CORANTE AMARELO SUNSET;CORANTE;XAROPARIA;SAPORITI;41,84;1255,2;MAI;2025;05/2025;
PA;10090294;PA10090294;CORANTE CARAMELO CLASE IV DPC;CORANTE;REFRIGERANTE;SAPORITI;4,8;1440;MAI;2025;05/2025;
PA;11080246;PA11080246;RÓTULO MICOS GUARANÁ 200ML;ROTULO;BOPP-PA;ELLOFLEX;0,0059;2950;MAI;2025;05/2025;
PA;11080249;PA11080249;RÓTULO MICOS LARANJA 2,5L;ROTULO;BOPP-PA;ELLOFLEX;0,03395;16975;MAI;2025;05/2025;
PA;11080255;PA11080255;ROTULO MICOS UVA 2L;ROTULO;BOPP-PA;ELLOFLEX;0,04163;8326;MAI;2025;05/2025;
PA;10090293;PA10090293;SUCO CONCENTRADO DE MACA;SUCO;XAROPARIA;INTERSUCOS;11,5;17250;MAI;2025;05/2025;
PA;10090090;PA10090090;SUCO CONCENTRADO LARANJA;SUCO;XAROPARIA;INTERSUCOS;10,5;3150;MAI;2025;05/2025;
PA;10090094;PA10090094;SUCO CONCENTRADO UVA;SUCO;XAROPARIA;INTERSUCOS;10,5;3150;MAI;2025;05/2025;
PA;11090001;PA11090001;TAMPA LARANJA REFRIKO;TAMPA;PET;RAVIBRAS;0,04667;14113,008000000002;MAI;2025;05/2025;
PA;11090034;PA11090034;TAMPA LILAS LISA;TAMPA;PET;RAVIBRAS;0,04667;14113,008000000002;MAI;2025;05/2025;
PA;11090031;PA11090031;TAMPA VERMELHA LISA;TAMPA;PET;RAVIBRAS;0,04667;70565,040000000008;MAI;2025;05/2025;
MS;2701010118;MS2701010118;ROTULO ADESIVO TUBAINA 355ML  ;ROTULO;ADESIVO;ALL4LABELL;0,05095;12228;ABR;2025;04/2025;
MS;2701160013;MS2701160013;CAIXA TUBAÍNA 12X355ML;CAIXA;TUBAINA;CARTONAGEM;1,97;39400;ABR;2025;04/2025;
MS;2701080001;MS2701080001;ACUCAR CRISTAL;AÇUCAR;XAROPARIA;GERAL;1,84;203272,16;ABR;2025;04/2025;
PR;2701080001;PR2701080001;ACUCAR CRISTAL;AÇUCAR;XAROPARIA;GERAL;1,84;355488;ABR;2025;04/2025;
MS;2701190001;MS2701190001;MALTE PILSEN BAG 1000 - BARLEY;CERVEJARIA;MALTE;GERAL;3,29;777295,4;MAR;2025;03/2025;
MS;2701190001;MS2701190001;MALTE PILSEN BAG 1000 - BARLEY;CERVEJARIA;MALTE;GERAL;3,29;782427,8;ABR;2025;04/2025;
MS;2701190004;MS2701190004;XAROPE DE HIGH MALTOSE 25KG (BREWGILL);CERVEJARIA;OUTROS;GERAL;2,78;505765,39999999997;ABR;2025;04/2025;
PA;12030001;PA12030001;FILME STRETCH POLIETILENO 500X0023;FILME;STRETCH;E.P.A;9,8;14700,000000000002;MAI;2025;05/2025;
PA;11040794;PA11040794;FILME TERMO - 390X0,05;FILME;REFRI;CANCELADO;10,35;0;MAI;2025;05/2025;
PA;11040793;PA11040793;FILME TERMO - 480X0,06;FILME;REFRI;E.P.A;10,35;72450;MAI;2025;05/2025;
PA;11040005;PA11040005;FILME TERMO ENCOLHIVEL 300 MM X 0,04;FILME;REFRI;PRISMAPACK;10,35;15525;MAI;2025;05/2025;
PA;11040007;PA11040007;FILME TERMO ENCOLHIVEL 420 X 0,06;FILME;REFR/ENERG.;E.P.A;10,35;25875;MAI;2025;05/2025;
PA;10090291;PA10090291;EXTRATO DE GUARANA 200% DUAS RODAS;AROMA;REFRIGERANTE;DUAS RODAS;47,87;9574;MAI;2025;05/2025;
PR;2701160004;PR2701160004;CAIXA PACK FURIOSO 4X250 ML ( PROPRIO);CAIXA;FURIOSO;BLUMEN;0,73;47450;ABR;2025;04/2025;
PR;2701090002;PR2701090002;ACIDO CITRICO;ACID.E CONSERV.;REF/ENER/ROM/DEL;INDEMIL;8,95;107399,99999999999;MAI;2025;05/2025;
PR;2801090005;PR2801090005;CITRATO DE SODIO;ACID.E CONSERV.;ENERG/DELIRIO;KATEC;8,28;8280;MAI;2025;05/2025;
PR;2701050037;PR2701050037;AROMA IDENTICO AO NATURAL FRAMBOESA 77587 SAPORITI;AROMA;REFRIGERANTE;SAPORITI;62;6200;MAI;2025;05/2025;
MS;2701050010;MS2701050010;AROMA DE LARANJA IDENTICO AO NATURAL;AROMA;REFRIGERANTE;DUAS RODAS;75,22;1053,08;MAI;2025;05/2025;
PR;2701050010;PR2701050010;AROMA DE LARANJA IDENTICO AO NATURAL;AROMA;REFRIGERANTE;DUAS RODAS;75,22;4061,88;MAI;2025;05/2025;
MS;2701130007;MS2701130007;AROMA EXTRATO GUARANA REFRIKO 28;AROMA;REFRIGERANTE;sAPORITI;32,8;9840;MAI;2025;05/2025;
PR;2701130007;PR2701130007;AROMA EXTRATO GUARANA REFRIKO 28;AROMA;REFRIGERANTE;SAPORITI;32,8;59039,999999999993;MAI;2025;05/2025;
MS;2701050011;MS2701050011;AROMA LIMAO REFRIKO 41;AROMA;REFRIGERANTE;SAPORITI;48;2400;MAI;2025;05/2025;
PR;2701050011;PR2701050011;AROMA LIMAO REFRIKO 41;AROMA;REFRIGERANTE;SAPORITI;48;19200;MAI;2025;05/2025;
PR;2801050010;PR2801050010;AROMA NATURAL DE LIMAO VERDE;AROMA;NOCH DEMAIS;GERAL;36;828;MAI;2025;05/2025;
MS;2701050027;MS2701050027;AROMA UVA REFRIKO 84;AROMA;REFRIGERANTE;SAPORITI;28;4200;MAI;2025;05/2025;
PR;2701050027;PR2701050027;AROMA UVA REFRIKO 84;AROMA;REFRIGERANTE;SAPORITI;28;16800;MAI;2025;05/2025;
MS;2701050022;MS2701050022;CONCENTRADO DE GUARANA IAB 7205;AROMA;REFRIGERANTE;INTERSUCOS;25,87;41392;MAI;2025;05/2025;
PR;2701050022;PR2701050022;CONCENTRADO DE GUARANA IAB 7205;AROMA;REFRIGERANTE;INTERAMERICA;27,17;122265,00000000001;MAI;2025;05/2025;
MS;2701050002;MS2701050002;DESTILADO DE ERVAS AROMÁT PARA GIN;AROMA;JAMES COOK;BRUNHOLI;19,2;19200;MAI;2025;05/2025;
PR;2701130006;PR2701130006;EXTRATO DE GUARANA 200% DUAS RODAS;AROMA;ENERG./DELÍR.;DUAS RODAS;49,93;4993;MAI;2025;05/2025;
PR;2801130002;PR2801130002;POLPA DE AÇAI DESIDRATA SOL.;AROMA;ENERGÉTICO;SANRISIL;51,4;5140;MAI;2025;05/2025;
MS;2701240002;MS2701240002;CANTONEIRA DE PAPELAO 110x110x1580;CANTONEIRA;CANTONEIRA;CARTONAGEM;1,62;11340;MAI;2025;05/2025;
MS;2701060010;MS2701060010;CORANTE AMARANTO;CORANTE;DELIRIO;SAPORITI;85,5;1282,5;MAI;2025;05/2025;
PR;2701060010;PR2701060010;CORANTE AMARANTO;CORANTE;REFRIGERANTE;SAPORITI;85,5;2137,5;MAI;2025;05/2025;
PR;2701060009;PR2701060009;CORANTE AMARELO SUNSET;CORANTE;XAROPARIA;SAPORITI;45,62;684,3;MAI;2025;05/2025;
PR;2701060008;PR2701060008;CORANTE AZUL BRILHANTE;CORANTE;ENERGÉTICO;SAPORITI;116;580;MAI;2025;05/2025;
MS;2701060007;MS2701060007;CORANTE CARAMELO CLASE IV DPC;CORANTE;REFRIGERANTE;SAPORITI;7,5;3000;MAI;2025;05/2025;
PR;2701060007;PR2701060007;CORANTE CARAMELO CLASE IV DPC;CORANTE;REFRIGERANTE;SAPORITI;7,5;4500;MAI;2025;05/2025;
PR;2701060003;PR2701060003;CORANTE TARTRAZINA;CORANTE;ENERGÉTICO;SAPORITI;49;245;MAI;2025;05/2025;
PR;2701070006;PR2701070006;ACESSULFAME DE POTASSIO;EDULCORANTE;XAROPARIA;QUANTIC;28,53;5706;MAI;2025;05/2025;
MS;2701070005;MS2701070005;ASPARTAME;EDULCORANTE;XAROPARIA;CALDIC;61,26;4594,5;MAI;2025;05/2025;
PR;2701070005;PR2701070005;ASPARTAME;EDULCORANTE;XAROPARIA;CALDIC;61,26;9189;MAI;2025;05/2025;
MS;2701040009;MS2701040009;FILME STRETCH POLIETILENO 500X0023;FILME;STRETCH;GUANAPACK;22,85;45700;MAI;2025;05/2025;
PR;2701040009;PR2701040009;FILME STRETCH POLIETILENO 500X0023;FILME;STRETCH;GUANAPACK;20;50000;MAI;2025;05/2025;
MS;2701040001;MS2701040001;FILME TERMO ENCOLHIVEL 420 X 0,05;FILME;JUJ/TERN;PACKSEVEN;21;14700;MAI;2025;05/2025;
PR;2701040004;PR2701040004;FILME TERMO ENCOLHIVEL 600 MM X 0,04 ;FILME;REFRI;PACKESEVEN;14,1;22560;MAI;2025;05/2025;
PR;2701040005;PR2701040005;FILME TERMO ENCOLHIVEL 660 MM X 0,04;FILME;ENERGÉTICO;PACKSEVEN;23,5;21150;MAI;2025;05/2025;
PR;2701040006;PR2701040006;FILME TERMO ENCOLHIVEL 860/5 MM;FILME;JUJ/TERN;GERAL;23,575;66010;MAI;2025;05/2025;
PR;2701040007;PR2701040007;FILME TERMO ENCOLHIVEL 860/0,06 MM;FILME;REFR/ENERG.;PACKSEVEN;23,575;212175;MAI;2025;05/2025;
MS;2701040003;MS2701040003;FILME TERMO ENCOLHÍVEL DE 560X006;FILME;DIVERSOS;PACKESEVEN;23,5;42300;MAI;2025;05/2025;
SP;2801040018;SP2801040018;FILME TERMOENCOLHIVEL LISO 390X0,05MM                    ;FILME;ÁGUA 500;PACKSEVEN;23,575;54222,5;MAI;2025;05/2025;
SP;2801040017;SP2801040017;FILME TERMO ENCOLHIVEL 420X0,05MM;FILME;AGUA 1,5L;PACKSEVEN;21;10500;MAI;2025;05/2025;
MS;2701040015;MS2701040015;SHRINK LISO - 380X0,06 ;FILME;VIDRO;PACKSEVEN;21;12600;MAI;2025;05/2025;
MS;2701040002;MS2701040002;FILME TERMO ENCOLHIVEL 420 X 0,06;FILME;REFR/ENERG.;PACKSEVEN;23,5;35250;MAI;2025;05/2025;
MS;2701040012;MS2701040012;SHRINK MOEMA 269ML - 350X60X3;FILME;MOEMA;PACKSEVEN;14,5;14500;MAI;2025;05/2025;
MS;2701040011;MS2701040011;SHRINK MOEMA 350ML - 390X60X3;FILME;MOEMA;PACKSEVEN;31,51;378120;MAI;2025;05/2025;
PR;2801020035;PR2801020035;PREFORMA PET 200 ML CRISTAL 12 g;PREFORMA;REFRIKO 200ML;ENGEPACK;0,197948;120859,13088000001;MAI;2025;05/2025;
PR;2801020053;PR2801020053;PREFORMA PET 200 ML VERDE 12 g;PREFORMA;REFRIKO 200ML;ENGEPACK;0,197948;423006,95808000001;MAI;2025;05/2025;
SP;2801020042;SP2801020042;PREFORMA 15G CRISTAL;PREFORMA;PET 500 PA;CRISTALPET;0,22133;254972,16;MAI;2025;05/2025;
PR;2701020055;PR2701020055;PREFORMA 18G CRISTAL;PREFORMA;FURIOSO 250ML;ENGEPACK;0,25664;362170,36799999996;MAI;2025;05/2025;
SP;2801020041;SP2801020041;PREFORMA 18G CRISTAL 500 ML;PREFORMA;PET 500 PA;CRISTALPET;0,25664;535864,31999999995;MAI;2025;05/2025;
PR;2701020058;PR2701020058;PREFORMA 39,7G CRISTAL;PREFORMA;TERNURA LARANJA;Amcor;0,445;48188,160000000003;MAI;2025;05/2025;
PR;2701020059;PR2701020059;PREFORMA 41G CRISTAL;PREFORMA;REFRIKO 2L;ENGEPACK;0,5212;244572,0576;MAI;2025;05/2025;
MS;2701020059;MS2701020059;PREFORMA 41 G CRISTAL;PREFORMA;REFRIKO 2L;ENVASES;0,5553;85187,462400000004;MAI;2025;05/2025;
PR;2701020101;PR2701020101;PREFORMA 39,7G VERDE;PREFORMA;REFRISHOW;Amcor;0,445;261019,2;MAI;2025;05/2025;
PR;2701020102;PR2701020102;PREFORMA 41G VERDE;PREFORMA;REFRIKO 2L;ENVA/ENGEPACK;0,5212;432103,98719999997;MAI;2025;05/2025;
MS;2701020102;MS2701020102;PREFORMA 41 G VERDE;PREFORMA;REFRIKO 2L;GERAL;0,4013;119503,9296;MAI;2025;05/2025;
MS;2701020109;MS2701020109;PREFORMA 54,4GR VERDE SHORT;PREFORMA;REFRIKO 3L;ENVASES;0,55922;24544,165800000002;MAI;2025;05/2025;
SP;2801020032;SP2801020032;PREFORMA 31,7G CRISTAL;PREFORMA;ÁGUA 1,5L;CRISTALPET;0,41577;18799,456319999998;MAI;2025;05/2025;
MS;2701020075;MS2701020075;PREFORMA PET 46,7GR CRISTAL;PREFORMA;FURIOSO 2L;ENVASES;0,594;50751,360000000001;MAI;2025;05/2025;
PR;2701020075;PR2701020075;PREFORMA PET 46,7GR CRISTAL ;PREFORMA;FURIOSO 2L;ENGEPACK;0,687488;469911,79775999999;MAI;2025;05/2025;
MS;2701010116;MS2701010116;ROTULO ADESIVO TUBAINA 300ML;ROTULO;ADESIVO;ALL4LABELL;0,03998;7996;MAI;2025;05/2025;
MS;2701010119;MS2701010119;ROTULO BAMBOA TRADICIONAL VODKA;ROTULO;ADESIVO;ALL4LABELL;0,077;15400;MAI;2025;05/2025;
PR;2801010100;PR2801010100;ROTULO FURIOSO 2L;ROTULO;SLEEVE;ALL4LABELL;0,2062;61860;MAI;2025;05/2025;
PR;2701010161;PR2701010161;ROTULO TERNURA TUBAINA 2L;ROTULO;BOPP;MABFLEX;0,0355;10649,999999999998;MAI;2025;05/2025;
MS;2701130009;MS2701130009;SUCO CONCENTRADO DE MACA;SUCO;XAROPARIA;INTERSUCOS;12;4800;MAI;2025;05/2025;
PR;2701130009;PR2701130009;SUCO CONCENTRADO DE MACA;SUCO;XAROPARIA;INTERSUCOS;12;15600;MAI;2025;05/2025;
MS;2701130001;MS2701130001;SUCO CONCENTRADO LARANJA;SUCO;XAROPARIA;INTERSUCOS;12;1200;MAI;2025;05/2025;
PR;2701130001;PR2701130001;SUCO CONCENTRADO LARANJA;SUCO;XAROPARIA;INTERSUCOS;12;1200;MAI;2025;05/2025;
PR;2701130002;PR2701130002;SUCO CONCENTRADO LIMÃO;SUCO;XAROPARIA;INTERSUCOS;16,5;1650;MAI;2025;05/2025;
MS;2701130003;MS2701130003;SUCO CONCENTRADO UVA;SUCO;XAROPARIA;INTERSUCOS;13;1300;MAI;2025;05/2025;
PR;2701130003;PR2701130003;SUCO CONCENTRADO UVA;SUCO;XAROPARIA;INTERSUCOS;13;5200;MAI;2025;05/2025;
MS;2701030037;MS2701030037;TAMPA AMARELA LISA;TAMPA;PET;OXFORD;0,049;74088;MAI;2025;05/2025;
PR;2701030037;PR2701030037;TAMPA AMARELA LISA;TAMPA;PET;OXFORD;0,04445;134416,80000000002;MAI;2025;05/2025;
PR;2801030015;PR2801030015;TAMPA DOURADA LISA;TAMPA;PET;OXFORD;0,043333;13103,899200000002;MAI;2025;05/2025;
PR;2701030043;PR2701030043;TAMPA LARANJA REFRIKO;TAMPA;PET;OXFORD;0,04445;40325,040000000001;MAI;2025;05/2025;
MS;2701030044;MS2701030044;TAMPA LILAS LISA;TAMPA;PET;OXFORD;0,049;7408,8;MAI;2025;05/2025;
PR;2701030044;PR2701030044;TAMPA LILAS LISA;TAMPA;PET;OXFORD;0,04445;13441,68;MAI;2025;05/2025;
PR;2701030048;PR2701030048;TAMPA ROSA MAGENTA REFRIKO;TAMPA;PET;OXFORD;0,04445;6720,84;MAI;2025;05/2025;
SP;2801030014;SP2801030014;TAMPA PLASTICA AZUL OMNI                             ;TAMPA;PET;OPS;0,043333;19655,8488;MAI;2025;05/2025;
SP;2801030017;SP2801030017;TAMPA PLASTICA PRETA OMNI 120 COM VEDANTE;TAMPA;PET;OPS;0,043333;58967,546400000007;MAI;2025;05/2025;
PR;2701030049;PR2701030049;TAMPA VERDE REFRIKO;TAMPA;PET;OXFORD;0,04445;100812,6;MAI;2025;05/2025;
PR;2701030050;PR2701030050;TAMPA VERMELHA LISA;TAMPA;PET;OXFORD;0,04445;13441,68;MAI;2025;05/2025;
PR;3002020007;PR3002020007;CARVÃO ATIVADO;TERRA;XAROPARIA;GUARAMEX;12,5;500;MAI;2025;05/2025;
MS;3002020010;MS3002020010;TERRA CELITE DIATOMITA 2500/535;TERRA;CERVEJARIA;VENETO;8,8;70115,760000000009;MAI;2025;05/2025;
MS;3002020009;MS3002020009;TERRA CELITE DIATOMITA SPEEDFLOW/STANDARD (VERMELHO);TERRA;CERVEJARIA;VENETO;8,8;23371,919999999998;MAI;2025;05/2025;
MS;3002020011;MS3002020011;TERRA DIATOMITA 341/HYFLOW (AZUL);TERRA;XAROPARIA;VENETO;8,8;1601,6000000000001;MAI;2025;05/2025;
MS;2701150006;MS2701150006;VASILHAME AMBAR 300ML - LITRINHO;VASILHAME;NORMAL;VIDROPORTO;0,74;75213,600000000006;MAI;2025;05/2025;
MS;2701150001;MS2701150001;VASILHAME GINGUALA 970ML;VASILHAME;NORMAL;VIDROPORTO;1,57;132633,60000000001;MAI;2025;05/2025;
MS;2701150005;MS2701150005;VASILHAME SPIDER 900ML GIN/VODKA;VASILHAME;JAMES COOK;VIDRO PORTO;2,3;90675,199999999997;MAI;2025;05/2025;
MS;2701150009;MS2701150009;VASILHAME TUBAINA CRISTAL LONGNECK 355ML;VASILHAME;NORMAL;VIDROPORTO;0,53;48972;MAI;2025;05/2025;
MS;2701150004;MS2701150004;VASILHAME OW 600ML (BELLA ROMA);VASILHAME;NORMAL;VERALLIA;1,13;128141,99999999999;MAI;2025;05/2025;
PR;2701050001;PR2701050001;AROMA NATURAL MOUTHFEEL FASV259 ADM;AROMA;REFRIGERANTE;ADM;165,4;49620;JUN;2025;06/2025;
MS;2701050040;MS2701050040;CONCENTRADO BEBIDAS ENERGETICA;AROMA;KIT ENERGÉTICO;ADM;2076,886;144629,94428969361;JUN;2025;06/2025;
PR;2801050003;PR2801050003;CONCENTRADO BEBIDAS ENERGETICA;AROMA;KIT ENERGÉTICO;ADM;2044,7664;498376,21169916436;JUN;2025;06/2025;
MS;2701160012;MS2701160012;CX 12X300ML - TUBAINA;CAIXA;TUBAINA;CARTONAGEM;1,69;33800;JUN;2025;06/2025;
MS;2701160011;MS2701160011;CX ONE WAY BAMBOA 12X330ML;CAIXA;CERVEJA;CARTONAGEM;1,84;18400;JUN;2025;06/2025;
MS;2701090003;MS2701090003;ACIDO LACTICO - IBC;CERVEJARIA;OUTROS;KATEC;10,41;10410;JUN;2025;06/2025;
MS;2701210005;MS2701210005;ALGINATO DE PROPILENO GLICOL;CERVEJARIA;OUTROS;PROZYN;283,79;56758,000000000007;JUN;2025;06/2025;
MS;2701090005;MS2701090005;ANTIOXIDANTE;CERVEJARIA;OUTROS;AEB;30,22;9066;JUN;2025;06/2025;
MS;2701060006;MS2701060006;CORANTE CARAMELO CERVEJA;CERVEJARIA;OUTROS;GERAL;6,04;2416;JUN;2025;06/2025;
MS;2701210004;MS2701210004;ENZIMA ULTRA FLOW;CERVEJARIA;OUTROS;PROZYN ;76,36;7636;JUN;2025;06/2025;
MS;2701210002;MS2701210002;SILICA HP 9000;CERVEJARIA;OUTROS;GRACE;36,01;79222;JUN;2025;06/2025;
MS;2701120001;MS2701120001;PREMIX ENERG EMULVIT 8942;CONCENT./KITs;C.ENERGETICO;CALDIC;18,05;27075;JUN;2025;06/2025;
PR;2801120002;PR2801120002;PREMIX ENERG EMULVIT 8942;CONCENT./KITs;C.ENERGETICO;CALDIC;18,05;18050;JUN;2025;06/2025;
PR;2701050023;PR2701050023;PREP ACIDO COLA ;CONCENT./KITs;KIT COLA;SAPORITI;25;6875;JUN;2025;06/2025;
MS;2701050023;MS2701050023;PREP ACIDO COLA ;CONCENT./KITs;KIT COLA;SAPORITI;25;3125;JUN;2025;06/2025;
MS;2701070004;MS2701070004;CICLAMATO DE SÓDIO ;EDULCORANTE;XAROPARIA;CALDIC;14,18;1063,5;JUN;2025;06/2025;
PR;2701070004;PR2701070004;CICLAMATO DE SÓDIO ;EDULCORANTE;XAROPARIA;CALDIC;14,18;3899,5;JUN;2025;06/2025;
PR;2701070003;PR2701070003;NEOTAME;EDULCORANTE;XAROPARIA;SAPORITI;194,3;3886;JUN;2025;06/2025;
MS;2701070002;MS2701070002;SACARINA SÓDICA;EDULCORANTE;XAROPARIA;CALDIC;29,65;741,25;JUN;2025;06/2025;
PR;2701070002;PR2701070002;SACARINA SÓDICA;EDULCORANTE;XAROPARIA;CALDIC;29,65;5188,75;JUN;2025;06/2025;
MS;2701070001;MS2701070001;SUCRALOSE;EDULCORANTE;XAROPARIA;CALDIC;84,3;4215;JUN;2025;06/2025;
PR;2701070001;PR2701070001;SUCRALOSE;EDULCORANTE;XAROPARIA;CALDIC;88;22000;JUN;2025;06/2025;
MS;2701050018;MS2701050018;EMULSAO LARANJA REFRIKO 98;EMULSAO;XAROPARIA;SAPORITI;32,8;11479,999999999998;JUN;2025;06/2025;
PR;2701050018;PR2701050018;EMULSAO LARANJA REFRIKO 98;EMULSAO;XAROPARIA;SAPORITI;32,8;29519,999999999996;JUN;2025;06/2025;
SP;2801040014;SP2801040014;FILME STRETCH POLIETILENO 500X0023;FILME;STRETCH;MEGA PACK;22,85;11425;AGO;2025;08/2025;
MS;2701040009;MS2701040009;FILME STRETCH POLIETILENO 500X0023;FILME;STRETCH;MEGA PACK;22,85;73120;AGO;2025;08/2025;
PR;2701040009;PR2701040009;FILME STRETCH POLIETILENO 500X0023;FILME;STRETCH;PACKSEVEN;20;32000;AGO;2025;08/2025;
MS;2701040001;MS2701040001;FILME TERMO ENCOLHIVEL 420 X 0,05;FILME;JUJ/TERN;MEGA PACK;21;21000;AGO;2025;08/2025;
PR;2701040004;PR2701040004;FILME TERMO ENCOLHIVEL 600 MM X 0,04 ;FILME;REFRI;E.P.A;14,1;22560;JUN;2025;06/2025;
PR;2701040005;PR2701040005;FILME TERMO ENCOLHIVEL 660 MM X 0,04;FILME;ENERGÉTICO;MEGA PACK;23,5;30550;AGO;2025;08/2025;
PR;2701040006;PR2701040006;FILME TERMO ENCOLHIVEL 860/5 MM;FILME;JUJ/TERN;PACKSEVEN;23,575;54222,5;AGO;2025;08/2025;
PR;2701040007;PR2701040007;FILME TERMO ENCOLHIVEL 860/0,06 MM;FILME;REFR/ENERG.;MEGA PACK;23,575;122590;AGO;2025;08/2025;
MS;2701040003;MS2701040003;FILME TERMO ENCOLHÍVEL DE 560X006;FILME;DIVERSOS;PACKESEVEN;23,5;23500;AGO;2025;08/2025;
SP;2801040018;SP2801040018;FILME TERMOENCOLHIVEL LISO 390X0,05MM                    ;FILME;ÁGUA 500;MEGAPACK;23,575;61295;AGO;2025;08/2025;
MS;2701040015;MS2701040015;SHRINK LISO - 380X0,06 ;FILME;VIDRO;PACKSEVEN;21;27300;AGO;2025;08/2025;
MS;2701040002;MS2701040002;FILME TERMO ENCOLHIVEL 420 X 0,06;FILME;REFR/ENERG.;MEGAPACK;23,5;56400;AGO;2025;08/2025;
PR;2801010089;PR2801010089;ROTULO BOMBADÃO 2L;ROTULO;SLEEVE;MABFLEX ;0,212856;42571,199999999997;JUN;2025;06/2025;
PR;2801010099;PR2801010099;ROTULO FURIOSO 250ML;ROTULO;SLEEVE;ALL4LABELL;0,050377;65490,1;JUN;2025;06/2025;
MS;2701010191;MS2701010191;ROTULO FURIOSO 2L;ROTULO;SLEEVE;ALL4LABELL;0,2062;41240;JUN;2025;06/2025;
PR;2801010100;PR2801010100;ROTULO FURIOSO 2L;ROTULO;SLEEVE;CCL INDUSTRIES;0,2062;41240;JUN;2025;06/2025;
MS;2701010187;MS2701010187;ROTULO FURIOSO MELANCIA E MORANGO 2L;ROTULO;SLEEVE;ALL4LABELL;0,2062;41240;JUN;2025;06/2025;
PR;2701010138;PR2701010138;ROTULO GUARANA 2L;ROTULO;BOPP;MABFLEX;0,0355;10649,999999999998;JUN;2025;06/2025;
PR;2701010137;PR2701010137;ROTULO GUARANA REDUZIDO 200 ML ;ROTULO;BOPP;TRIA;0,008;12000;JUN;2025;06/2025;
PR;2701010141;PR2701010141;ROTULO GUARANA 200 ML ZERO ;ROTULO;BOPP;TRIA;0,008;4000;JUN;2025;06/2025;
PR;2701010142;PR2701010142;ROTULO GUARANA 2 LT ZERO;ROTULO;BOPP;MABFLEX;0,0355;7099,9999999999991;JUN;2025;06/2025;
PR;2701010149;PR2701010149;ROTULO REFRIKO TUBAÍNA 200 ML ;ROTULO;BOPP;TRIA;0,008;12000;JUN;2025;06/2025;
PR;2701010150;PR2701010150;ROTULO TUBAINA 2L;ROTULO;BOPP;MABFLEX;0,0355;14199,999999999998;JUN;2025;06/2025;
PR;2701010144;PR2701010144;ROTULO REFRIKO LARANJA DQI1% 2L;ROTULO;BOPP;MABFLEX;0,0355;7099,9999999999991;JUN;2025;06/2025;
PR;2701010155;PR2701010155;ROTULO REFRIKO UVA DQI1% 2L;ROTULO;BOPP;MABFLEX ;0,0355;10649,999999999998;JUN;2025;06/2025;
PR;2701010147;PR2701010147;ROTULO REFRIKO LIMÃO DQI1% 2L;ROTULO;BOPP;MABFLEX;0,0355;7099,9999999999991;JUN;2025;06/2025;
PR;2701010143;PR2701010143;ROTULO REFRIKO LARANJA DQI1% 200 ML ;ROTULO;BOPP;TRIA;0,008;12000;JUN;2025;06/2025;
PR;2701010146;PR2701010146;ROTULO REFRIKO LIMÃO DQI1% 200 ML ;ROTULO;BOPP;TRIA;0,008;12000;JUN;2025;06/2025;
MS;2701240004;MS2701240004;CHAPA SEM IMPRESSAO 1000X1200 (NOVA);SEPARADOR DE CAMADAS;CHAPA;CPEL;1,25;51250;JUN;2025;06/2025;
PA;10010001;PA10010001;ACUCAR CRISTAL;AÇUCAR;XAROPARIA;GERAL;2,27792;93394,72;MAI;2025;05/2025;
PA;10010001;PA10010001;ACUCAR CRISTAL;AÇUCAR;XAROPARIA;GERAL;2,27792;93394,72;MAI;2025;05/2025;
PA;10010001;PA10010001;ACUCAR CRISTAL;AÇUCAR;XAROPARIA;GERAL;2,27792;93394,72;MAI;2025;05/2025;
PA;10010001;PA10010001;ACUCAR CRISTAL;AÇUCAR;XAROPARIA;GERAL;2,27792;93394,72;MAI;2025;05/2025;
PA;10010001;PA10010001;ACUCAR CRISTAL;AÇUCAR;XAROPARIA;GERAL;2,27792;93394,72;MAI;2025;05/2025;
PA;10100012;PA10100012;BENZOATO DE SODIO;ACID.E CONSERV.;REF/ENER/NOCH/TON;KATEC ;10,352;10352;MAI;2025;05/2025;
PA;11070047;PA11070047;PREFORMA 18 ou 20,6G VERDE;PREFORMA;PET 500 PA;GERAL;0,236;29566,079999999998;MAI;2025;05/2025;
PA;11070012;PA11070012;PREFORMA 46,0G CRISTAL OU 45,7 G;PREFORMA;PET 2L PA;AMCOR;0,49;215255,04000000001;MAI;2025;05/2025;
PA;11070013;PA11070013;PREFORMA 46,0G VERDE OU 45,7 G;PREFORMA;PET 2L PA;AMCOR;0,49;99348,479999999996;JUN;2025;06/2025;
PA;11070032;PA11070032;PREFORMA 48GR CRISTAL OU 50,7 G;PREFORMA;PET 2,5L PA;AMCOR;0,498;388200,96000000002;JUN;2025;06/2025;
PA;11070033;PA11070033;PREFORMA 48GR VERDE OU 50,7 G;PREFORMA;PET 2,5L PA;AMCOR;0,498;200793,60000000001;MAI;2025;05/2025;
PA;11070041;PA11070041;PREFORMA PET 200 ML CRISTAL 12 G;PREFORMA;PET 200 PA;ENVASES;0,159;63101,376000000004;MAI;2025;05/2025;
PA;11070048;PA11070048;PREFORMA PET 200 ML VERDE 12 G;PREFORMA;PET 200 PA;ENVASES;0,159;33977,663999999997;MAI;2025;05/2025;
PA;10090273;PA10090273;ACESSULFAME DE POTASSIO;EDULCORANTE;XAROPARIA;QUANTIQ;34,9;3490;JUN;2025;06/2025;
PA;10090017;PA10090017;EMULSAO LARANJA REFRIKO 98;EMULSAO;XAROPARIA;SAPORITI;36;36000;JUN;2025;06/2025;
PA;10020011;PA10020011;AROMA NATURAL MOUTHFEEL FASV259 ADM;AROMA;REFRIGERANTE;ADM;157,52;15752,000000000002;JUN;2025;06/2025;
PA;10020009;PA10020009;AROMA UVA REFRIKO 84;AROMA;REFRIGERANTE;SAPORITI;23,5;23500;JUN;2025;06/2025;
PA;10090100;PA10090100;ASPARTAME;EDULCORANTE;XAROPARIA;QUANTIQ;70,39;17597,5;JUN;2025;06/2025;
PA;10100024;PA10100024;CICLAMATO DE SÓDIO ;EDULCORANTE;XAROPARIA;QUANTIQ;19,87;5961;JUN;2025;06/2025;
PA;10090295;PA10090295;CONCENTRADO COLA IAB 7729 (NOVO);CONCENT./KITs;KIT COLA;INTERAMERICA;22,39;85082;JUN;2025;06/2025;
PA;10090292;PA10090292;CORANTE AMARANTO;CORANTE;REFRIGERANTE;SAPORITI;67,99;3399,4999999999995;JUN;2025;06/2025;
PA;10090037;PA10090037;CORANTE AZUL BRILHANTE;CORANTE;ENERGÉTICO;SAPORITI;99,37;993,7;JUN;2025;06/2025;
PA;10090294;PA10090294;CORANTE CARAMELO CLASE IV DPC;CORANTE;REFRIGERANTE;SAPORITI;4,8;960;JUN;2025;06/2025;
PA;10090291;PA10090291;EXTRATO DE GUARANA 200% DUAS RODAS;AROMA;REFRIGERANTE;GERAL;47,87;7180,5;JUN;2025;06/2025;
PA;11080241;PA11080241;RÓTULO MICOS COLA 2,5L;ROTULO;BOPP-PA;ELLOFLEX;0,03395;13580;JUN;2025;06/2025;
PA;11080242;PA11080242;RÓTULO MICOS COLA 200ML;ROTULO;BOPP-PA;ELLOFLEX;0,0059;2950;JUN;2025;06/2025;
PA;11080243;PA11080243;ROTULO MICOS COLA 2L;ROTULO;BOPP-PA;ELLOFLEX;0,04163;8326;JUN;2025;06/2025;
PA;11080247;PA11080247;ROTULO MICOS GUARANA 2L;ROTULO;BOPP-PA;ELLOFLEX;0,04163;8326;JUN;2025;06/2025;
PA;11080251;PA11080251;ROTULO MICOS LARANJA 2L;ROTULO;BOPP-PA;ELLOFLEX;0,04163;8326;JUN;2025;06/2025;
PA;11080253;PA11080253;RÓTULO MICOS UVA 2,5L;ROTULO;BOPP-PA;ELLOFLEX;0,03395;8487,5;JUN;2025;06/2025;
PA;11080256;PA11080256;ROTULO MICOS UVA 500ML;ROTULO;BOPP-PA;ELLOFLEX;0,03373;6746,0000000000009;JUN;2025;06/2025;
PA;10090293;PA10090293;SUCO CONCENTRADO DE MACA;SUCO;XAROPARIA;INTERSUCOS;11,5;25300;JUN;2025;06/2025;
PA;10090090;PA10090090;SUCO CONCENTRADO LARANJA;SUCO;XAROPARIA;INTERSUCOS;10,5;3675;JUN;2025;06/2025;
PA;10090094;PA10090094;SUCO CONCENTRADO UVA;SUCO;XAROPARIA;INTERSUCOS;10,5;3675;JUN;2025;06/2025;
PA;10090071;PA10090071;SUCRALOSE;EDULCORANTE;XAROPARIA;QUANTIQ;114,06;17109;JUN;2025;06/2025;
PA;11040006;PA11040006;FILME TERMO ENCOLHIVEL 330 MM X 0,04;FILME;ENERGÉTICO;PRISMAPACK;10,35;20700;MAI;2025;05/2025;
MS;2701150003;MS2701150003;VASILHAME NOVO 330ML;VASILHAME;LONGNECK;VIDROPORTO;0,88;90112;MAI;2025;05/2025;
MS;2701080001;MS2701080001;ACUCAR CRISTAL;AÇUCAR;XAROPARIA;RAIZEN;1,84;287040;MAI;2025;05/2025;
PR;2701080001;PR2701080001;ACUCAR CRISTAL;AÇUCAR;XAROPARIA;RAIZEN;1,84;552171,12;MAI;2025;05/2025;
MS;2701170003;MS2701170003;VINHO DE MESA TINTO SECO GRANEL;VINHO;TANQUE; GAZZI;4,2;176400;MAI;2025;05/2025;
MS;2701170003;MS2701170003;VINHO DE MESA TINTO SECO GRANEL;VINHO;TANQUE; GAZZI;4,2;176400;MAI;2025;05/2025;
MS;2701170003;MS2701170003;VINHO DE MESA TINTO SECO GRANEL;VINHO;TANQUE; GAZZI;4,2;176400;MAI;2025;05/2025;
PR;2801170001;PR2801170001;AGUARDENTE DE CANA CACHACA LT;CACHAÇA;TANQUE; TIROLLI;2,26;44612,399999999994;MAI;2025;05/2025;
PR;2801170001;PR2801170001;AGUARDENTE DE CANA CACHACA LT;CACHAÇA;TANQUE; TIROLLI;2,26;44951,399999999994;MAI;2025;05/2025;
PR;2801170001;PR2801170001;AGUARDENTE DE CANA CACHACA LT;CACHAÇA;TANQUE; TIROLLI;2,26;44996,6;MAI;2025;05/2025;
MS;2701030049;MS2701030049;TAMPA VERDE REFRIKO;TAMPA;PET;OXFORD;0,049;22226,400000000001;ABR;2025;04/2025;
MS;2701140029;MS2701140029;TAMPA - LATA 350/269/473ML - B64;TAMPA;LATA;CROWN;0,24;1725235,2;JUN;2025;06/2025;
MS;2701190001;MS2701190001;MALTE PILSEN BAG 1000 - BARLEY;CERVEJARIA;MALTE;GERAL;3,29;548048,19999999995;MAI;2025;05/2025;
MS;2701190004;MS2701190004;XAROPE DE HIGH MALTOSE 25KG (BREWGILL);CERVEJARIA;OUTROS;GERAL;2,78;333266,39999999997;MAI;2025;05/2025;
MS;2701190004;MS2701190004;XAROPE DE HIGH MALTOSE 25KG (BREWGILL);CERVEJARIA;OUTROS;GERAL;2,78;83400;JUN;2025;06/2025;
MS;2701190004;MS2701190004;XAROPE DE HIGH MALTOSE 25KG (BREWGILL);CERVEJARIA;OUTROS;GERAL;2,78;83400;JUN;2025;06/2025;
MS;2701190004;MS2701190004;XAROPE DE HIGH MALTOSE 25KG (BREWGILL);CERVEJARIA;OUTROS;GERAL;2,78;83400;JUN;2025;06/2025;
MS;2701190004;MS2701190004;XAROPE DE HIGH MALTOSE 25KG (BREWGILL);CERVEJARIA;OUTROS;GERAL;2,78;88237,2;JUN;2025;06/2025;
MS;2701190004;MS2701190004;XAROPE DE HIGH MALTOSE 25KG (BREWGILL);CERVEJARIA;OUTROS;GERAL;2,78;0;JUN;2025;06/2025;
MS;2701190004;MS2701190004;XAROPE DE HIGH MALTOSE 25KG (BREWGILL);CERVEJARIA;OUTROS;GERAL;2,78;500066,39999999997;JUL;2025;07/2025;
PR;2701100002;PR2701100002;BENZOATO DE SODIO;ACID.E CONSERV.;REF/ENER/NOCH/TON;KATEC;12,1;14520;JUN;2025;06/2025;
MS;2701090006;MS2701090006;CITRATO DE SODIO;ACID.E CONSERV.;ENERG/DELIRIO;TOTAL INGREDIENTES;8,28;4140;JUN;2025;06/2025;
MS;2701130007;MS2701130007;AROMA EXTRATO GUARANA REFRIKO 28;AROMA;REFRIGERANTE;SARAPOTI;32,8;6559,9999999999991;JUN;2025;06/2025;
PR;2701130007;PR2701130007;AROMA EXTRATO GUARANA REFRIKO 28;AROMA;REFRIGERANTE;SAPORITI;32,8;14759,999999999998;JUN;2025;06/2025;
MS;2701050008;MS2701050008;AROMA FRUTAS TROPICAIS;AROMA;ENERGÉTICO;MONARCH;149,57;14957;JUN;2025;06/2025;
PR;2801050006;PR2801050006;AROMA FRUTAS TROPICAIS;AROMA;ENERGÉTICO;MONARCH;149,57;7478,5;JUN;2025;06/2025;
PR;2801050025;PR2801050025;AROMA IDENTICO AO NATURAL MORANGO;AROMA;ENERGÉTICO;DUAS RODAS;75,88;7588;JUN;2025;06/2025;
MS;2701050011;MS2701050011;AROMA LIMAO REFRIKO 41;AROMA;REFRIGERANTE;SAPORITI;48;4800;JUN;2025;06/2025;
PR;2701050011;PR2701050011;AROMA LIMAO REFRIKO 41;AROMA;REFRIGERANTE;SAPORITI;48;4800;JUN;2025;06/2025;
MS;2701050013;MS2701050013;AROMA MAÇA VERDE COD;AROMA;ENERGÉTICO;DUAS RODAS;46,45;4645;JUN;2025;06/2025;
MS;2701050019;MS2701050019;AROMA MELAO ;AROMA;ENERGÉTICO;DUAS RODAS;58,97;8845,5;JUN;2025;06/2025;
PR;2801130003;PR2801130003;AROMA QUININO;AROMA;MALDIVES;GERAL;1596;15960;JUL;2025;07/2025;
PR;2701050027;PR2701050027;AROMA UVA REFRIKO 84;AROMA;REFRIGERANTE;SAPORITI;28;4200;JUN;2025;06/2025;
MS;2701050022;MS2701050022;CONCENTRADO DE GUARANA IAB 7205;AROMA;REFRIGERANTE;INTERAMERICAS;25,87;25870;JUN;2025;06/2025;
PR;2701050022;PR2701050022;CONCENTRADO DE GUARANA IAB 7205;AROMA;REFRIGERANTE;INTERAMERICA;27,17;70642;JUN;2025;06/2025;
MS;2701250001;MS2701250001;CLORETO DE CALCIO - IBC;CERVEJARIA;OUTROS;MATRIX;4,07;2442;JUN;2025;06/2025;
MS;2701200002;MS2701200002;LUPULO LSKE;CERVEJARIA;LUPULO;LNF LATINO;1017,47;29506,63;JUN;2025;06/2025;
PR;2801050038;PR2801050038;EMULSAO SABOR CITRUS;EMULSAO;XAROPARIA;DUAS RODAS;100,74;2014,8;JUN;2025;06/2025;
MS;2701040011;MS2701040011;SHRINK MOEMA 350ML - 390X60X3;FILME;MOEMA;PATENA;31,51;315100;AGO;2025;08/2025;
PR;2801020035;PR2801020035;PREFORMA PET 200 ML CRISTAL 12 g;PREFORMA;REFRIKO 200ML;ENGEPACK;0,197948;174523,62547200001;JUN;2025;06/2025;
PR;2801020053;PR2801020053;PREFORMA PET 200 ML VERDE 12 g;PREFORMA;REFRIKO 200ML;ENGEPACK;0,197948;245423,84832000002;JUN;2025;06/2025;
SP;2801020042;SP2801020042;PREFORMA 15G CRISTAL;PREFORMA;PET 500 PA;CRISTALPET;0,22133;366777,45215999999;JUN;2025;06/2025;
PR;2701020055;PR2701020055;PREFORMA 18G CRISTAL;PREFORMA;FURIOSO 250ML;GERAL;0,25664;658189,20959999994;JUN;2025;06/2025;
SP;2801020041;SP2801020041;PREFORMA 18G CRISTAL 500 ML;PREFORMA;PET 500 PA;GERAL;0,25664;202519,75679999997;JUN;2025;06/2025;
PR;2701020058;PR2701020058;PREFORMA 39,7G CRISTAL;PREFORMA;TERNURA LARANJA;Amcor;0,445;64250,879999999997;JUN;2025;06/2025;
PR;2701020059;PR2701020059;PREFORMA 41G CRISTAL;PREFORMA;REFRIKO 2L;ENGEPACK;0,5212;161063,3088;JUN;2025;06/2025;
PR;2701020101;PR2701020101;PREFORMA 39,7G VERDE;PREFORMA;REFRISHOW;GERAL;0,445;297160,32000000001;JUN;2025;06/2025;
PR;2701020102;PR2701020102;PREFORMA 41G VERDE;PREFORMA;REFRIKO 2L;ENGEPACK;0,5212;130591,872;JUN;2025;06/2025;
SP;2801020032;SP2801020032;PREFORMA 31,7G CRISTAL;PREFORMA;ÁGUA 1,5L;ENVASES;0,41577;32899,048559999996;JUN;2025;06/2025;
MS;2701020075;MS2701020075;PREFORMA PET 46,7GR CRISTAL;PREFORMA;FURIOSO 2L;ENVASES;0,594;257976,576;JUN;2025;06/2025;
MS;2701010171;MS2701010171;ROTULO GUARANA 600ML;ROTULO;PAPEL;LITOBANO;0,0258;5160;JUN;2025;06/2025;
MS;2701010174;MS2701010174;ROTULO TUBAINA 600ML;ROTULO;PAPEL;LITOBANO;0,0258;5160;JUN;2025;06/2025;
PR;2701030037;PR2701030037;TAMPA AMARELA LISA;TAMPA;PET;OXFORD;0,04445;134416,80000000002;JUN;2025;06/2025;
MS;2701030041;MS2701030041;TAMPA AZUL BAMBOA (VODKA BAMBOA);TAMPA;VIDRO NAC;BRASTAMPAS;0,3;60000;JUN;2025;06/2025;
PR;2701030043;PR2701030043;TAMPA LARANJA REFRIKO;TAMPA;PET;OXFORD;0,04445;26883,360000000001;JUN;2025;06/2025;
PR;2701030044;PR2701030044;TAMPA LILAS LISA;TAMPA;PET;OXFORD;0,04445;6720,84;JUN;2025;06/2025;
MS;2701030032;MS2701030032;TAMPA METALICA LISA;TAMPA;VIDRO NAC;ARO EXP;0,0495;9900;JUN;2025;06/2025;
SP;2801030014;SP2801030014;TAMPA PLASTICA AZUL OMNI                             ;TAMPA;PET;GERAL;0,043333;52415,596800000007;JUN;2025;06/2025;
SP;2801030017;SP2801030017;TAMPA PLASTICA PRETA OMNI 120 COM VEDANTE;TAMPA;PET;GERAL;0,043333;39311,6976;JUN;2025;06/2025;
PR;2701030049;PR2701030049;TAMPA VERDE REFRIKO;TAMPA;PET;OXFORD;0,04445;20162,52;JUN;2025;06/2025;
PR;3002020007;PR3002020007;CARVÃO ATIVADO;TERRA;XAROPARIA;GUARAMEX;12,5;2500;JUN;2025;06/2025;
MS;3002020010;MS3002020010;TERRA CELITE DIATOMITA 2500/535;TERRA;CERVEJARIA;VENETO;8,8;1997,6000000000001;JUN;2025;06/2025;
MS;3002020009;MS3002020009;TERRA CELITE DIATOMITA SPEEDFLOW/STANDARD (VERMELHO);TERRA;CERVEJARIA;VENETO;8,8;2796,6400000000003;JUN;2025;06/2025;
PR;3002020009;PR3002020009;TERRA CELITE DIATOMITA SPEEDFLOW/STANDARD (VERMELHO);TERRA;XAROPARIA;VENETO;8,8;399,52000000000004;JUN;2025;06/2025;
PR;3002020011;PR3002020011;TERRA DIATOMITA 341/HYFLOW (AZUL);TERRA;XAROPARIA;VENETO;8,8;7391,1200000000008;JUN;2025;06/2025;
MS;3002020011;MS3002020011;TERRA DIATOMITA 341/HYFLOW (AZUL);TERRA;XAROPARIA;VENETO;8,8;2996,4;JUN;2025;06/2025;
MS;2701150001;MS2701150001;VASILHAME GINGUALA 970ML;VASILHAME;NORMAL;VIDROPORTO;1,57;132508;JUN;2025;06/2025;
MS;2701150009;MS2701150009;VASILHAME TUBAINA CRISTAL LONGNECK 355ML;VASILHAME;NORMAL;VIDROPORTO;0,53;48972;JUN;2025;06/2025;
MS;2701050040;MS2701050040;CONCENTRADO BEBIDAS ENERGETICA;AROMA;KIT ENERGÉTICO;ADM;2076,886;36157,486072423402;JUL;2025;07/2025;
PR;2801050003;PR2801050003;CONCENTRADO BEBIDAS ENERGETICA;AROMA;KIT ENERGÉTICO;GERAL;2044,7664;427179,61002785515;JUL;2025;07/2025;
MS;2701120001;MS2701120001;PREMIX ENERG EMULVIT 8942;CONCENT./KITs;C.ENERGETICO;CALDIC;18,05;43320;JUL;2025;07/2025;
PR;2801120002;PR2801120002;PREMIX ENERG EMULVIT 8942;CONCENT./KITs;C.ENERGETICO;QUANTIQ;18,05;10830;JUL;2025;07/2025;
MS;2701070006;MS2701070006;ACESSULFAME DE POTASSIO;EDULCORANTE;XAROPARIA;STAR;28,53;1426,5;JUL;2025;07/2025;
PR;2701070006;PR2701070006;ACESSULFAME DE POTASSIO;EDULCORANTE;XAROPARIA;BORAQUIMICA;28,53;2853;JUL;2025;07/2025;
PR;2701070005;PR2701070005;ASPARTAME;EDULCORANTE;XAROPARIA;BORAQUIMICA;61,26;4594,5;JUL;2025;07/2025;
MS;2701070004;MS2701070004;CICLAMATO DE SÓDIO ;EDULCORANTE;XAROPARIA;GERAL;14,18;709;JUL;2025;07/2025;
PR;2701070004;PR2701070004;CICLAMATO DE SÓDIO ;EDULCORANTE;XAROPARIA;BORAQUIMICA;14,18;2127;JUL;2025;07/2025;
MS;2701070001;MS2701070001;SUCRALOSE;EDULCORANTE;XAROPARIA;BUSCHLE;84,3;8430;JUL;2025;07/2025;
PR;2701070001;PR2701070001;SUCRALOSE;EDULCORANTE;XAROPARIA;BUSCHLE;88;13200;JUL;2025;07/2025;
SP;2801040014;SP2801040014;FILME STRETCH POLIETILENO 500X0023;FILME;STRETCH;CANCELADO;22,85;0;JUL;2025;07/2025;
MS;2701040009;MS2701040009;FILME STRETCH POLIETILENO 500X0023;FILME;STRETCH;CANCELADO;22,85;0;JUL;2025;07/2025;
MS;2701040001;MS2701040001;FILME TERMO ENCOLHIVEL 420 X 0,05;FILME;JUJ/TERN;CANCELADO;21;0;JUL;2025;07/2025;
PR;2701040004;PR2701040004;FILME TERMO ENCOLHIVEL 600 MM X 0,04 ;FILME;REFRI;CANCELADO;14,1;0;JUL;2025;07/2025;
PR;2701040005;PR2701040005;FILME TERMO ENCOLHIVEL 660 MM X 0,04;FILME;ENERGÉTICO;CANCELADO;23,5;0;JUL;2025;07/2025;
PR;2701040006;PR2701040006;FILME TERMO ENCOLHIVEL 860/5 MM;FILME;JUJ/TERN;CANCELADO;23,575;0;JUL;2025;07/2025;
PR;2701040007;PR2701040007;FILME TERMO ENCOLHIVEL 860/0,06 MM;FILME;REFR/ENERG.;CANCELADO;23,575;0;JUL;2025;07/2025;
MS;2701040003;MS2701040003;FILME TERMO ENCOLHÍVEL DE 560X006;FILME;DIVERSOS;CANCELADO;23,5;0;JUL;2025;07/2025;
MS;2701040003;MS2701040003;FILME TERMO ENCOLHÍVEL DE 560X006;FILME;DIVERSOS;MEGA PACK;23,5;23500;AGO;2025;08/2025;
SP;2801040018;SP2801040018;FILME TERMOENCOLHIVEL LISO 390X0,05MM                    ;FILME;ÁGUA 500;CANCELADO;23,575;0;JUL;2025;07/2025;
MS;2701040002;MS2701040002;FILME TERMO ENCOLHIVEL 420 X 0,06;FILME;REFR/ENERG.;CANCELADO;23,5;0;JUL;2025;07/2025;
SP;2801010066;SP2801010066;ROTULO BOPP AGUA S/ GAS HIDRATAR 1,5L                    ;ROTULO;BOPP;TRIA;0,0199498;3989,96;JUL;2025;07/2025;
SP;2801010063;SP2801010063;ROTULO BOPP AGUA C/ GAS HIDRATAR 500ML                   ;ROTULO;BOPP;TRIA;0,01056;26400;JUL;2025;07/2025;
SP;2801010068;SP2801010068;ROTULO BOPP AGUA S/ GAS HIDRATAR 500ML                   ;ROTULO;BOPP;TRIA;0,01056;15840;JUL;2025;07/2025;
PR;2801010099;PR2801010099;ROTULO FURIOSO 250ML;ROTULO;SLEEVE;CCL/ALL4LABELS;0,050377;75565,5;JUL;2025;07/2025;
PR;2801010100;PR2801010100;ROTULO FURIOSO 2L;ROTULO;SLEEVE;ALL4LABELL;0,2062;61860;JUL;2025;07/2025;
PR;2801010097;PR2801010097;ROTULO FURIOSO MELANCIA E MORANGO 250ML;ROTULO;SLEEVE;CCL;0,050377;10075,4;JUL;2025;07/2025;
MS;2701010184;MS2701010184;ROTULO FURIOSO MELAO 2L;ROTULO;SLEEVE;CCL;0,2062;20620;JUL;2025;07/2025;
MS;2701010193;MS2701010193;ROTULO FURIOSO TROPICAL 2L;ROTULO;SLEEVE;CCL;0,2062;20620;JUL;2025;07/2025;
PR;2801010072;PR2801010072;ROTULO GUARANA REDUZIDO 200 ML ;ROTULO;BOPP;TRIA;0,008;12000;JUL;2025;07/2025;
PR;2701010132;PR2701010132;ROTULO REFRIKO COLA 2L;ROTULO;BOPP;MABFLEX;0,0355;7099,9999999999991;JUL;2025;07/2025;
PR;2701010163;PR2701010163;ROTULO TUBA JUJUBA 2L;ROTULO;BOPP;MABFLEX;0,0355;14199,999999999998;JUL;2025;07/2025;
PR;2701010150;PR2701010150;ROTULO TUBAINA 2L;ROTULO;BOPP;MABFLEX;0,0355;7099,9999999999991;JUL;2025;07/2025;
PR;2701010158;PR2701010158;ROTULO REFRISHOW LARANJA S/ SUCO 2L;ROTULO;BOPP;MABFLEX;0,0355;7099,9999999999991;JUL;2025;07/2025;
MS;2701240004;MS2701240004;CHAPA SEM IMPRESSAO 1000X1200 (NOVA);SEPARADOR DE CAMADAS;CHAPA;CPEL;1,25;51250;JUL;2025;07/2025;
PA;10010001;PA10010001;ACUCAR CRISTAL;AÇUCAR;XAROPARIA;JALLES MACHADO;2,27792;569480;JUN;2025;06/2025;
PA;11070047;PA11070047;PREFORMA 18 ou 20,6G VERDE;PREFORMA;PET 500 PA;ENVASES;0,236;32590,655999999999;JUN;2025;06/2025;
PA;11070032;PA11070032;PREFORMA 48GR CRISTAL OU 50,7 G;PREFORMA;PET 2,5L PA;AMCOR;0,498;187407,35999999999;JUN;2025;06/2025;
PA;11070033;PA11070033;PREFORMA 48GR VERDE OU 50,7 G;PREFORMA;PET 2,5L PA;AMCOR;0,498;44620,800000000003;JUN;2025;06/2025;
PA;11070041;PA11070041;PREFORMA PET 200 ML CRISTAL 12 G;PREFORMA;PET 200 PA;ENVASES;0,159;145103,4;JUN;2025;06/2025;
PA;11070048;PA11070048;PREFORMA PET 200 ML VERDE 12 G;PREFORMA;PET 200 PA;ENVASES;0,159;22323,599999999999;JUN;2025;06/2025;
PA;11090001;PA11090001;TAMPA LARANJA REFRIKO;TAMPA;PET;RAVIBRAS;0,04667;21169,512000000002;JUN;2025;06/2025;
PA;11090034;PA11090034;TAMPA LILAS LISA;TAMPA;PET;RAVIBRAS;0,04667;28226,016000000003;JUN;2025;06/2025;
PA;11090031;PA11090031;TAMPA VERMELHA LISA;TAMPA;PET;RAVIBRAS;0,04667;49395,528000000006;JUN;2025;06/2025;
PA;10020012;PA10020012;AROMA DE GUARANA 31835 ADM;AROMA;REFRIGERANTE;ADM;120,2;60100;JUL;2025;07/2025;
PA;10090295;PA10090295;CONCENTRADO COLA IAB 7729 (NOVO);CONCENT./KITs;KIT COLA;INTERAMERICA;22,39;67170;JUL;2025;07/2025;
PA;12030001;PA12030001;FILME STRETCH POLIETILENO 500X0023;FILME;STRETCH;MEGA PACK;9,8;19600;JUL;2025;07/2025;
PA;11040793;PA11040793;FILME TERMO - 480X0,06;FILME;REFRI;MEGA PACK;10,35;82800;JUL;2025;07/2025;
PA;11040007;PA11040007;FILME TERMO ENCOLHIVEL 420 X 0,06;FILME;REFR/ENERG.;MEGA PACK;10,35;20700;JUL;2025;07/2025;
PA;11080241;PA11080241;RÓTULO MICOS COLA 2,5L;ROTULO;BOPP-PA;ELLOFLEX;0,03395;16975;JUL;2025;07/2025;
PA;11080245;PA11080245;RÓTULO MICOS GUARANA 2,5L;ROTULO;BOPP-PA;ELLOFLEX;0,03395;16975;JUL;2025;07/2025;
MS;2701190001;MS2701190001;MALTE PILSEN BAG 1000 - BARLEY;CERVEJARIA;MALTE;GERAL;3,29;440991,6;JUN;2025;06/2025;
MS;2701150006;MS2701150006;VASILHAME AMBAR 300ML - LITRINHO;VASILHAME;NORMAL;VIDROPORTO;0,74;75213,600000000006;JUN;2025;06/2025;
MS;2701170003;MS2701170003;VINHO DE MESA TINTO SECO GRANEL;VINHO;TANQUE;GERAL;4,2;176400;JUN;2025;06/2025;
MS;2701170003;MS2701170003;VINHO DE MESA TINTO SECO GRANEL;VINHO;TANQUE;GERAL;4,2;176400;JUN;2025;06/2025;
MS;2701170003;MS2701170003;VINHO DE MESA TINTO SECO GRANEL;VINHO;TANQUE;GERAL;4,2;621600;FEV;2025;02/2025;
PA;10090290;PA10090290;PREMIX ENERG EMULVIT 8942 ADM;CONCENT./KITs;C.ENERGETICO;QUANTIQ;26,8;10720;JUN;2025;06/2025;
PA;10090274;PA10090274;CONCENTRADO BEBIDAS ENERGETICA;AROMA;KIT ENERGÉTICO;WILD;164,7247563;141992,73990250699;JUN;2025;06/2025;
MS;2701080001;MS2701080001;ACUCAR CRISTAL;AÇUCAR;XAROPARIA;RAIZEN;1,84;391285,2;JUN;2025;06/2025;
PR;2701080001;PR2701080001;ACUCAR CRISTAL;AÇUCAR;XAROPARIA;RAIZEN;1,84;461472;JUN;2025;06/2025;
MS;2701070001;MS2701070001;SUCRALOSE;EDULCORANTE;XAROPARIA;GERAL;84,3;14752,5;SET;2025;09/2025;
PR;2701070001;PR2701070001;SUCRALOSE;EDULCORANTE;XAROPARIA;BUSCHLE;88;13200;AGO;2025;08/2025;
PA;10090071;PA10090071;SUCRALOSE;EDULCORANTE;XAROPARIA;KONKRETA;114,06;17109;AGO;2025;08/2025;
PR;2701070001;PR2701070001;SUCRALOSE;EDULCORANTE;XAROPARIA;BUSCHLE;88;17600;SET;2025;09/2025;
PA;10090071;PA10090071;SUCRALOSE;EDULCORANTE;XAROPARIA;KONKRETA;114,06;17109;SET;2025;09/2025;
PR;2701090002;PR2701090002;ACIDO CITRICO;ACID.E CONSERV.;REF/ENER/ROM/DEL;BORAQUIMICA;8,95;107399,99999999999;JUL;2025;07/2025;
MS;2701090004;MS2701090004;ACIDO TARTARICO ;ACID.E CONSERV.;NOCH/TON/BEL;MCASSAB;35,5;5325;JUL;2025;07/2025;
PR;2801050040;PR2801050040;AROMA DE LIMAO MATRIX;AROMA;NOCH LEMON;GERAL;66,2;6620;JUL;2025;07/2025;
MS;2701130007;MS2701130007;AROMA EXTRATO GUARANA REFRIKO 28;AROMA;REFRIGERANTE;SAPORITI;32,8;6559,9999999999991;JUL;2025;07/2025;
PR;2701130007;PR2701130007;AROMA EXTRATO GUARANA REFRIKO 28;AROMA;REFRIGERANTE;SARAPOTI;32,8;26239,999999999996;JUL;2025;07/2025;
MS;2701050008;MS2701050008;AROMA FRUTAS TROPICAIS;AROMA;ENERGÉTICO;MONARCH;149,57;14957;JUL;2025;07/2025;
PR;2801050006;PR2801050006;AROMA FRUTAS TROPICAIS;AROMA;ENERGÉTICO;MONARCH;149,57;14957;JUL;2025;07/2025;
PR;2801050027;PR2801050027;AROMA IDENTICO AO NATURAL DE PESSEGO;AROMA;NOCH DEMAIS;SAPORITI;58;5800;JUL;2025;07/2025;
PR;2801050019;PR2801050019;AROMA IDENTICO AO NATURAL MARACUJA;AROMA;NOCH DEMAIS;DUAS RODAS;54,21;2710,5;JUL;2025;07/2025;
MS;2701050017;MS2701050017;AROMA IDENTICO AO NATURAL MELANCIA;AROMA;ENERGÉTICO;DUAS RODAS;37,17;5575,5;JUL;2025;07/2025;
PR;2801050021;PR2801050021;AROMA IDENTICO AO NATURAL MELANCIA;AROMA;ENERGÉTICO;DUAS RODAS;37,17;5575,5;JUL;2025;07/2025;
MS;2701050021;MS2701050021;AROMA IDENTICO AO NATURAL MORANGO;AROMA;ENERGÉTICO;DUAS RODAS;75,88;7588;JUL;2025;07/2025;
PR;2801050025;PR2801050025;AROMA IDENTICO AO NATURAL MORANGO;AROMA;ENERGÉTICO;DUAS RODAS;75,88;5311,5999999999995;JUL;2025;07/2025;
PR;2701050011;PR2701050011;AROMA LIMAO REFRIKO 41;AROMA;REFRIGERANTE;SARAPOTI;48;9600;JUL;2025;07/2025;
MS;2701050013;MS2701050013;AROMA MAÇA VERDE COD;AROMA;ENERGÉTICO;DUAS RODAS;46,45;4645;JUL;2025;07/2025;
PR;2801050015;PR2801050015;AROMA MAÇA VERDE COD;AROMA;ENERGÉTICO;DUAS RODAS;46,45;2322,5;JUL;2025;07/2025;
MS;2701050019;MS2701050019;AROMA MELAO ;AROMA;ENERGÉTICO;DUAS RODAS;58,97;5897;JUL;2025;07/2025;
PR;2801050023;PR2801050023;AROMA MELAO;AROMA;ENERGÉTICO;DUAS RODAS;58,97;8845,5;JUL;2025;07/2025;
MS;2701050028;MS2701050028;AROMA NATURAL PARA VODKA ;AROMA;VODKA;DUAS RODAS;25,88;2588;JUL;2025;07/2025;
PR;2701050027;PR2701050027;AROMA UVA REFRIKO 84;AROMA;REFRIGERANTE;SARAPOTI;28;11200;JUL;2025;07/2025;
MS;2701100002;MS2701100002;BENZOATO DE SODIO;ACID.E CONSERV.;REF/ENER/NOCH/TON;DAXIA;12,1;12100;JUL;2025;07/2025;
PR;2701100002;PR2701100002;BENZOATO DE SODIO;ACID.E CONSERV.;REF/ENER/NOCH/TON;DAXIA;12,1;18150;JUL;2025;07/2025;
PR;2801090005;PR2801090005;CITRATO DE SODIO;ACID.E CONSERV.;ENERG/DELIRIO;BORAQUIMICA;8,28;5796;JUL;2025;07/2025;
PR;2801090005;PR2801090005;CITRATO DE SODIO;ACID.E CONSERV.;ENERG/DELIRIO;BORAQUIMICA;8,28;2484;JUL;2025;07/2025;
PR;2701050035;PR2701050035;AROMA ARTIFICIAL GUARANA IFB (PED. KOMPLETO);AROMA;REFRIGERANTE;OTC;22,75;15925;JUL;2025;07/2025;
MS;2701050035;MS2701050035;AROMA ARTIFICIAL GUARANA IFB (PED. KOMPLETO);AROMA;REFRIGERANTE;REFRIKO;22,75;6825;JUL;2025;07/2025;
MS;2701060007;MS2701060007;CORANTE CARAMELO CLASE IV DPC;CORANTE;REFRIGERANTE;SAPORITI;7,5;2250;JUL;2025;07/2025;
PR;2701060007;PR2701060007;CORANTE CARAMELO CLASE IV DPC;CORANTE;REFRIGERANTE;SARAPOTI;7,5;9000;JUL;2025;07/2025;
PR;2701050018;PR2701050018;EMULSAO LARANJA REFRIKO 98;EMULSAO;XAROPARIA;SAROPOTI;32,8;22959,999999999996;JUL;2025;07/2025;
MS;2701130006;MS2701130006;EXTRATO DE GUARANA 200% DUAS RODAS;AROMA;ENERG./DELÍR.;DUAS RODAS;49,93;7489,5;JUL;2025;07/2025;
PR;2701130006;PR2701130006;EXTRATO DE GUARANA 200% DUAS RODAS;AROMA;ENERG./DELÍR.;DUAS RODAS;49,93;17475,5;JUL;2025;07/2025;
MS;2701150001;MS2701150001;VASILHAME GINGUALA 970ML;VASILHAME;NORMAL;VIDROPORTO;1,57;132633,60000000001;JUL;2025;07/2025;
MS;2701150002;MS2701150002;VASILHEME OW LW 600 ML AMBAR (CERVEJA);VASILHAME;NORMAL;LOGGLAS;0,55;31185,000000000004;JUL;2025;07/2025;
PR;2801020035;PR2801020035;PREFORMA PET 200 ML CRISTAL 12 g;PREFORMA;REFRIKO 200ML;ENGEPACK;0,197948;223608,39513600001;JUL;2025;07/2025;
PR;2801020053;PR2801020053;PREFORMA PET 200 ML VERDE 12 g;PREFORMA;REFRIKO 200ML;GERAL;0,197948;310870,207872;JUL;2025;07/2025;
SP;2801020042;SP2801020042;PREFORMA 15G CRISTAL;PREFORMA;PET 500 PA;ENVASES;0,22133;187755,12432;JUL;2025;07/2025;
MS;2701020090;MS2701020090;PREFORMA 18G CRISTAL 500 ML - DESCONTINUAR;PREFORMA;REFRIKO 500ML;ENVASES;0,25664;30377,963519999998;JUL;2025;07/2025;
PR;2701020055;PR2701020055;PREFORMA 18G CRISTAL;PREFORMA;FURIOSO 250ML;ENGEPACK;0,25664;235238,27711999998;JUL;2025;07/2025;
PR;2701020058;PR2701020058;PREFORMA 39,7G CRISTAL;PREFORMA;TERNURA LARANJA;AMCOR;0,445;35998,720000000001;JUL;2025;07/2025;
PR;2701020059;PR2701020059;PREFORMA 41G CRISTAL;PREFORMA;REFRIKO 2L;ENGEPACK;0,5212;37626,470399999998;JUL;2025;07/2025;
MS;2701020059;MS2701020059;PREFORMA 41 G CRISTAL;PREFORMA;REFRIKO 2L;ENVASES;0,5553;51016,5216;JUL;2025;07/2025;
PR;2701020101;PR2701020101;PREFORMA 39,7G VERDE;PREFORMA;REFRISHOW;AMCOR;0,445;341987,84000000003;JUL;2025;07/2025;
PR;2701020102;PR2701020102;PREFORMA 41G VERDE;PREFORMA;REFRIKO 2L;ENGEPACK;0,5212;84659,558399999994;JUL;2025;07/2025;
MS;2701020102;MS2701020102;PREFORMA 41 G VERDE;PREFORMA;REFRIKO 2L;ENVASES;0,4013;180989,5104;JUL;2025;07/2025;
MS;2701020081;MS2701020081;PREFORMA 54,4GR CRISTAL SHORT;PREFORMA;REFRIKO 3L;ENVASES;0,55922;7578,5494400000007;JUL;2025;07/2025;
SP;2801020032;SP2801020032;PREFORMA 31,7G CRISTAL;PREFORMA;ÁGUA 1,5L;GERAL;0,41577;42298,776719999994;JUL;2025;07/2025;
MS;2701020075;MS2701020075;PREFORMA PET 46,7GR CRISTAL;PREFORMA;FURIOSO 2L;ENVASES;0,594;153793,728;JUL;2025;07/2025;
PR;2701020075;PR2701020075;PREFORMA PET 46,7GR CRISTAL ;PREFORMA;FURIOSO 2L;ENGEPACK;0,687488;252643,59014399999;JUL;2025;07/2025;
PR;2701050023;PR2701050023;PREP ACIDO COLA ;CONCENT./KITs;KIT COLA;SARAPOTI;25;7500;JUL;2025;07/2025;
MS;2701050023;MS2701050023;PREP ACIDO COLA ;CONCENT./KITs;KIT COLA;SAPORITI;25;3750;JUL;2025;07/2025;
MS;2701160013;MS2701160013;CAIXA TUBAÍNA 12X355ML;CAIXA;TUBAINA;JAUENSE;1,97;39400;JUL;2025;07/2025;
PR;2701100001;PR2701100001;SORBATO DE POTASSIO 25KG;ACID.E CONSERV.;REF/ENER/ROM/DEL;BORAQUIMICA;15,72;6288;JUL;2025;07/2025;
MS;2701130009;MS2701130009;SUCO CONCENTRADO DE MACA;SUCO;XAROPARIA;INTERSUCOS;12;1200;JUL;2025;07/2025;
PR;2701130009;PR2701130009;SUCO CONCENTRADO DE MACA;SUCO;XAROPARIA;INTERSUCOS;12;21600;JUL;2025;07/2025;
MS;2701130001;MS2701130001;SUCO CONCENTRADO LARANJA;SUCO;XAROPARIA;INTERSUCOS;12;600;JUL;2025;07/2025;
PR;2701130001;PR2701130001;SUCO CONCENTRADO LARANJA;SUCO;XAROPARIA;INTERSUCOS;12;3600;JUL;2025;07/2025;
MS;2701130002;MS2701130002;SUCO CONCENTRADO LIMÃO;SUCO;XAROPARIA;INTERSUCOS;16,5;412,5;JUL;2025;07/2025;
PR;2701130002;PR2701130002;SUCO CONCENTRADO LIMÃO;SUCO;XAROPARIA;INTERSUCOS;16,5;1237,5;JUL;2025;07/2025;
PR;2701130003;PR2701130003;SUCO CONCENTRADO UVA;SUCO;XAROPARIA;INTERSUCOS;13;7800;JUL;2025;07/2025;
PR;2701030037;PR2701030037;TAMPA AMARELA LISA;TAMPA;PET;OXFORD ;0,04445;168021;JUL;2025;07/2025;
PR;2701030043;PR2701030043;TAMPA LARANJA REFRIKO;TAMPA;PET;OXFORD ;0,04445;33604,200000000004;JUL;2025;07/2025;
PR;2701030044;PR2701030044;TAMPA LILAS LISA;TAMPA;PET;OXFORD ;0,04445;20162,52;JUL;2025;07/2025;
SP;2801030014;SP2801030014;TAMPA PLASTICA AZUL OMNI                             ;TAMPA;PET;OPS;0,043333;26207,798400000003;JUL;2025;07/2025;
PR;2701030049;PR2701030049;TAMPA VERDE REFRIKO;TAMPA;PET;OXFORD ;0,04445;87370,920000000013;JUL;2025;07/2025;
MS;3002020010;MS3002020010;TERRA CELITE DIATOMITA 2500/535;TERRA;CERVEJARIA;VENETO;8,8;63523,68;JUL;2025;07/2025;
MS;3002020009;MS3002020009;TERRA CELITE DIATOMITA SPEEDFLOW/STANDARD (VERMELHO);TERRA;CERVEJARIA;VENETO;8,8;23971,200000000001;JUL;2025;07/2025;
PR;3002020011;PR3002020011;TERRA DIATOMITA 341/HYFLOW (AZUL);TERRA;XAROPARIA;VENETO;8,8;5992,8;JUL;2025;07/2025;
MS;2701150003;MS2701150003;VASILHAME NOVO 330ML;VASILHAME;LONGNECK;VIDROPORTO;0,88;84022,399999999994;JUL;2025;07/2025;
PR;2801050039;PR2801050039;AROMA ID. AO NATURAL DE UVA VERDE SAPORITI;AROMA;ENERGÉTICO;SAPORITI;108;16200;JUL;2025;07/2025;
MS;2701150009;MS2701150009;VASILHAME TUBAINA CRISTAL LONGNECK 355ML;VASILHAME;NORMAL;VIDROPORTO;0,53;146916;JUL;2025;07/2025;
MS;2701030036;MS2701030036;TAMPA METALICA TWISTOF;TAMPA;VIDRO NAC;ARO;0,0495;24750;JUL;2025;07/2025;
MS;2701030032;MS2701030032;TAMPA METALICA LISA;TAMPA;VIDRO NAC;ARO;0,0495;9900;JUL;2025;07/2025;
MS;2701070006;MS2701070006;ACESSULFAME DE POTASSIO;EDULCORANTE;XAROPARIA;BORAQUIMICA;28,53;1426,5;AGO;2025;08/2025;
PR;2701070006;PR2701070006;ACESSULFAME DE POTASSIO;EDULCORANTE;XAROPARIA;BORAQUIMICA;28,53;4279,5;AGO;2025;08/2025;
MS;2701090002;MS2701090002;ACIDO CITRICO;ACID.E CONSERV.;REF/ENER/ROM/DEL;BORAQUIMICA;8,95;107399,99999999999;AGO;2025;08/2025;
MS;2701090003;MS2701090003;ACIDO LACTICO - IBC;CERVEJARIA;OUTROS;DAXIA;10,41;10410;AGO;2025;08/2025;
MS;2701050001;MS2701050001;AROMA NATURAL MOUTHFEEL FASV259 ADM;AROMA;REFRIGERANTE;ADM;165,4;4796,6000000000004;AGO;2025;08/2025;
PR;2701050001;PR2701050001;AROMA NATURAL MOUTHFEEL FASV259 ADM;AROMA;REFRIGERANTE;ADM;165,4;17697,8;AGO;2025;08/2025;
PR;2701070005;PR2701070005;ASPARTAME;EDULCORANTE;XAROPARIA;BORAQUIMICA;61,26;6126;AGO;2025;08/2025;
MS;2701100002;MS2701100002;BENZOATO DE SODIO;ACID.E CONSERV.;REF/ENER/NOCH/TON;DAXIA;12,1;8470;AGO;2025;08/2025;
PR;2701100002;PR2701100002;BENZOATO DE SODIO;ACID.E CONSERV.;REF/ENER/NOCH/TON;DAXIA;12,1;21780;AGO;2025;08/2025;
MS;2701240004;MS2701240004;CHAPA SEM IMPRESSAO 1000X1200 (NOVA);SEPARADOR DE CAMADAS;CHAPA;CPEL;1,25;51250;AGO;2025;08/2025;
MS;2701070004;MS2701070004;CICLAMATO DE SÓDIO ;EDULCORANTE;XAROPARIA;BORAQUIMICA;14,18;709;AGO;2025;08/2025;
PR;2701070004;PR2701070004;CICLAMATO DE SÓDIO ;EDULCORANTE;XAROPARIA;BORAQUIMICA;14,18;2836;AGO;2025;08/2025;
MS;2701050040;MS2701050040;CONCENTRADO BEBIDAS ENERGETICA;AROMA;KIT ENERGÉTICO;ADM;2076,886;361574,86072423402;AGO;2025;08/2025;
PR;2801050003;PR2801050003;CONCENTRADO BEBIDAS ENERGETICA;AROMA;KIT ENERGÉTICO;ADM ;2044,7664;320384,70752089139;AGO;2025;08/2025;
MS;2701060010;MS2701060010;CORANTE AMARANTO;CORANTE;DELIRIO;SAROPOTI;85,5;855;AGO;2025;08/2025;
PR;2701060010;PR2701060010;CORANTE AMARANTO;CORANTE;REFRIGERANTE;SARAPOTI;85,5;3420;AGO;2025;08/2025;
PR;2701060009;PR2701060009;CORANTE AMARELO SUNSET;CORANTE;XAROPARIA;SAROPOTI;45,62;684,3;AGO;2025;08/2025;
PR;2701060001;PR2701060001;CORANTE PONCEAU ;CORANTE;ENERGÉTICO;SARAPOTI;67;335;AGO;2025;08/2025;
MS;2701060003;MS2701060003;CORANTE TARTRAZINA;CORANTE;ENERGÉTICO;SAROPOTI;49;245;AGO;2025;08/2025;
MS;2701050020;MS2701050020;EMULSÃO COLA E-0388 ADM (NOVO);EMULSAO;XAROPARIA;ADM;384,51;20186,774999999998;AGO;2025;08/2025;
MS;2701210004;MS2701210004;ENZIMA ULTRA FLOW;CERVEJARIA;OUTROS;PROZYN ;76,36;7636;AGO;2025;08/2025;
MS;2701040009;MS2701040009;FILME STRETCH POLIETILENO 500X0023;FILME;STRETCH;EPA;22,85;68550;AGO;2025;08/2025;
PR;2701040009;PR2701040009;FILME STRETCH POLIETILENO 500X0023;FILME;STRETCH;MEGA PACK;20;60000;AGO;2025;08/2025;
PR;2701040004;PR2701040004;FILME TERMO ENCOLHIVEL 600 MM X 0,04 ;FILME;REFRI;EPA;14,1;42300;AGO;2025;08/2025;
PR;2701040005;PR2701040005;FILME TERMO ENCOLHIVEL 660 MM X 0,04;FILME;ENERGÉTICO;PATENA;23,5;70500;AGO;2025;08/2025;
PR;2701040007;PR2701040007;FILME TERMO ENCOLHIVEL 860/0,06 MM;FILME;REFR/ENERG.;EPA;23,575;165025;AGO;2025;08/2025;
SP;2801040017;SP2801040017;FILME TERMO ENCOLHIVEL 420X0,05MM;FILME;AGUA 1,5L;GERAL;21;21000;AGO;2025;08/2025;
MS;2701120001;MS2701120001;PREMIX ENERG EMULVIT 8942;CONCENT./KITs;C.ENERGETICO;CALDIC;18,05;27075;AGO;2025;08/2025;
PR;2801120002;PR2801120002;PREMIX ENERG EMULVIT 8942;CONCENT./KITs;C.ENERGETICO;GERAL;18,05;36100;AGO;2025;08/2025;
MS;2701010118;MS2701010118;ROTULO ADESIVO TUBAINA 355ML  ;ROTULO;ADESIVO;ALL4LABELL;0,05095;12737,5;AGO;2025;08/2025;
PR;2801010088;PR2801010088;ROTULO AGUA TONICA MALDIVES 250 ML;ROTULO;SLEEVE;CCL;0,05071;7606,5;AGO;2025;08/2025;
PR;2701010156;PR2701010156;ROTULO BOPP REFRISHOW GUARANA 2 L;ROTULO;BOPP;MABFLEX;0,0355;10649,999999999998;AGO;2025;08/2025;
PR;2801010099;PR2801010099;ROTULO FURIOSO 250ML;ROTULO;SLEEVE;CCL;0,050377;75565,5;AGO;2025;08/2025;
MS;2701010191;MS2701010191;ROTULO FURIOSO 2L;ROTULO;SLEEVE;CCL;0,2062;20620;AGO;2025;08/2025;
PR;2801010093;PR2801010093;ROTULO FURIOSO AÇAI 250ML;ROTULO;SLEEVE;CCL;0,050377;7556,5499999999993;AGO;2025;08/2025;
PR;2801010094;PR2801010094;ROTULO FURIOSO CITRUS 250 ML;ROTULO;SLEEVE;CCL;0,050377;5037,7;AGO;2025;08/2025;
PR;2801010097;PR2801010097;ROTULO FURIOSO MELANCIA E MORANGO 250ML;ROTULO;SLEEVE;CCL;0,050377;7556,5499999999993;AGO;2025;08/2025;
PR;2801010095;PR2801010095;ROTULO FURIOSO MELAO 250ML;ROTULO;SLEEVE;CCL;0,050377;7556,5499999999993;AGO;2025;08/2025;
MS;2701010184;MS2701010184;ROTULO FURIOSO MELAO 2L;ROTULO;SLEEVE;CCL;0,2062;20620;AGO;2025;08/2025;
PR;2801010096;PR2801010096;ROTULO FURIOSO MELAO 2L;ROTULO;SLEEVE;CCL;0,2062;20620;AGO;2025;08/2025;
PR;2801010102;PR2801010102;ROTULO FURIOSO TROPICAL 2L;ROTULO;SLEEVE;CCL;0,2062;20620;AGO;2025;08/2025;
PR;2701010138;PR2701010138;ROTULO GUARANA 2L;ROTULO;BOPP;MABFLEX;0,0355;10649,999999999998;AGO;2025;08/2025;
MS;2701010163;MS2701010163;ROTULO TUBA JUJUBA 2L;ROTULO;BOPP;MALFLEX;0,0355;8875;AGO;2025;08/2025;
PR;2701010163;PR2701010163;ROTULO TUBA JUJUBA 2L;ROTULO;BOPP;GERAL;0,0355;10649,999999999998;AGO;2025;08/2025;
PR;2701010144;PR2701010144;ROTULO REFRIKO LARANJA DQI1% 2L;ROTULO;BOPP;MABFLEX;0,0355;8875;AGO;2025;08/2025;
PR;2701010155;PR2701010155;ROTULO REFRIKO UVA DQI1% 2L;ROTULO;BOPP;MABFLEX;0,0355;8875;AGO;2025;08/2025;
PR;2701010147;PR2701010147;ROTULO REFRIKO LIMÃO DQI1% 2L;ROTULO;BOPP;MABFLEX;0,0355;8875;AGO;2025;08/2025;
MS;2701070002;MS2701070002;SACARINA SÓDICA;EDULCORANTE;XAROPARIA;DAXIA;29,65;741,25;AGO;2025;08/2025;
PR;2701070002;PR2701070002;SACARINA SÓDICA;EDULCORANTE;XAROPARIA;DAXIA;29,65;3706,25;AGO;2025;08/2025;
MS;2701040025;MS2701040025;SHRINK LISO - 380X0,05 DESCONTINUAR;FILME;PET 500;EPA;10,35;10350;AGO;2025;08/2025;
MS;2701040015;MS2701040015;SHRINK LISO - 380X0,06 ;FILME;VIDRO;EPA;21;63000;AGO;2025;08/2025;
MS;2701040002;MS2701040002;FILME TERMO ENCOLHIVEL 420 X 0,06;FILME;REFR/ENERG.;EPA;23,5;47000;AGO;2025;08/2025;
MS;2701040011;MS2701040011;SHRINK MOEMA 350ML - 390X60X3;FILME;MOEMA;PATENA;31,51;441140;AGO;2025;08/2025;
MS;2701070001;MS2701070001;SUCRALOSE;EDULCORANTE;XAROPARIA;KONKRETA;84,3;8430;AGO;2025;08/2025;
PR;2801010104;PR2801010104;ROTULO SLEEVE FURIOSO UVA VERDE E PESSEGO 2L;ROTULO;SLEEVE;CCL;0,21068;31602;AGO;2025;08/2025;
MS;2701100002;MS2701100002;BENZOATO DE SODIO;ACID.E CONSERV.;REF/ENER/NOCH/TON;DAXIA;12,1;9680;SET;2025;09/2025;
PR;2701100002;PR2701100002;BENZOATO DE SODIO;ACID.E CONSERV.;REF/ENER/NOCH/TON;DAXIA;12,1;20570;SET;2025;09/2025;
PA;10100003;PA10100003;ACIDO CITRICO;ACID.E CONSERV.;REF/ENER/ROM/DEL;BORAQUIMICA;10,1;121200;JUL;2025;07/2025;
PA;10010001;PA10010001;ACUCAR CRISTAL;AÇUCAR;XAROPARIA;CERTANO;2,27792;512532;JUL;2025;07/2025;
PA;10020001;PA10020001;AROMA DE LARANJA IDENTICO AO NATURAL;AROMA;REFRIGERANTE;DUAS RODAS;77,66;1747,35;JUL;2025;07/2025;
PA;10090017;PA10090017;EMULSAO LARANJA REFRIKO 98;EMULSAO;XAROPARIA;SAPORITI;36;21600;JUL;2025;07/2025;
PA;10020009;PA10020009;AROMA UVA REFRIKO 84;AROMA;REFRIGERANTE;SAPORITI;23,5;11750;JUL;2025;07/2025;
PA;10100012;PA10100012;BENZOATO DE SODIO;ACID.E CONSERV.;REF/ENER/NOCH/TON;DAXIA;10,352;10352;JUL;2025;07/2025;
PA;11070012;PA11070012;PREFORMA 46,0G CRISTAL OU 45,7 G;PREFORMA;PET 2L PA;AMCOR;0,49;144883,20000000001;JUL;2025;07/2025;
PA;11070032;PA11070032;PREFORMA 48GR CRISTAL OU 50,7 G;PREFORMA;PET 2,5L PA;AMCOR;0,498;178483,20000000001;JUL;2025;07/2025;
PA;11070033;PA11070033;PREFORMA 48GR VERDE OU 50,7 G;PREFORMA;PET 2,5L PA;AMCOR;0,498;129400,31999999999;JUL;2025;07/2025;
PA;10090293;PA10090293;SUCO CONCENTRADO DE MACA;SUCO;XAROPARIA;INTERSUCOS;11,5;18400;JUL;2025;07/2025;
PA;10090090;PA10090090;SUCO CONCENTRADO LARANJA;SUCO;XAROPARIA;INTERSUCOS;10,5;3150;JUL;2025;07/2025;
PA;10090094;PA10090094;SUCO CONCENTRADO UVA;SUCO;XAROPARIA;INTERSUCOS;10,5;2625;JUL;2025;07/2025;
PA;11090001;PA11090001;TAMPA LARANJA REFRIKO;TAMPA;PET;RAVIBRAS;0,04667;21169,512000000002;JUL;2025;07/2025;
PA;11090034;PA11090034;TAMPA LILAS LISA;TAMPA;PET;RAVIBRAS;0,04667;14113,008000000002;JUL;2025;07/2025;
PA;11090031;PA11090031;TAMPA VERMELHA LISA;TAMPA;PET;RAVIBRAS;0,04667;49395,528000000006;JUL;2025;07/2025;
PA;12084720;PA12084720;TERRA DIATOMITA GROSSA DICALITE 341 MC;TERRA;XAROPARIA;GERAL;8,27;7321,4309999999996;JUL;2025;07/2025;
PA;10090273;PA10090273;ACESSULFAME DE POTASSIO;EDULCORANTE;XAROPARIA;BORAQUIMICA;34,9;3490;AGO;2025;08/2025;
PA;10020012;PA10020012;AROMA DE GUARANA 31835 ADM;AROMA;REFRIGERANTE;ADM;120,2;42070;AGO;2025;08/2025;
PA;10020011;PA10020011;AROMA NATURAL MOUTHFEEL FASV259 ADM;AROMA;REFRIGERANTE;ADM;157,52;31504,000000000004;AGO;2025;08/2025;
PA;10090100;PA10090100;ASPARTAME;EDULCORANTE;XAROPARIA;BORAQUIMICA;70,39;14078;AGO;2025;08/2025;
PA;10100012;PA10100012;BENZOATO DE SODIO;ACID.E CONSERV.;REF/ENER/NOCH/TON;GERAL;10,352;10352;AGO;2025;08/2025;
PA;10100024;PA10100024;CICLAMATO DE SÓDIO ;EDULCORANTE;XAROPARIA;BORAQUIMICA;19,87;5961;AGO;2025;08/2025;
PA;10090274;PA10090274;CONCENTRADO BEBIDAS ENERGETICA;AROMA;KIT ENERGÉTICO;WILD;164,7247563;98834,853760445709;AGO;2025;08/2025;
PA;10090295;PA10090295;CONCENTRADO COLA IAB 7729 (NOVO);CONCENT./KITs;KIT COLA;INTERAMERICA;22,39;60453;AGO;2025;08/2025;
PA;10090290;PA10090290;PREMIX ENERG EMULVIT 8942 ADM;CONCENT./KITs;C.ENERGETICO;QUANTIQ;26,8;5360;AGO;2025;08/2025;
PA;11080241;PA11080241;RÓTULO MICOS COLA 2,5L;ROTULO;BOPP-PA;ELLOFLEX;0,03395;6790;AGO;2025;08/2025;
PA;11080243;PA11080243;ROTULO MICOS COLA 2L;ROTULO;BOPP-PA;ELLOFLEX;0,04163;8326;AGO;2025;08/2025;
PA;11080246;PA11080246;RÓTULO MICOS GUARANÁ 200ML;ROTULO;BOPP-PA;ELLOFLEX;0,0059;1180;AGO;2025;08/2025;
PA;11080247;PA11080247;ROTULO MICOS GUARANA 2L;ROTULO;BOPP-PA;ELLOFLEX;0,04163;8326;AGO;2025;08/2025;
PA;11080249;PA11080249;RÓTULO MICOS LARANJA 2,5L;ROTULO;BOPP-PA;ELLOFLEX;0,03395;6790;AGO;2025;08/2025;
PA;11080250;PA11080250;RÓTULO MICOS LARANJA 200ML;ROTULO;BOPP-PA;ELLOFLEX;0,0059;1180;AGO;2025;08/2025;
PA;11080253;PA11080253;RÓTULO MICOS UVA 2,5L;ROTULO;BOPP-PA;ELLOFLEX;0,03395;6790;AGO;2025;08/2025;
PA;11080254;PA11080254;RÓTULO MICOS UVA 200ML;ROTULO;BOPP-PA;ELLOFLEX;0,0059;1180;AGO;2025;08/2025;
PA;10100012;PA10100012;BENZOATO DE SODIO;ACID.E CONSERV.;REF/ENER/NOCH/TON;DAXIA;10,352;10352;SET;2025;09/2025;
PA;12030001;PA12030001;FILME STRETCH POLIETILENO 500X0023;FILME;STRETCH;E.P.A;9,8;29400,000000000004;SET;2025;09/2025;
PA;11040793;PA11040793;FILME TERMO - 480X0,06;FILME;REFRI;E.P.A;10,35;82800;SET;2025;09/2025;
PA;11040007;PA11040007;FILME TERMO ENCOLHIVEL 420 X 0,06;FILME;REFR/ENERG.;E.P.A;10,35;31050;SET;2025;09/2025;
PA;10090291;PA10090291;EXTRATO DE GUARANA 200% DUAS RODAS;AROMA;REFRIGERANTE;DUAS RODAS;47,87;4787;JUL;2025;07/2025;
MS;2701080001;MS2701080001;ACUCAR CRISTAL;AÇUCAR;XAROPARIA;GERAL;1,84;322368;JUL;2025;07/2025;
PR;2701080001;PR2701080001;ACUCAR CRISTAL;AÇUCAR;XAROPARIA;GERAL;1,84;574080;JUL;2025;07/2025;
MS;2701190001;MS2701190001;MALTE PILSEN BAG 1000 - BARLEY;CERVEJARIA;MALTE;GERAL;3,29;662013,80000000005;JUL;2025;07/2025;
MS;2701140029;MS2701140029;TAMPA - LATA 350/269/473ML - B64;TAMPA;LATA;GERAL;0,24;1725235,2;JUL;2025;07/2025;
MS;2701140029;MS2701140029;TAMPA - LATA 350/269/473ML - B64;TAMPA;LATA;GERAL;0,24;862617,59999999998;AGO;2025;08/2025;
MS;2701140029;MS2701140029;TAMPA - LATA 350/269/473ML - B64;TAMPA;LATA;CROWN;0,24;2587852,7999999998;SET;2025;09/2025;
PR;2801170001;PR2801170001;AGUARDENTE DE CANA CACHACA LT;CACHAÇA;TANQUE; TIROLLI;2,26;135351,4;JUL;2025;07/2025;
SP;2801040014;SP2801040014;FILME STRETCH POLIETILENO 500X0023;FILME;STRETCH;EMERGENCIAL;22,85;13710;JUL;2025;07/2025;
MS;2701040009;MS2701040009;FILME STRETCH POLIETILENO 500X0023;FILME;STRETCH;EMERGENCIAL;22,85;18280;JUL;2025;07/2025;
PR;2701040009;PR2701040009;FILME STRETCH POLIETILENO 500X0023;FILME;STRETCH;EMERGENCIAL;20;30000;JUL;2025;07/2025;
MS;2701040001;MS2701040001;FILME TERMO ENCOLHIVEL 420 X 0,05;FILME;JUJ/TERN;PATENA;21;10500;JUL;2025;07/2025;
PR;2701040004;PR2701040004;FILME TERMO ENCOLHIVEL 600 MM X 0,04 ;FILME;REFRI;EMERGENCIAL;14,1;14100;JUL;2025;07/2025;
PR;2701040006;PR2701040006;FILME TERMO ENCOLHIVEL 860/5 MM;FILME;JUJ/TERN;EMERGENCIAL;23,575;70725;JUL;2025;07/2025;
PR;2701040007;PR2701040007;FILME TERMO ENCOLHIVEL 860/0,06 MM;FILME;REFR/ENERG.;PATENA;23,575;117875;JUL;2025;07/2025;
MS;2701040003;MS2701040003;FILME TERMO ENCOLHÍVEL DE 560X006;FILME;DIVERSOS;CANCELADO;23,5;0;JUL;2025;07/2025;
SP;2801040018;SP2801040018;FILME TERMOENCOLHIVEL LISO 390X0,05MM                    ;FILME;ÁGUA 500;EMERGENCIAL;23,575;35362,5;JUL;2025;07/2025;
MS;2701040015;MS2701040015;SHRINK LISO - 380X0,06 ;FILME;VIDRO;EMERGENCIAL;21;16800;JUL;2025;07/2025;
MS;2701170003;MS2701170003;VINHO DE MESA TINTO SECO GRANEL;VINHO;TANQUE;BEBIDAS GAZZI;4,2;176400;JUL;2025;07/2025;
MS;2701170003;MS2701170003;VINHO DE MESA TINTO SECO GRANEL;VINHO;TANQUE;BEBIDAS GAZZI;4,2;176400;JUL;2025;07/2025;
MS;2701170003;MS2701170003;VINHO DE MESA TINTO SECO GRANEL;VINHO;TANQUE;BEBIDAS GAZZI;4,2;352800;JUL;2025;07/2025;
MS;2701170003;MS2701170003;VINHO DE MESA TINTO SECO GRANEL;VINHO;TANQUE;BEBIDAS GAZZI;4,2;176400;AGO;2025;08/2025;
MS;2701170003;MS2701170003;VINHO DE MESA TINTO SECO GRANEL;VINHO;TANQUE;BEBIDAS GAZZI;4,2;176400;AGO;2025;08/2025;
MS;2701170003;MS2701170003;VINHO DE MESA TINTO SECO GRANEL;VINHO;TANQUE;BEBIDAS GAZZI;4,2;176400;AGO;2025;08/2025;
MS;2701170003;MS2701170003;VINHO DE MESA TINTO SECO GRANEL;VINHO;TANQUE;GERAL;4,2;777000;MAR;2025;03/2025;
PA;10010001;PA10010001;ACUCAR CRISTAL;AÇUCAR;XAROPARIA;CERTANO;2,27792;546700,79999999993;AGO;2025;08/2025;
PA;10090017;PA10090017;EMULSAO LARANJA REFRIKO 98;EMULSAO;XAROPARIA;SAPORITI;36;21600;AGO;2025;08/2025;
PA;10020009;PA10020009;AROMA UVA REFRIKO 84;AROMA;REFRIGERANTE;SAPORITI;23,5;11750;AGO;2025;08/2025;
PA;11070047;PA11070047;PREFORMA 18 ou 20,6G VERDE;PREFORMA;PET 500 PA;ENVASES;0,236;18623,232;AGO;2025;08/2025;
PA;11070012;PA11070012;PREFORMA 46,0G CRISTAL OU 45,7 G;PREFORMA;PET 2L PA;AMCOR;0,49;153162,23999999999;AGO;2025;08/2025;
PA;11070013;PA11070013;PREFORMA 46,0G VERDE OU 45,7 G;PREFORMA;PET 2L PA;ENVASES;0,49;144883,20000000001;AGO;2025;08/2025;
PA;11070032;PA11070032;PREFORMA 48GR CRISTAL OU 50,7 G;PREFORMA;PET 2,5L PA;AMCOR;0,498;227566,07999999999;AGO;2025;08/2025;
PA;11070033;PA11070033;PREFORMA 48GR VERDE OU 50,7 G;PREFORMA;PET 2,5L PA;AMCOR;0,498;89241,600000000006;AGO;2025;08/2025;
PA;11070048;PA11070048;PREFORMA PET 200 ML VERDE 12 G;PREFORMA;PET 200 PA;ENVASES;0,159;33485,4;AGO;2025;08/2025;
PA;11080232;PA11080232;ROTULO FURIOSO 250ML;ROTULO;SLEEVE-PA;CCL;0,06581;6581,0000000000009;AGO;2025;08/2025;
PA;10090293;PA10090293;SUCO CONCENTRADO DE MACA;SUCO;XAROPARIA;INTERSUCOS;11,5;17250;AGO;2025;08/2025;
PA;10090090;PA10090090;SUCO CONCENTRADO LARANJA;SUCO;XAROPARIA;INTERSUCOS;10,5;2625;AGO;2025;08/2025;
PA;10090094;PA10090094;SUCO CONCENTRADO UVA;SUCO;XAROPARIA;INTERSUCOS;10,5;2100;AGO;2025;08/2025;
PA;11090001;PA11090001;TAMPA LARANJA REFRIKO;TAMPA;PET;RAVIBRAS;0,04667;21169,512000000002;AGO;2025;08/2025;
PA;11090034;PA11090034;TAMPA LILAS LISA;TAMPA;PET;RAVIBRAS;0,04667;14113,008000000002;AGO;2025;08/2025;
PA;11090031;PA11090031;TAMPA VERMELHA LISA;TAMPA;PET;RAVIBRAS;0,04667;63508,536000000007;AGO;2025;08/2025;
SP;2801020042;SP2801020042;PREFORMA 15G CRISTAL;PREFORMA;PET 500 PA;ENVASES;0,22133;52396,778879999998;AGO;2025;08/2025;
SP;2801020041;SP2801020041;PREFORMA 18G CRISTAL 500 ML;PREFORMA;PET 500 PA;ENVASES;0,25664;465795,44063999999;AGO;2025;08/2025;
SP;2801030014;SP2801030014;TAMPA PLASTICA AZUL OMNI                             ;TAMPA;PET;OPS;0,043333;32759,748000000003;AGO;2025;08/2025;
SP;2801030017;SP2801030017;TAMPA PLASTICA PRETA OMNI 120 COM VEDANTE;TAMPA;PET;OPS;0,043333;58967,546400000007;AGO;2025;08/2025;
MS;2701050035;MS2701050035;AROMA ARTIFICIAL GUARANA IFB (PED. KOMPLETO);AROMA;REFRIGERANTE;KOMPLETO;22,75;11375;AGO;2025;08/2025;
MS;2701130007;MS2701130007;AROMA EXTRATO GUARANA REFRIKO 28;AROMA;REFRIGERANTE;SAPORITI;32,8;11479,999999999998;AGO;2025;08/2025;
MS;2701050028;MS2701050028;AROMA NATURAL PARA VODKA ;AROMA;VODKA;DUAS RODAS;25,88;3882;AGO;2025;08/2025;
MS;2701050027;MS2701050027;AROMA UVA REFRIKO 84;AROMA;REFRIGERANTE;SAROPOTI;28;2100;AGO;2025;08/2025;
MS;2701130006;MS2701130006;EXTRATO DE GUARANA 200% DUAS RODAS;AROMA;ENERG./DELÍR.;DUAS RODAS;49,93;2496,5;AGO;2025;08/2025;
MS;2701160012;MS2701160012;CX 12X300ML - TUBAINA;CAIXA;TUBAINA;JAUENSE;1,69;33800;AGO;2025;08/2025;
MS;2701160011;MS2701160011;CX ONE WAY BAMBOA 12X330ML;CAIXA;CERVEJA;BLUMEN;1,84;27600;AGO;2025;08/2025;
MS;2701250001;MS2701250001;CLORETO DE CALCIO - IBC;CERVEJARIA;OUTROS;BELA VISTA;4,07;1424,5;AGO;2025;08/2025;
MS;2701060007;MS2701060007;CORANTE CARAMELO CLASE IV DPC;CORANTE;REFRIGERANTE;SAROPOTI;7,5;2625;AGO;2025;08/2025;
MS;2701050018;MS2701050018;EMULSAO LARANJA REFRIKO 98;EMULSAO;XAROPARIA;SAROPOTI;32,8;6559,9999999999991;AGO;2025;08/2025;
MS;2701020115;MS2701020115;PREFORMA 18 A 20G VERDE 500 ML - DESCONTINUAR;PREFORMA;REFRIKO 500ML;ENVASES;0,204;20122,559999999998;AGO;2025;08/2025;
MS;2701020090;MS2701020090;PREFORMA 18G CRISTAL 500 ML - DESCONTINUAR;PREFORMA;REFRIKO 500ML;ENVASES;0,25664;35440,957439999998;AGO;2025;08/2025;
MS;2701020059;MS2701020059;PREFORMA 41 G CRISTAL;PREFORMA;REFRIKO 2L;ENVASES;0,5553;32465,0592;AGO;2025;08/2025;
MS;2701020102;MS2701020102;PREFORMA 41 G VERDE;PREFORMA;REFRIKO 2L;ENVASES;0,4013;90494,7552;AGO;2025;08/2025;
MS;2701020081;MS2701020081;PREFORMA 54,4GR CRISTAL SHORT;PREFORMA;REFRIKO 3L;ENVASES;0,55922;15157,098880000001;AGO;2025;08/2025;
MS;2701020109;MS2701020109;PREFORMA 54,4GR VERDE SHORT;PREFORMA;REFRIKO 3L;ENVASES;0,55922;7578,5494400000007;AGO;2025;08/2025;
MS;2701010116;MS2701010116;ROTULO ADESIVO TUBAINA 300ML;ROTULO;ADESIVO;ALL4LABELL;0,03998;7996;AGO;2025;08/2025;
MS;2701010119;MS2701010119;ROTULO BAMBOA TRADICIONAL VODKA;ROTULO;ADESIVO;ALL4LABELL;0,077;15400;AGO;2025;08/2025;
MS;2701130009;MS2701130009;SUCO CONCENTRADO DE MACA;SUCO;XAROPARIA;INTERSUCOS;12;4200;AGO;2025;08/2025;
MS;2701130001;MS2701130001;SUCO CONCENTRADO LARANJA;SUCO;XAROPARIA;INTERSUCOS;12;1800;AGO;2025;08/2025;
MS;2701130002;MS2701130002;SUCO CONCENTRADO LIMÃO;SUCO;XAROPARIA;INTERSUCOS;16,5;825;AGO;2025;08/2025;
MS;2701030041;MS2701030041;TAMPA AZUL BAMBOA (VODKA BAMBOA);TAMPA;VIDRO NAC;BRASTAMPAS;0,3;90000;AGO;2025;08/2025;
MS;2701150006;MS2701150006;VASILHAME AMBAR 300ML - LITRINHO;VASILHAME;NORMAL;VIDROPORTO;0,74;75213,600000000006;AGO;2025;08/2025;
MS;2701150001;MS2701150001;VASILHAME GINGUALA 970ML;VASILHAME;NORMAL;VIDROPORTO;1,57;75159,040000000008;AGO;2025;08/2025;
PR;2801090005;PR2801090005;CITRATO DE SODIO;ACID.E CONSERV.;ENERG/DELIRIO;BORAQUIMICA;8,28;8280;AGO;2025;08/2025;
PR;2701100001;PR2701100001;SORBATO DE POTASSIO 25KG;ACID.E CONSERV.;REF/ENER/ROM/DEL;BORAQUIMICA;15,72;6288;AGO;2025;08/2025;
PR;2801120003;PR2801120003;PREMIX ENERG EMULVIT 8959 - BOMBADÃO SAPORITI -IND;CONCENT./KITs;C.ENERGETICO;DUAS RODAS;180;18000;AGO;2025;08/2025;
PR;2701050037;PR2701050037;AROMA IDENTICO AO NATURAL FRAMBOESA 77587 SAPORITI;AROMA;REFRIGERANTE;SAPORITI;62;6200;AGO;2025;08/2025;
PR;2701050035;PR2701050035;AROMA ARTIFICIAL GUARANA IFB (PED. KOMPLETO);AROMA;REFRIGERANTE;GERAL;22,75;11375;AGO;2025;08/2025;
PR;2701130007;PR2701130007;AROMA EXTRATO GUARANA REFRIKO 28;AROMA;REFRIGERANTE;SAPORITI;32,8;32800;AGO;2025;08/2025;
PR;2801050006;PR2801050006;AROMA FRUTAS TROPICAIS;AROMA;ENERGÉTICO;MONARCH;149,57;52349,5;AGO;2025;08/2025;
PR;2801050039;PR2801050039;AROMA ID. AO NATURAL DE UVA VERDE SAPORITI;AROMA;ENERGÉTICO;SAPORITI;108;12960;AGO;2025;08/2025;
PR;2801050027;PR2801050027;AROMA IDENTICO AO NATURAL DE PESSEGO;AROMA;NOCH DEMAIS;SAPORITI;58;5800;AGO;2025;08/2025;
PR;2801050021;PR2801050021;AROMA IDENTICO AO NATURAL MELANCIA;AROMA;ENERGÉTICO;DUAS RODAS;37,17;11151;AGO;2025;08/2025;
PR;2801050025;PR2801050025;AROMA IDENTICO AO NATURAL MORANGO;AROMA;ENERGÉTICO;DUAS RODAS;75,88;15176;AGO;2025;08/2025;
PR;2701050011;PR2701050011;AROMA LIMAO REFRIKO 41;AROMA;REFRIGERANTE;SAROPOTI;48;12000;AGO;2025;08/2025;
PR;2801050015;PR2801050015;AROMA MAÇA VERDE COD;AROMA;ENERGÉTICO;DUAS RODAS;46,45;6967,5;AGO;2025;08/2025;
PR;2801050023;PR2801050023;AROMA MELAO;AROMA;ENERGÉTICO;DUAS RODAS;58,97;17691;AGO;2025;08/2025;
PR;2801050004;PR2801050004;AROMA NATURA DE CITRUS RB 25395;AROMA;ENERGÉTICO;SAPORITI;105;5250;AGO;2025;08/2025;
PR;2701050027;PR2701050027;AROMA UVA REFRIKO 84;AROMA;REFRIGERANTE;SAPORITI;28;9800;AGO;2025;08/2025;
PR;2701130006;PR2701130006;EXTRATO DE GUARANA 200% DUAS RODAS;AROMA;ENERG./DELÍR.;DUAS RODAS;49,93;17475,5;AGO;2025;08/2025;
PR;2701060007;PR2701060007;CORANTE CARAMELO CLASE IV DPC;CORANTE;REFRIGERANTE;SAPORITI;7,5;5250;AGO;2025;08/2025;
PR;2701060003;PR2701060003;CORANTE TARTRAZINA;CORANTE;ENERGÉTICO;SAROPOTI;49;245;AGO;2025;08/2025;
PR;2701050018;PR2701050018;EMULSAO LARANJA REFRIKO 98;EMULSAO;XAROPARIA;SAPORITI;32,8;16400;AGO;2025;08/2025;
PR;2701050016;PR2701050016;EMULSAO NEUTRA PARA SUCO;EMULSAO;XAROPARIA;SAPORITI;56;1120;AGO;2025;08/2025;
PR;2801020035;PR2801020035;PREFORMA PET 200 ML CRISTAL 12 g;PREFORMA;REFRIKO 200ML;ENGEPACK;0,197948;163615,89888000002;AGO;2025;08/2025;
PR;2801020053;PR2801020053;PREFORMA PET 200 ML VERDE 12 g;PREFORMA;REFRIKO 200ML;ENGEPACK;0,197948;545386,32960000006;AGO;2025;08/2025;
PR;2701020055;PR2701020055;PREFORMA 18G CRISTAL;PREFORMA;FURIOSO 250ML;ENGEPACK;0,25664;641558,93759999995;AGO;2025;08/2025;
PR;2701020101;PR2701020101;PREFORMA 39,7G VERDE;PREFORMA;REFRISHOW;AMCOR;0,445;337488;AGO;2025;08/2025;
PR;2701020059;PR2701020059;PREFORMA 41G CRISTAL;PREFORMA;REFRIKO 2L;ENGEPACK;0,5212;94066,175999999992;AGO;2025;08/2025;
PR;2701020102;PR2701020102;PREFORMA 41G VERDE;PREFORMA;REFRIKO 2L;ENGEPACK;0,5212;305715,07199999999;AGO;2025;08/2025;
PR;2701020075;PR2701020075;PREFORMA PET 46,7GR CRISTAL ;PREFORMA;FURIOSO 2L;ENGEPACK;0,687488;646128,72192000004;AGO;2025;08/2025;
PR;2701130009;PR2701130009;SUCO CONCENTRADO DE MACA;SUCO;XAROPARIA;INTERSUCOS;12;14400;AGO;2025;08/2025;
PR;2701130001;PR2701130001;SUCO CONCENTRADO LARANJA;SUCO;XAROPARIA;INTERSUCOS;12;1800;AGO;2025;08/2025;
PR;2701130002;PR2701130002;SUCO CONCENTRADO LIMÃO;SUCO;XAROPARIA;INTERSUCOS;16,5;1650;AGO;2025;08/2025;
PR;2701130003;PR2701130003;SUCO CONCENTRADO UVA;SUCO;XAROPARIA;INTERSUCOS;13;2600;AGO;2025;08/2025;
PR;2701030037;PR2701030037;TAMPA AMARELA LISA;TAMPA;PET;OXFORD;0,04445;194904,36000000002;AGO;2025;08/2025;
PR;2701030043;PR2701030043;TAMPA LARANJA REFRIKO;TAMPA;PET;OXFORD;0,04445;33604,200000000004;AGO;2025;08/2025;
PR;2701030044;PR2701030044;TAMPA LILAS LISA;TAMPA;PET;OXFORD;0,04445;13441,68;AGO;2025;08/2025;
PR;2701030049;PR2701030049;TAMPA VERDE REFRIKO;TAMPA;PET;OXFORD;0,04445;100812,6;AGO;2025;08/2025;
PR;2701030050;PR2701030050;TAMPA VERMELHA LISA;TAMPA;PET;OXFORD;0,04445;33604,200000000004;AGO;2025;08/2025;
PA;10020012;PA10020012;AROMA DE GUARANA 31835 ADM;AROMA;REFRIGERANTE;ADM;120,2;48080;SET;2025;09/2025;
PA;10020011;PA10020011;AROMA NATURAL MOUTHFEEL FASV259 ADM;AROMA;REFRIGERANTE;ADM;157,52;23628;SET;2025;09/2025;
PA;10090295;PA10090295;CONCENTRADO COLA IAB 7729 (NOVO);CONCENT./KITs;KIT COLA;INTERAMERICA;22,39;67170;SET;2025;09/2025;
PA;10090292;PA10090292;CORANTE AMARANTO;CORANTE;REFRIGERANTE;SAPORITI;67,99;2039,6999999999998;SET;2025;09/2025;
PA;10090056;PA10090056;CORANTE AMARELO SUNSET;CORANTE;XAROPARIA;SAPORITI;41,84;627,6;SET;2025;09/2025;
PA;10090294;PA10090294;CORANTE CARAMELO CLASE IV DPC;CORANTE;REFRIGERANTE;SAPORITI;4,8;2400;SET;2025;09/2025;
PA;11080246;PA11080246;RÓTULO MICOS GUARANÁ 200ML;ROTULO;BOPP-PA;ELLOFLEX;0,0059;2065;SET;2025;09/2025;
PA;11080249;PA11080249;RÓTULO MICOS LARANJA 2,5L;ROTULO;BOPP-PA;ELLOFLEX ;0,03395;6790;SET;2025;09/2025;
PA;11080251;PA11080251;ROTULO MICOS LARANJA 2L;ROTULO;BOPP-PA;ELLOFLEX;0,04163;8326;SET;2025;09/2025;
PA;11080253;PA11080253;RÓTULO MICOS UVA 2,5L;ROTULO;BOPP-PA;ELLOFLEX;0,03395;6790;SET;2025;09/2025;
PA;11080254;PA11080254;RÓTULO MICOS UVA 200ML;ROTULO;BOPP-PA;ELLOFLEX;0,0059;1180;SET;2025;09/2025;
PA;11080255;PA11080255;ROTULO MICOS UVA 2L;ROTULO;BOPP-PA;ELLOFLEX;0,04163;8326;SET;2025;09/2025;
PA;11080267;PA11080267;ROTULO TUCA UVA 2L;ROTULO;BOPP-PA;ELLOFLEX;0,04163;4163;SET;2025;09/2025;
MS;2701050001;MS2701050001;AROMA NATURAL MOUTHFEEL FASV259 ADM;AROMA;REFRIGERANTE;ADM;165,4;8104,6;SET;2025;09/2025;
MS;2701050040;MS2701050040;CONCENTRADO BEBIDAS ENERGETICA;AROMA;KIT ENERGÉTICO;ADM;2076,886;180787,43036211701;SET;2025;09/2025;
MS;2701070005;MS2701070005;ASPARTAME;EDULCORANTE;XAROPARIA;GERAL;61,26;6126;SET;2025;09/2025;
MS;2701070004;MS2701070004;CICLAMATO DE SÓDIO ;EDULCORANTE;XAROPARIA;BORAQUIMICA;14,18;709;SET;2025;09/2025;
MS;2701070002;MS2701070002;SACARINA SÓDICA;EDULCORANTE;XAROPARIA;DAXIA;29,65;741,25;SET;2025;09/2025;
MS;2701050020;MS2701050020;EMULSÃO COLA E-0388 ADM (NOVO);EMULSAO;XAROPARIA;ADM;384,51;20379,03;SET;2025;09/2025;
MS;2701040011;MS2701040011;SHRINK MOEMA 350ML - 390X60X3;FILME;MOEMA;PATENA;31,51;315100;SET;2025;09/2025;
MS;2701010189;MS2701010189;ROTULO FURIOSO 1L;ROTULO;SLEEVE;ALL4LABELL;0,2;10000;SET;2025;09/2025;
MS;2701010191;MS2701010191;ROTULO FURIOSO 2L;ROTULO;SLEEVE;CCL;0,2062;61860;SET;2025;09/2025;
MS;2701010139;MS2701010139;ROTULO GUARANA 3L;ROTULO;BOPP;MABFLEX;0,038896;3889,6;SET;2025;09/2025;
MS;2701010132;MS2701010132;ROTULO REFRIKO COLA 2L;ROTULO;BOPP;MALFLEX;0,0355;7099,9999999999991;SET;2025;09/2025;
MS;2701010199;MS2701010199;ROTULO SLEEVE TUBAINA 250ML BOLINHA;ROTULO;SLEEVE;ALL4LABELL;0,06579;6579;SET;2025;09/2025;
MS;2701010163;MS2701010163;ROTULO TUBA JUJUBA 2L;ROTULO;BOPP;MALFLEX;0,0355;7099,9999999999991;SET;2025;09/2025;
MS;2701010147;MS2701010147;ROTULO REFRIKO LIMÃO DQI1% 2L;ROTULO;BOPP;MALFLEX;0,0355;3549,9999999999995;SET;2025;09/2025;
PR;2701090002;PR2701090002;ACIDO CITRICO;ACID.E CONSERV.;REF/ENER/ROM/DEL;BORAQUIMICA;8,95;123062,49999999999;SET;2025;09/2025;
PR;2701050001;PR2701050001;AROMA NATURAL MOUTHFEEL FASV259 ADM;AROMA;REFRIGERANTE;ADM;165,4;28945;SET;2025;09/2025;
PR;2801050003;PR2801050003;CONCENTRADO BEBIDAS ENERGETICA;AROMA;KIT ENERGÉTICO;ADM;2044,7664;462777,91086350975;SET;2025;09/2025;
PR;2801120002;PR2801120002;PREMIX ENERG EMULVIT 8942;CONCENT./KITs;C.ENERGETICO;QUANTIQ;18,05;81225;SET;2025;09/2025;
PR;2701070006;PR2701070006;ACESSULFAME DE POTASSIO;EDULCORANTE;XAROPARIA;BORAQUIMICA;28,53;5706;SET;2025;09/2025;
PR;2701070004;PR2701070004;CICLAMATO DE SÓDIO ;EDULCORANTE;XAROPARIA;BORAQUIMICA;14,18;2836;SET;2025;09/2025;
PR;2701070003;PR2701070003;NEOTAME;EDULCORANTE;XAROPARIA;SAPORITI;194,3;3886;SET;2025;09/2025;
PR;2701070002;PR2701070002;SACARINA SÓDICA;EDULCORANTE;XAROPARIA;DAXIA;29,65;3706,25;SET;2025;09/2025;
PR;2701010156;PR2701010156;ROTULO BOPP REFRISHOW GUARANA 2 L;ROTULO;BOPP;MABFLEX;0,0355;17750;SET;2025;09/2025;
PR;2801010099;PR2801010099;ROTULO FURIOSO 250ML;ROTULO;SLEEVE;CCL;0,050377;75565,5;SET;2025;09/2025;
PR;2801010100;PR2801010100;ROTULO FURIOSO 2L;ROTULO;SLEEVE;CCL;0,2062;61860;SET;2025;09/2025;
PR;2801010098;PR2801010098;ROTULO FURIOSO MELANCIA E MORANGO 2L;ROTULO;SLEEVE;CCL;0,2062;41240;SET;2025;09/2025;
PR;2701010138;PR2701010138;ROTULO GUARANA 2L;ROTULO;BOPP;MALFLEX;0,0355;10649,999999999998;SET;2025;09/2025;
PR;2801010072;PR2801010072;ROTULO GUARANA REDUZIDO 200 ML ;ROTULO;BOPP;TRIA;0,008;12000;SET;2025;09/2025;
PR;2801010070;PR2801010070;ROTULO REFRIKO COLA REDUZIDO 200 ML ;ROTULO;BOPP;TRIA;0,008;12000;SET;2025;09/2025;
PR;2801010078;PR2801010078;ROTULO REFRIKO TUBAÍNA 200 ML ;ROTULO;BOPP;TRIA;0,008;12000;SET;2025;09/2025;
PR;2701010163;PR2701010163;ROTULO TUBA JUJUBA 2L;ROTULO;BOPP;MABFLEX;0,0355;10649,999999999998;SET;2025;09/2025;
PR;2701010161;PR2701010161;ROTULO TERNURA TUBAINA 2L;ROTULO;BOPP;MABFLEX;0,0355;8875;SET;2025;09/2025;
PR;2701010160;PR2701010160;ROTULO TERNURA LARANJA S/ SUCO 2L;ROTULO;BOPP;MABFLEX;0,0355;7099,9999999999991;SET;2025;09/2025;
PR;2801010075;PR2801010075;ROTULO REFRIKO LARANJA DQI1% 200 ML;ROTULO;BOPP;TRIA;0,008;12000;SET;2025;09/2025;
PR;2801010080;PR2801010080;ROTULO REFRIKO UVA DQI1% 200 ML;ROTULO;BOPP;TRIA;0,008;12000;SET;2025;09/2025;
PR;2801010104;PR2801010104;ROTULO SLEEVE FURIOSO UVA VERDE E PESSEGO 2L;ROTULO;SLEEVE;CCL;0,21068;63204;SET;2025;09/2025;
PR;2701160004;PR2701160004;CAIXA PACK FURIOSO 4X250 ML ( PROPRIO);CAIXA;FURIOSO;BLUMEN;0,73;47450;SET;2025;09/2025;
MS;2701200003;MS2701200003;LUPULO NUGGET;CERVEJARIA;LUPULO IMP;CV BAMBOA;39,37688;196884,4;DEZ;2025;12/2025;
PA;11040007;PA11040007;FILME TERMO ENCOLHIVEL 420 X 0,06;FILME;REFR/ENERG.;E.P.A;10,35;20145,240000000002;NOV;2025;11/2025;
PA;11040793;PA11040793;FILME TERMO - 480X0,06;FILME;REFRI;E.P.A;10,35;87571,349999999991;NOV;2025;11/2025;
PA;12030001;PA12030001;FILME STRETCH POLIETILENO 500X0023;FILME;STRETCH;E.P.A;9,8;13465,2;NOV;2025;11/2025;
SP;2801040018;SP2801040018;FILME TERMOENCOLHIVEL LISO 390X0,05MM                    ;FILME;ÁGUA 500;BAMBOA;23,575;70725;SET;2025;09/2025;
SP;2801040014;SP2801040014;FILME STRETCH POLIETILENO 500X0023;FILME;STRETCH;BAMBOA;22,85;11425;OUT;2025;10/2025;
SP;2801040018;SP2801040018;FILME TERMOENCOLHIVEL LISO 390X0,05MM                    ;FILME;ÁGUA 500;EPA;23,575;70725;OUT;2025;10/2025;
SP;2801040014;SP2801040014;FILME STRETCH POLIETILENO 500X0023;FILME;STRETCH;BAMBOA;22,85;11425;NOV;2025;11/2025;
SP;2801040018;SP2801040018;FILME TERMOENCOLHIVEL LISO 390X0,05MM                    ;FILME;ÁGUA 500;BAMBOA;23,575;59456,15;NOV;2025;11/2025;
MS;2701040001;MS2701040001;FILME TERMO ENCOLHIVEL 420 X 0,05;FILME;JUJ/TERN;EPA;21;31500;SET;2025;09/2025;
MS;2701040009;MS2701040009;FILME STRETCH POLIETILENO 500X0023;FILME;STRETCH;GUANAPACK;22,85;45700;SET;2025;09/2025;
MS;2701040023;MS2701040023;FILME TERMO ENCOLHÍVEL DE 500X0,06 ;FILME;B.ROMA;PATENA;11,4;11400;SET;2025;09/2025;
MS;2701040003;MS2701040003;FILME TERMO ENCOLHÍVEL DE 560X006;FILME;DIVERSOS;EPA;23,5;70500;SET;2025;09/2025;
MS;2701040001;MS2701040001;FILME TERMO ENCOLHIVEL 420 X 0,05;FILME;JUJ/TERN;EPA;21;21000;OUT;2025;10/2025;
MS;2701040002;MS2701040002;FILME TERMO ENCOLHIVEL 420 X 0,06;FILME;REFR/ENERG.;CANCELADO;23,5;0;OUT;2025;10/2025;
MS;2701040003;MS2701040003;FILME TERMO ENCOLHÍVEL DE 560X006;FILME;DIVERSOS;EPA;23,5;70500;OUT;2025;10/2025;
MS;2701040009;MS2701040009;FILME STRETCH POLIETILENO 500X0023;FILME;STRETCH;EPA;22,85;52555;OUT;2025;10/2025;
MS;2701040015;MS2701040015;SHRINK LISO - 380X0,06 ;FILME;VIDRO;EPA;21;27300;OUT;2025;10/2025;
MS;2701040001;MS2701040001;FILME TERMO ENCOLHIVEL 420 X 0,05;FILME;JUJ/TERN;EPA;21;21000;NOV;2025;11/2025;
MS;2701040002;MS2701040002;FILME TERMO ENCOLHIVEL 420 X 0,06;FILME;REFR/ENERG.;EPA;23,5;51700;NOV;2025;11/2025;
MS;2701040003;MS2701040003;FILME TERMO ENCOLHÍVEL DE 560X006;FILME;DIVERSOS;EPA;23,5;70500;NOV;2025;11/2025;
MS;2701040009;MS2701040009;FILME STRETCH POLIETILENO 500X0023;FILME;STRETCH;EPA;22,85;61695,000000000007;NOV;2025;11/2025;
MS;2701040015;MS2701040015;SHRINK LISO - 380X0,06 ;FILME;VIDRO;CANCELADO;21;0;NOV;2025;11/2025;
MS;2701040025;MS2701040025;SHRINK LISO - 380X0,05 DESCONTINUAR;FILME;PET 500;EPA;10,35;5175;NOV;2025;11/2025;
PR;2701040006;PR2701040006;FILME TERMO ENCOLHIVEL 860/5 MM;FILME;JUJ/TERN;GERAL;23,575;82512,5;SET;2025;09/2025;
PR;2701040007;PR2701040007;FILME TERMO ENCOLHIVEL 860/0,06 MM;FILME;REFR/ENERG.;GERAL;23,575;188600;SET;2025;09/2025;
PR;2701040009;PR2701040009;FILME STRETCH POLIETILENO 500X0023;FILME;STRETCH;EPA;20;50000;SET;2025;09/2025;
PR;2701040004;PR2701040004;FILME TERMO ENCOLHIVEL 600 MM X 0,04 ;FILME;REFRI;EPA;14,1;35250;SET;2025;09/2025;
PR;2701040006;PR2701040006;FILME TERMO ENCOLHIVEL 860/5 MM;FILME;JUJ/TERN;EPA;23,575;80155;OUT;2025;10/2025;
PR;2701040007;PR2701040007;FILME TERMO ENCOLHIVEL 860/0,06 MM;FILME;REFR/ENERG.;EPA;23,575;188600;OUT;2025;10/2025;
PR;2701040009;PR2701040009;FILME STRETCH POLIETILENO 500X0023;FILME;STRETCH;EPA;20;46000;OUT;2025;10/2025;
PR;2701040004;PR2701040004;FILME TERMO ENCOLHIVEL 600 MM X 0,04 ;FILME;REFRI;EPA;14,1;22560;OUT;2025;10/2025;
PR;2701040005;PR2701040005;FILME TERMO ENCOLHIVEL 660 MM X 0,04;FILME;ENERGÉTICO;PATENA;23,5;61100;OUT;2025;10/2025;
PR;2701040005;PR2701040005;FILME TERMO ENCOLHIVEL 660 MM X 0,04;FILME;ENERGÉTICO;PATENA;23,5;47000;NOV;2025;11/2025;
PR;2701040006;PR2701040006;FILME TERMO ENCOLHIVEL 860/5 MM;FILME;JUJ/TERN;EPA;23,575;82512,5;NOV;2025;11/2025;
PR;2701040007;PR2701040007;FILME TERMO ENCOLHIVEL 860/0,06 MM;FILME;REFR/ENERG.;EPA;23,575;200387,5;NOV;2025;11/2025;
PR;2701040009;PR2701040009;FILME STRETCH POLIETILENO 500X0023;FILME;STRETCH;CANCELADO;20;0;NOV;2025;11/2025;
PR;2701040004;PR2701040004;FILME TERMO ENCOLHIVEL 600 MM X 0,04 ;FILME;REFRI;EPA;14,1;31020;NOV;2025;11/2025;
PA;11080291;PA11080291;ROTULO FURIOSO UVA VERDE 2L;ROTULO;SLEEVE-PA;CCL;0,28732;14366,000000000002;AGO;2025;08/2025;
MS;2701010136;MS2701010136;ROTULO REFRIKO GUARANA 2,5L;ROTULO;BOPP;MALFLEX;0,038903;15561,2;JUL;2025;07/2025;
MS;2701010148;MS2701010148;ROTULO REFRIKO TUBAINA 2,5L;ROTULO;BOPP;MALFLEX;0,038903;11670,9;JUL;2025;07/2025;
MS;2701010130;MS2701010130;ROTULO REFRIKO COLA 2,5L;ROTULO;BOPP;MALFLEX;0,038903;11670,9;JUL;2025;07/2025;
MS;2701020050;MS2701020050;PREFORMA 48G CRISTAL (COMPRAR 50 G);PREFORMA;PET 2,5L PA;BRASALPLA;0,644;70840;JUL;2025;07/2025;
MS;2701020096;MS2701020096;PREFORMA 48G VERDE;PREFORMA;PET 2,5L PA;BRASALPLA;0,64422;207928,4472;JUL;2025;07/2025;
MS;2701140029;MS2701140029;TAMPA - LATA 350/269/473ML - B64;TAMPA;LATA;CROWN;0,24;862617,59999999998;OUT;2025;10/2025;
MS;2701040003;MS2701040003;FILME TERMO ENCOLHÍVEL DE 560X006;FILME;DIVERSOS;PATENA;23,5;47000;AGO;2025;08/2025;
PR;2701080001;PR2701080001;ACUCAR CRISTAL;AÇUCAR;XAROPARIA;GERAL;1,84;609408;AGO;2025;08/2025;
MS;2701080001;MS2701080001;ACUCAR CRISTAL;AÇUCAR;XAROPARIA;RAIZEN;1,84;287040;AGO;2025;08/2025;
MS;2701190001;MS2701190001;MALTE PILSEN BAG 1000 - BARLEY;CERVEJARIA;MALTE;AGRARIA;3,29;661684,80000000005;AGO;2025;08/2025;
MS;2701190004;MS2701190004;XAROPE DE HIGH MALTOSE 25KG (BREWGILL);CERVEJARIA;OUTROS;GERAL;2,78;404795,8;AGO;2025;08/2025;
PR;2801020035;PR2801020035;PREFORMA PET 200 ML CRISTAL 12 g;PREFORMA;REFRIKO 200ML;ENGEPACK;0,197948;207246,80524800002;SET;2025;09/2025;
PR;2801020053;PR2801020053;PREFORMA PET 200 ML VERDE 12 g;PREFORMA;REFRIKO 200ML;ENGEPACK;0,197948;381770,43072;SET;2025;09/2025;
PR;2701020055;PR2701020055;PREFORMA 18G CRISTAL;PREFORMA;FURIOSO 250ML;ENGEPACK;0,25664;374242,71359999996;SET;2025;09/2025;
PR;2701020059;PR2701020059;PREFORMA 41G CRISTAL;PREFORMA;REFRIKO 2L;ENGEPACK;0,5212;141099,264;SET;2025;09/2025;
PR;2701020102;PR2701020102;PREFORMA 41G VERDE;PREFORMA;REFRIKO 2L;ENGEPACK;0,5212;310418,38079999998;SET;2025;09/2025;
PR;2701020075;PR2701020075;PREFORMA PET 46,7GR CRISTAL ;PREFORMA;FURIOSO 2L;ENGEPACK;0,687488;528650,77248000004;SET;2025;09/2025;
MS;2701020115;MS2701020115;PREFORMA 18 A 20G VERDE 500 ML - DESCONTINUAR;PREFORMA;REFRIKO 500ML;BRASPET;0,204;29748,095999999998;SET;2025;09/2025;
MS;2701020059;MS2701020059;PREFORMA 41 G CRISTAL;PREFORMA;REFRIKO 2L;BRASPET;0,5553;64930,118399999999;SET;2025;09/2025;
MS;2701020102;MS2701020102;PREFORMA 41 G VERDE;PREFORMA;REFRIKO 2L;BRASPET;0,4013;100549,728;SET;2025;09/2025;
MS;2701020081;MS2701020081;PREFORMA 54,4GR CRISTAL SHORT;PREFORMA;REFRIKO 3L;BRASPET;0,55922;13367,594880000001;SET;2025;09/2025;
MS;2701020109;MS2701020109;PREFORMA 54,4GR VERDE SHORT;PREFORMA;REFRIKO 3L;BRASPET;0,55922;26524,923040000001;SET;2025;09/2025;
MS;2701020075;MS2701020075;PREFORMA PET 46,7GR CRISTAL;PREFORMA;FURIOSO 2L;BRASPET;0,594;208365,696;SET;2025;09/2025;
SP;2801020042;SP2801020042;PREFORMA 15G CRISTAL;PREFORMA;PET 500 PA;ENGEPACK;0,22133;61129,575360000003;SET;2025;09/2025;
SP;2801020041;SP2801020041;PREFORMA 18G CRISTAL 500 ML;PREFORMA;PET 500 PA;ENGEPACK;0,25664;192393,76895999999;SET;2025;09/2025;
PR;2801090001;PR2801090001;ACIDO MALICO;ACID.E CONSERV.;NOCH;KONKRETA;9,75;975;SET;2025;09/2025;
PR;2801090003;PR2801090003;ACIDO TARTARICO;ACID.E CONSERV.;NOCH/TON/BEL;MCASSAB;35,5;887,5;SET;2025;09/2025;
PR;2801090005;PR2801090005;CITRATO DE SODIO;ACID.E CONSERV.;ENERG/DELIRIO;BORAQUIMICA;8,28;8280;SET;2025;09/2025;
PR;2801050006;PR2801050006;AROMA FRUTAS TROPICAIS;AROMA;ENERGÉTICO;MONARCH;149,57;29914;SET;2025;09/2025;
PR;2801050027;PR2801050027;AROMA IDENTICO AO NATURAL DE PESSEGO;AROMA;NOCH DEMAIS;SAPORITI;58;8700;SET;2025;09/2025;
PR;2801050021;PR2801050021;AROMA IDENTICO AO NATURAL MELANCIA;AROMA;ENERGÉTICO;DUAS RODAS;37,17;9292,5;SET;2025;09/2025;
PR;2801050025;PR2801050025;AROMA IDENTICO AO NATURAL MORANGO;AROMA;ENERGÉTICO;DUAS RODAS;75,88;15176;SET;2025;09/2025;
PR;2801050015;PR2801050015;AROMA MAÇA VERDE COD;AROMA;ENERGÉTICO;DUAS RODAS;46,45;4645;SET;2025;09/2025;
PR;2801050023;PR2801050023;AROMA MELAO;AROMA;ENERGÉTICO;DUAS RODAS;58,97;8845,5;SET;2025;09/2025;
PR;2801050039;PR2801050039;AROMA ID. AO NATURAL DE UVA VERDE SAPORITI;AROMA;ENERGÉTICO;SAPORITI;108;16200;SET;2025;09/2025;
PR;2801120003;PR2801120003;PREMIX ENERG EMULVIT 8959 - BOMBADÃO SAPORITI -IND;CONCENT./KITs;C.ENERGETICO;SAPORITI;180;4500;SET;2025;09/2025;
PR;2801030013;PR2801030013;TAMPA AZUL LISA;TAMPA;PET;OXFORD;0,043333;6551,9496000000008;SET;2025;09/2025;
PR;2701130007;PR2701130007;AROMA EXTRATO GUARANA REFRIKO 28;AROMA;REFRIGERANTE;SAPORITI;32,8;32800;SET;2025;09/2025;
PR;2701050027;PR2701050027;AROMA UVA REFRIKO 84;AROMA;REFRIGERANTE;SAPORITI;28;4200;SET;2025;09/2025;
PR;2701050035;PR2701050035;AROMA ARTIFICIAL GUARANA IFB (PED. KOMPLETO);AROMA;REFRIGERANTE;OTC;22,75;20475;SET;2025;09/2025;
PR;2701130006;PR2701130006;EXTRATO DE GUARANA 200% DUAS RODAS;AROMA;ENERG./DELÍR.;DUAS RODAS;49,93;14979;SET;2025;09/2025;
PR;2701050023;PR2701050023;PREP ACIDO COLA ;CONCENT./KITs;KIT COLA;SAPORITI;25;1475;SET;2025;09/2025;
PR;2701060007;PR2701060007;CORANTE CARAMELO CLASE IV DPC;CORANTE;REFRIGERANTE;SAPORITI;7,5;3750;SET;2025;09/2025;
PR;2701060001;PR2701060001;CORANTE PONCEAU ;CORANTE;ENERGÉTICO;SAPORITI;67;670;SET;2025;09/2025;
PR;2701050016;PR2701050016;EMULSAO NEUTRA PARA SUCO;EMULSAO;XAROPARIA;SAPORITI;56;2240;SET;2025;09/2025;
PR;2701130009;PR2701130009;SUCO CONCENTRADO DE MACA;SUCO;XAROPARIA;INTERSUCOS;12;12000;SET;2025;09/2025;
PR;2701130001;PR2701130001;SUCO CONCENTRADO LARANJA;SUCO;XAROPARIA;INTERSUCOS;12;2400;SET;2025;09/2025;
PR;2701130002;PR2701130002;SUCO CONCENTRADO LIMÃO;SUCO;XAROPARIA;INTERSUCOS;16,5;825;SET;2025;09/2025;
PR;2701130003;PR2701130003;SUCO CONCENTRADO UVA;SUCO;XAROPARIA;INTERSUCOS;13;1300;SET;2025;09/2025;
PR;2701030037;PR2701030037;TAMPA AMARELA LISA;TAMPA;PET;OXFORD;0,04445;141137,64000000001;SET;2025;09/2025;
PR;2701030043;PR2701030043;TAMPA LARANJA REFRIKO;TAMPA;PET;OXFORD;0,04445;26883,360000000001;SET;2025;09/2025;
PR;2701030044;PR2701030044;TAMPA LILAS LISA;TAMPA;PET;OXFORD;0,04445;20162,52;SET;2025;09/2025;
PR;2701030048;PR2701030048;TAMPA ROSA MAGENTA REFRIKO;TAMPA;PET;OXFORD;0,04445;6720,84;SET;2025;09/2025;
PR;2701030049;PR2701030049;TAMPA VERDE REFRIKO;TAMPA;PET;OXFORD;0,04445;94091,760000000009;SET;2025;09/2025;
PR;2701030050;PR2701030050;TAMPA VERMELHA LISA;TAMPA;PET;OXFORD;0,04445;26883,360000000001;SET;2025;09/2025;
PR;3002020007;PR3002020007;CARVÃO ATIVADO;TERRA;XAROPARIA;GUARAMEX;12,5;2750;SET;2025;09/2025;
PR;3002020009;PR3002020009;TERRA CELITE DIATOMITA SPEEDFLOW/STANDARD (VERMELHO);TERRA;XAROPARIA;VENETO;8,8;799,04000000000008;SET;2025;09/2025;
PR;3002020011;PR3002020011;TERRA DIATOMITA 341/HYFLOW (AZUL);TERRA;XAROPARIA;VENETO;8,8;6991,6;SET;2025;09/2025;
MS;2701090004;MS2701090004;ACIDO TARTARICO ;ACID.E CONSERV.;NOCH/TON/BEL;MCASSAB;35,5;2662,5;SET;2025;09/2025;
MS;2701090006;MS2701090006;CITRATO DE SODIO;ACID.E CONSERV.;ENERG/DELIRIO;GERAL;8,28;3311,9999999999995;SET;2025;09/2025;
MS;2701100001;MS2701100001;SORBATO DE POTASSIO 25KG;ACID.E CONSERV.;REF/ENER/ROM/DEL;OXYGEN;15,72;3144;SET;2025;09/2025;
MS;2701130007;MS2701130007;AROMA EXTRATO GUARANA REFRIKO 28;AROMA;REFRIGERANTE;SAPORITI;32,8;9840;SET;2025;09/2025;
MS;2701050017;MS2701050017;AROMA IDENTICO AO NATURAL MELANCIA;AROMA;ENERGÉTICO;DUAS RODAS;37,17;2601,9;SET;2025;09/2025;
MS;2701050019;MS2701050019;AROMA MELAO ;AROMA;ENERGÉTICO;DUAS RODAS;58,97;5897;SET;2025;09/2025;
MS;2701050028;MS2701050028;AROMA NATURAL PARA VODKA ;AROMA;VODKA;DUAS RODAS;25,88;3882;SET;2025;09/2025;
MS;2701050027;MS2701050027;AROMA UVA REFRIKO 84;AROMA;REFRIGERANTE;SAROPOTI;28;1400;SET;2025;09/2025;
MS;2701050035;MS2701050035;AROMA ARTIFICIAL GUARANA IFB (PED. KOMPLETO);AROMA;REFRIGERANTE;OTC;22,75;2275;SET;2025;09/2025;
MS;2701130006;MS2701130006;EXTRATO DE GUARANA 200% DUAS RODAS;AROMA;ENERG./DELÍR.;DUAS RODAS;49,93;4993;SET;2025;09/2025;
MS;2701050033;MS2701050033;AROMA ID. AO NATURAL DE UVA VERDE SAPORITI;AROMA;ENERGÉTICO;SAPORITI;108;5400;SET;2025;09/2025;
MS;2701090003;MS2701090003;ACIDO LACTICO - IBC;CERVEJARIA;OUTROS;OXYGEN;10,41;10410;SET;2025;09/2025;
MS;2701090005;MS2701090005;ANTIOXIDANTE;CERVEJARIA;OUTROS;AEB;30,22;4533;SET;2025;09/2025;
MS;2701250001;MS2701250001;CLORETO DE CALCIO - IBC;CERVEJARIA;OUTROS;BELA VISTA;4,07;1628;SET;2025;09/2025;
MS;2701200002;MS2701200002;LUPULO LSKE;CERVEJARIA;LUPULO;LNF LATINO;1017,47;29506,63;SET;2025;09/2025;
MS;2701050023;MS2701050023;PREP ACIDO COLA ;CONCENT./KITs;KIT COLA;SAPORITI;25;3825;SET;2025;09/2025;
MS;2701060007;MS2701060007;CORANTE CARAMELO CLASE IV DPC;CORANTE;REFRIGERANTE;SAPORITI;7,5;2250;SET;2025;09/2025;
MS;2701130009;MS2701130009;SUCO CONCENTRADO DE MACA;SUCO;XAROPARIA;INTERSUCOS;12;3600;SET;2025;09/2025;
MS;2701130003;MS2701130003;SUCO CONCENTRADO UVA;SUCO;XAROPARIA;INTERSUCOS;13;650;SET;2025;09/2025;
MS;2701030037;MS2701030037;TAMPA AMARELA LISA;TAMPA;PET;VALGROUP;0,049;37044;SET;2025;09/2025;
MS;2701030043;MS2701030043;TAMPA LARANJA REFRIKO;TAMPA;PET;VALGROUP;0,049;14817,6;SET;2025;09/2025;
MS;2701030049;MS2701030049;TAMPA VERDE REFRIKO;TAMPA;PET;VALGROUP;0,049;37044;SET;2025;09/2025;
MS;3002020010;MS3002020010;TERRA CELITE DIATOMITA 2500/535;TERRA;CERVEJARIA;VENETO;8,8;11386,32;SET;2025;09/2025;
MS;3002020009;MS3002020009;TERRA CELITE DIATOMITA SPEEDFLOW/STANDARD (VERMELHO);TERRA;CERVEJARIA;VENETO;8,8;7990,4000000000005;SET;2025;09/2025;
MS;3002020011;MS3002020011;TERRA DIATOMITA 341/HYFLOW (AZUL);TERRA;XAROPARIA;VENETO;8,8;3995,2000000000003;SET;2025;09/2025;
MS;2701150006;MS2701150006;VASILHAME AMBAR 300ML - LITRINHO;VASILHAME;NORMAL;VIDROPORTO;0,74;75213,600000000006;SET;2025;09/2025;
MS;2701150001;MS2701150001;VASILHAME GINGUALA 970ML;VASILHAME;NORMAL;VIDROPORTO;1,57;198950,39999999999;SET;2025;09/2025;
MS;2701150003;MS2701150003;VASILHAME NOVO 330ML;VASILHAME;LONGNECK;VIDROPORTO;0,88;84022,399999999994;SET;2025;09/2025;
SP;2801030014;SP2801030014;TAMPA PLASTICA AZUL OMNI                             ;TAMPA;PET;OPS;0,043333;26207,798400000003;SET;2025;09/2025;
SP;2801030017;SP2801030017;TAMPA PLASTICA PRETA OMNI 120 COM VEDANTE;TAMPA;PET;OPS;0,043333;52415,596800000007;SET;2025;09/2025;
PR;2801050003;PR2801050003;CONCENTRADO BEBIDAS ENERGETICA;AROMA;KIT ENERGÉTICO;ADM;2044,7664;20433,424679665739;OUT;2025;10/2025;
PR;2801050003;PR2801050003;CONCENTRADO BEBIDAS ENERGETICA;AROMA;KIT ENERGÉTICO;ADM;2044,7664;427179,61002785515;OUT;2025;10/2025;
PR;2801120002;PR2801120002;PREMIX ENERG EMULVIT 8942;CONCENT./KITs;C.ENERGETICO;QUANTIQ;18,05;126350;OUT;2025;10/2025;
PR;2801010090;PR2801010090;ROT SLEE NOCH LIMAO 270ML;ROTULO;SLEEVE;ALL4LABELL;0,12;18000;OUT;2025;10/2025;
PR;2801010091;PR2801010091;ROT SLEE NOCH MARACUJA 270ML;ROTULO;SLEEVE;ALL4LABELL;0,12;12000;OUT;2025;10/2025;
PR;2801010092;PR2801010092;ROT SLEE NOCH MELANCIA E MORAN 270ML-IND;ROTULO;SLEEVE;ALL4LABELL;0,12;12000;OUT;2025;10/2025;
PR;2801010088;PR2801010088;ROTULO AGUA TONICA MALDIVES 250 ML;ROTULO;SLEEVE;CCL;0,05071;5071;OUT;2025;10/2025;
PR;2801010099;PR2801010099;ROTULO FURIOSO 250ML;ROTULO;SLEEVE;CCL;0,050377;75565,5;OUT;2025;10/2025;
PR;2801010100;PR2801010100;ROTULO FURIOSO 2L;ROTULO;SLEEVE;CCL;0,2062;51550;OUT;2025;10/2025;
PR;2801010093;PR2801010093;ROTULO FURIOSO AÇAI 250ML;ROTULO;SLEEVE;CCL;0,050377;5037,7;OUT;2025;10/2025;
PR;2801010097;PR2801010097;ROTULO FURIOSO MELANCIA E MORANGO 250ML;ROTULO;SLEEVE;CCL;0,050377;12594,25;OUT;2025;10/2025;
PR;2801010098;PR2801010098;ROTULO FURIOSO MELANCIA E MORANGO 2L;ROTULO;SLEEVE;CCL;0,2062;30930;OUT;2025;10/2025;
PR;2801010095;PR2801010095;ROTULO FURIOSO MELAO 250ML;ROTULO;SLEEVE;CCL;0,050377;10075,4;OUT;2025;10/2025;
PR;2801010101;PR2801010101;ROTULO FURIOSO TROPICAL 250ML;ROTULO;SLEEVE;CCL;0,050377;5037,7;OUT;2025;10/2025;
PR;2801010078;PR2801010078;ROTULO REFRIKO TUBAÍNA 200 ML ;ROTULO;BOPP;TRIA;0,008;12000;OUT;2025;10/2025;
PR;2801010104;PR2801010104;ROTULO SLEEVE FURIOSO UVA VERDE E PESSEGO 2L;ROTULO;SLEEVE;CCL;0,21068;42136;OUT;2025;10/2025;
PR;2701050001;PR2701050001;AROMA NATURAL MOUTHFEEL FASV259 ADM;AROMA;REFRIGERANTE;ADM;165,4;26464;OUT;2025;10/2025;
PR;2701070006;PR2701070006;ACESSULFAME DE POTASSIO;EDULCORANTE;XAROPARIA;NISHI;28,53;4279,5;OUT;2025;10/2025;
PR;2701070005;PR2701070005;ASPARTAME;EDULCORANTE;XAROPARIA;KONKRETA;61,26;4594,5;OUT;2025;10/2025;
PR;2701070004;PR2701070004;CICLAMATO DE SÓDIO ;EDULCORANTE;XAROPARIA;GERAL;14,18;3545;OUT;2025;10/2025;
PR;2701050018;PR2701050018;EMULSAO LARANJA REFRIKO 98;EMULSAO;XAROPARIA;SAPORITI;32,8;22959,999999999996;OUT;2025;10/2025;
PR;2701010156;PR2701010156;ROTULO BOPP REFRISHOW GUARANA 2 L;ROTULO;BOPP;MABFLEX;0,0355;14199,999999999998;OUT;2025;10/2025;
PR;2701010138;PR2701010138;ROTULO GUARANA 2L;ROTULO;BOPP;MALFLEX;0,0355;17750;OUT;2025;10/2025;
PR;2701010142;PR2701010142;ROTULO GUARANA 2 LT ZERO;ROTULO;BOPP;MABFLEX;0,0355;7099,9999999999991;OUT;2025;10/2025;
PR;2701010163;PR2701010163;ROTULO TUBA JUJUBA 2L;ROTULO;BOPP;MABFLEX;0,0355;8875;OUT;2025;10/2025;
PR;2701010161;PR2701010161;ROTULO TERNURA TUBAINA 2L;ROTULO;BOPP;MABFLEX;0,0355;7099,9999999999991;OUT;2025;10/2025;
PR;2701010144;PR2701010144;ROTULO REFRIKO LARANJA DQI1% 2L;ROTULO;BOPP;MABFLEX;0,0355;7099,9999999999991;OUT;2025;10/2025;
PR;2701010155;PR2701010155;ROTULO REFRIKO UVA DQI1% 2L;ROTULO;BOPP;MABFLEX;0,0355;5324,9999999999991;OUT;2025;10/2025;
MS;2701050001;MS2701050001;AROMA NATURAL MOUTHFEEL FASV259 ADM;AROMA;REFRIGERANTE;ADM;165,4;16540;OUT;2025;10/2025;
MS;2701050040;MS2701050040;CONCENTRADO BEBIDAS ENERGETICA;AROMA;KIT ENERGÉTICO;ADM;2076,886;289259,88857938722;OUT;2025;10/2025;
MS;2701160011;MS2701160011;CX ONE WAY BAMBOA 12X330ML;CAIXA;CERVEJA;BLUMEN;1,84;27600;OUT;2025;10/2025;
MS;2701060006;MS2701060006;CORANTE CARAMELO CERVEJA;CERVEJARIA;OUTROS;GERAL;6,04;3624;OUT;2025;10/2025;
MS;2701210004;MS2701210004;ENZIMA ULTRA FLOW;CERVEJARIA;OUTROS;PROZYN ;76,36;7636;OUT;2025;10/2025;
MS;2701070006;MS2701070006;ACESSULFAME DE POTASSIO;EDULCORANTE;XAROPARIA;BORAQUIMICA;28,53;2139,75;OUT;2025;10/2025;
MS;2701070004;MS2701070004;CICLAMATO DE SÓDIO ;EDULCORANTE;XAROPARIA;BORAQUIMICA;14,18;1418;OUT;2025;10/2025;
MS;2701050018;MS2701050018;EMULSAO LARANJA REFRIKO 98;EMULSAO;XAROPARIA;SAPORITI;32,8;10102,4;OUT;2025;10/2025;
MS;2701010052;MS2701010052;CONTRA ROTULO BAMBOA 330ML (ARTE NOVA);ROTULO;ADESIVO;EASY LABEL;0,05611;5611;OUT;2025;10/2025;
MS;2701010115;MS2701010115;ROTULO ADESIVO BELLA ROMA;ROTULO;ADESIVO;GRAFIMAX;0,1404;70200;OUT;2025;10/2025;
MS;2701010116;MS2701010116;ROTULO ADESIVO TUBAINA 300ML;ROTULO;ADESIVO;SRE ROTULOS;0,03998;3998;OUT;2025;10/2025;
MS;2701010052;MS2701010052;CONTRA ROTULO BAMBOA 330ML (ARTE NOVA);ROTULO;ADESIVO;EASY LABEL;0,05611;5611;OUT;2025;10/2025;
MS;2701010119;MS2701010119;ROTULO BAMBOA TRADICIONAL VODKA;ROTULO;ADESIVO;GRAFIMAX;0,077;19250;OUT;2025;10/2025;
MS;2701010191;MS2701010191;ROTULO FURIOSO 2L;ROTULO;SLEEVE;CCL;0,2062;51550;OUT;2025;10/2025;
MS;2701010184;MS2701010184;ROTULO FURIOSO MELAO 2L;ROTULO;SLEEVE;CCL;0,2062;20620;OUT;2025;10/2025;
MS;2701010140;MS2701010140;ROTULO GUARANA 500ML;ROTULO;BOPP;MABFLEX;0,0128;2560;OUT;2025;10/2025;
MS;2701010133;MS2701010133;ROTULO REFRIKO COLA 3L;ROTULO;BOPP;MABFLEX;0,038896;3889,6;OUT;2025;10/2025;
MS;2701010163;MS2701010163;ROTULO TUBA JUJUBA 2L;ROTULO;BOPP;MABFLEX;0,0355;8875;OUT;2025;10/2025;
MS;2701010144;MS2701010144;ROTULO REFRIKO LARANJA DQI1% 2L;ROTULO;BOPP;MABFLEX;0,0355;3549,9999999999995;OUT;2025;10/2025;
MS;2701010155;MS2701010155;ROTULO REFRIKO UVA DQI1% 2L;ROTULO;BOPP;MABFLEX;0,0355;1774,9999999999998;OUT;2025;10/2025;
MS;2701030039;MS2701030039;TAMPA 2850/5 AZUL H/S (GIN-VODKA) - JAMES;TAMPA;JAMES COOK;BRASTAMPA;0,439992;21999,599999999999;OUT;2025;10/2025;
PA;10010001;PA10010001;ACUCAR CRISTAL;AÇUCAR;XAROPARIA;CERTANO;2,27792;455584;SET;2025;09/2025;
PA;10020001;PA10020001;AROMA DE LARANJA IDENTICO AO NATURAL;AROMA;REFRIGERANTE;DUAS RODAS;77,66;2485,12;SET;2025;09/2025;
PA;10090017;PA10090017;EMULSAO LARANJA REFRIKO 98;EMULSAO;XAROPARIA;SAPORITI;36;25200;SET;2025;09/2025;
PA;10020009;PA10020009;AROMA UVA REFRIKO 84;AROMA;REFRIGERANTE;SAPORITI;23,5;11750;SET;2025;09/2025;
PA;10090291;PA10090291;EXTRATO DE GUARANA 200% DUAS RODAS;AROMA;REFRIGERANTE;DUAS RODAS;47,87;16754,5;SET;2025;09/2025;
PA;11070046;PA11070046;PREFORMA 18 ou 20,6G CRISTAL;PREFORMA;PET 500 PA;ENVASES;0,236;51213,887999999999;SET;2025;09/2025;
PA;11070047;PA11070047;PREFORMA 18 ou 20,6G VERDE;PREFORMA;PET 500 PA;ENVASES;0,236;37246,464;SET;2025;09/2025;
PA;11070012;PA11070012;PREFORMA 46,0G CRISTAL OU 45,7 G;PREFORMA;PET 2L PA;AMCOR;0,49;107627,52;SET;2025;09/2025;
PA;11070013;PA11070013;PREFORMA 46,0G VERDE OU 45,7 G;PREFORMA;PET 2L PA;AMCOR;0,49;24837,119999999999;SET;2025;09/2025;
PA;11070032;PA11070032;PREFORMA 48GR CRISTAL OU 50,7 G;PREFORMA;PET 2,5L PA;AMCOR;0,498;370352,64000000001;SET;2025;09/2025;
PA;11070033;PA11070033;PREFORMA 48GR VERDE OU 50,7 G;PREFORMA;PET 2,5L PA;AMCOR;0,498;182945,28;SET;2025;09/2025;
PA;11070041;PA11070041;PREFORMA PET 200 ML CRISTAL 12 G;PREFORMA;PET 200 PA;ENVASES;0,159;89294,399999999994;SET;2025;09/2025;
PA;11070048;PA11070048;PREFORMA PET 200 ML VERDE 12 G;PREFORMA;PET 200 PA;ENVASES;0,159;33485,4;SET;2025;09/2025;
PA;10020012;PA10020012;AROMA DE GUARANA 31835 ADM;AROMA;REFRIGERANTE;ADM;120,2;48080;OUT;2025;10/2025;
PA;10020011;PA10020011;AROMA NATURAL MOUTHFEEL FASV259 ADM;AROMA;REFRIGERANTE;ADM;157,52;23628;OUT;2025;10/2025;
PA;10090274;PA10090274;CONCENTRADO BEBIDAS ENERGETICA;AROMA;KIT ENERGÉTICO;WILD;164,7247563;98834,853760445709;OUT;2025;10/2025;
PA;10090273;PA10090273;ACESSULFAME DE POTASSIO;EDULCORANTE;XAROPARIA;BORAQUIMICA;34,9;1745;OUT;2025;10/2025;
PA;10090100;PA10090100;ASPARTAME;EDULCORANTE;XAROPARIA;BORAQUIMICA;70,39;10558,5;OUT;2025;10/2025;
PA;10100024;PA10100024;CICLAMATO DE SÓDIO ;EDULCORANTE;XAROPARIA;BORAQUIMICA;19,87;9935;OUT;2025;10/2025;
PA;10090295;PA10090295;CONCENTRADO COLA IAB 7729 (NOVO);CONCENT./KITs;KIT COLA;INTERAMERICA;22,39;67170;OUT;2025;10/2025;
PA;10090290;PA10090290;PREMIX ENERG EMULVIT 8942 ADM;CONCENT./KITs;C.ENERGETICO;QUANTIQ;26,8;5360;OUT;2025;10/2025;
PA;11080232;PA11080232;ROTULO FURIOSO 250ML;ROTULO;SLEEVE-PA;CCL;0,06581;9871,5000000000018;OUT;2025;10/2025;
PA;11080237;PA11080237;ROTULO FURIOSO MELAO 250ML;ROTULO;SLEEVE-PA;CCL;0,06581;6581,0000000000009;DEZ;2025;12/2025;
PA;11080241;PA11080241;RÓTULO MICOS COLA 2,5L;ROTULO;BOPP-PA;ELLOFLEX;0,03395;16975;OUT;2025;10/2025;
PA;11080242;PA11080242;RÓTULO MICOS COLA 200ML;ROTULO;BOPP-PA;ELLOFLEX;0,0059;2950;OUT;2025;10/2025;
PA;11080245;PA11080245;RÓTULO MICOS GUARANA 2,5L;ROTULO;BOPP-PA;ELLOFLEX;0,03395;16975;OUT;2025;10/2025;
PA;11080257;PA11080257;ROTULO TUCA COLA 200ML;ROTULO;BOPP-PA;ELLOFLEX;0,0059;2950;OUT;2025;10/2025;
PA;11080260;PA11080260;ROTULO TUCA GUARANA 200ML;ROTULO;BOPP-PA;ELLOFLEX;0,0059;2950;OUT;2025;10/2025;
PA;11080263;PA11080263;ROTULO TUCA LARANJA 200ML;ROTULO;BOPP-PA;ELLOFLEX;0,0059;2950;OUT;2025;10/2025;
PA;10090032;PA10090032;SACARINA SÓDICA;EDULCORANTE;XAROPARIA;CASSAB;38,4;3840;OUT;2025;10/2025;
PA;10090293;PA10090293;SUCO CONCENTRADO DE MACA;SUCO;XAROPARIA;INTERSUCOS;11,5;24150;OUT;2025;10/2025;
PA;10090090;PA10090090;SUCO CONCENTRADO LARANJA;SUCO;XAROPARIA;INTERSUCOS;10,5;4725;OUT;2025;10/2025;
PA;10090094;PA10090094;SUCO CONCENTRADO UVA;SUCO;XAROPARIA;INTERSUCOS;10,5;3150;OUT;2025;10/2025;
PA;10090071;PA10090071;SUCRALOSE;EDULCORANTE;XAROPARIA;PARKER;114,06;22812;OUT;2025;10/2025;
PA;11090086;PA11090086;TAMPA AMARELA LISA;TAMPA;PET;RAVIBRAS;0,04667;14113,008000000002;OUT;2025;10/2025;
PA;11090001;PA11090001;TAMPA LARANJA REFRIKO;TAMPA;PET;RAVIBRAS;0,04667;35282,520000000004;OUT;2025;10/2025;
PA;11090034;PA11090034;TAMPA LILAS LISA;TAMPA;PET;RAVIBRAS;0,04667;28226,016000000003;OUT;2025;10/2025;
PA;11090031;PA11090031;TAMPA VERMELHA LISA;TAMPA;PET;RAVIBRAS;0,04667;105847,56000000001;OUT;2025;10/2025;
PA;11040005;PA11040005;FILME TERMO ENCOLHIVEL 300 MM X 0,04;FILME;REFRI;EPA;10,35;10350;NOV;2025;11/2025;
MS;2701080001;MS2701080001;ACUCAR CRISTAL;AÇUCAR;XAROPARIA;RAIZEN;1,84;293516,79999999999;SET;2025;09/2025;
PR;2701080001;PR2701080001;ACUCAR CRISTAL;AÇUCAR;XAROPARIA;RAIZEN;1,84;465888;SET;2025;09/2025;
MS;2701190001;MS2701190001;MALTE PILSEN BAG 1000 - BARLEY;CERVEJARIA;MALTE;AGRARIA;3,29;673857,8;SET;2025;09/2025;
MS;2701140029;MS2701140029;TAMPA - LATA 350/269/473ML - B64;TAMPA;LATA;CROWN;0,24;1725235,2;NOV;2025;11/2025;
MS;2701040020;MS2701040020;SHRINK BAMBOA 269ML - 350X645X60 LAGER;FILME;BAMBOA;PACKSEVEN;14,5;14500;SET;2025;09/2025;
MS;2701160001;MS2701160001;CX AUTO GIN JAMES COOK 6X1-;CAIXA;JAMES COOK;BLUMEN;2,96;14800;OUT;2025;10/2025;
MS;2701160002;MS2701160002;CX FUNDO AUTO VODKA JAMES COOK 6X1;CAIXA;JAMES COOK;EMB. LUCAS;2,96;14800;OUT;2025;10/2025;
MS;2701050002;MS2701050002;DESTILADO DE ERVAS AROMÁT PARA GIN;AROMA;JAMES COOK;BRUNHOLI;19,2;19200;OUT;2025;10/2025;
MS;2701010200;MS2701010200;ROTULO SLEEVE VODKA JAMES COOK 900ML;ROTULO;SLEEVE;CCL;0,332;16600;JAN;2026;01/2026;
MS;2701010198;MS2701010198;ROTULO SLEEVE GIN JAMES ACET 900ML;ROTULO;SLEEVE;CCL;0,332;16600;JAN;2026;01/2026;
MS;2701040003;MS2701040003;FILME TERMO ENCOLHÍVEL DE 560X006;FILME;DIVERSOS;PACKSEVEN;23,5;23500;SET;2025;09/2025;
MS;2701150004;MS2701150004;VASILHAME OW 600ML (BELLA ROMA);VASILHAME;NORMAL;VERALLIA;1,13;64070,999999999993;SET;2025;09/2025;
PR;2701090002;PR2701090002;ACIDO CITRICO;ACID.E CONSERV.;REF/ENER/ROM/DEL;BORAQUIMICA;8,95;123062,49999999999;OUT;2025;10/2025;
PR;2701050037;PR2701050037;AROMA IDENTICO AO NATURAL FRAMBOESA 77587 SAPORITI;AROMA;REFRIGERANTE;SAPORITI;62;3100;OUT;2025;10/2025;
PR;2701050010;PR2701050010;AROMA DE LARANJA IDENTICO AO NATURAL;AROMA;REFRIGERANTE;DUAS RODAS;75,22;1053,08;OUT;2025;10/2025;
PR;2701130007;PR2701130007;AROMA EXTRATO GUARANA REFRIKO 28;AROMA;REFRIGERANTE;SAPORITI;32,8;29519,999999999996;OUT;2025;10/2025;
PR;2701050011;PR2701050011;AROMA LIMAO REFRIKO 41;AROMA;REFRIGERANTE;SAPORITI;48;14400;OUT;2025;10/2025;
PR;2701050027;PR2701050027;AROMA UVA REFRIKO 84;AROMA;REFRIGERANTE;SAPORITI;28;11200;OUT;2025;10/2025;
PR;2701100002;PR2701100002;BENZOATO DE SODIO;ACID.E CONSERV.;REF/ENER/NOCH/TON;STAR;12,1;30250;OUT;2025;10/2025;
PR;2701050035;PR2701050035;AROMA ARTIFICIAL GUARANA IFB (PED. KOMPLETO);AROMA;REFRIGERANTE;OTC;22,75;22750;OUT;2025;10/2025;
PR;2701060007;PR2701060007;CORANTE CARAMELO CLASE IV DPC;CORANTE;REFRIGERANTE;SAPORITI;7,5;4875;OUT;2025;10/2025;
PR;2701060003;PR2701060003;CORANTE TARTRAZINA;CORANTE;ENERGÉTICO;SAPORITI;49;490;OUT;2025;10/2025;
PR;2701130006;PR2701130006;EXTRATO DE GUARANA 200% DUAS RODAS;AROMA;ENERG./DELÍR.;DUAS RODAS;49,93;17475,5;OUT;2025;10/2025;
PR;2701050023;PR2701050023;PREP ACIDO COLA ;CONCENT./KITs;KIT COLA;SAPORITI;25;3750;OUT;2025;10/2025;
PR;2701100001;PR2701100001;SORBATO DE POTASSIO 25KG;ACID.E CONSERV.;REF/ENER/ROM/DEL;PARKER;15,72;6288;OUT;2025;10/2025;
PR;2701130009;PR2701130009;SUCO CONCENTRADO DE MACA;SUCO;XAROPARIA;INTERSUCOS;12;16800;OUT;2025;10/2025;
PR;2701130001;PR2701130001;SUCO CONCENTRADO LARANJA;SUCO;XAROPARIA;INTERSUCOS;12;2400;OUT;2025;10/2025;
PR;2701130002;PR2701130002;SUCO CONCENTRADO LIMÃO;SUCO;XAROPARIA;INTERSUCOS;16,5;1650;OUT;2025;10/2025;
PR;2701130003;PR2701130003;SUCO CONCENTRADO UVA;SUCO;XAROPARIA;INTERSUCOS;13;3900;OUT;2025;10/2025;
PR;2801120003;PR2801120003;PREMIX ENERG EMULVIT 8959 - BOMBADÃO SAPORITI -IND;CONCENT./KITs;C.ENERGETICO;DUAS RODAS;180;9000;OUT;2025;10/2025;
PR;2801050006;PR2801050006;AROMA FRUTAS TROPICAIS;AROMA;ENERGÉTICO;MONARCH;149,57;44871;OUT;2025;10/2025;
PR;2801050027;PR2801050027;AROMA IDENTICO AO NATURAL DE PESSEGO;AROMA;NOCH DEMAIS;SAPORITI;58;5800;OUT;2025;10/2025;
PR;2801050019;PR2801050019;AROMA IDENTICO AO NATURAL MARACUJA;AROMA;NOCH DEMAIS;DUAS RODAS;54,21;2710,5;OUT;2025;10/2025;
PR;2801050021;PR2801050021;AROMA IDENTICO AO NATURAL MELANCIA;AROMA;ENERGÉTICO;DUAS RODAS;37,17;13009,5;OUT;2025;10/2025;
PR;2801050025;PR2801050025;AROMA IDENTICO AO NATURAL MORANGO;AROMA;ENERGÉTICO;DUAS RODAS;75,88;15176;OUT;2025;10/2025;
PR;2801050015;PR2801050015;AROMA MAÇA VERDE COD;AROMA;ENERGÉTICO;DUAS RODAS;46,45;4645;OUT;2025;10/2025;
PR;2801050023;PR2801050023;AROMA MELAO;AROMA;ENERGÉTICO;DUAS RODAS;58,97;11794;OUT;2025;10/2025;
PR;2801090005;PR2801090005;CITRATO DE SODIO;ACID.E CONSERV.;ENERG/DELIRIO;TOTAL ING;8,28;4968;OUT;2025;10/2025;
PR;2801130002;PR2801130002;POLPA DE AÇAI DESIDRATA SOL.;AROMA;ENERGÉTICO;SANRISIL;51,4;5140;OUT;2025;10/2025;
PR;2801050039;PR2801050039;AROMA ID. AO NATURAL DE UVA VERDE SAPORITI;AROMA;ENERGÉTICO;SAPORITI;108;10800;OUT;2025;10/2025;
MS;2701210005;MS2701210005;ALGINATO DE PROPILENO GLICOL;CERVEJARIA;OUTROS;PROZYN;283,79;56758,000000000007;OUT;2025;10/2025;
MS;2701130007;MS2701130007;AROMA EXTRATO GUARANA REFRIKO 28;AROMA;REFRIGERANTE;SAPORITI;32,8;16400;OUT;2025;10/2025;
MS;2701050017;MS2701050017;AROMA IDENTICO AO NATURAL MELANCIA;AROMA;ENERGÉTICO;DUAS RODAS;37,17;3717;OUT;2025;10/2025;
MS;2701050013;MS2701050013;AROMA MAÇA VERDE COD;AROMA;ENERGÉTICO;DUAS RODAS;46,45;4645;OUT;2025;10/2025;
MS;2701050019;MS2701050019;AROMA MELAO ;AROMA;ENERGÉTICO;DUAS RODAS;58,97;5897;OUT;2025;10/2025;
MS;2701050028;MS2701050028;AROMA NATURAL PARA VODKA ;AROMA;VODKA;DUAS RODAS;25,88;7764;OUT;2025;10/2025;
MS;2701050027;MS2701050027;AROMA UVA REFRIKO 84;AROMA;REFRIGERANTE;SAPORITI;28;2800;OUT;2025;10/2025;
MS;2701100002;MS2701100002;BENZOATO DE SODIO;ACID.E CONSERV.;REF/ENER/NOCH/TON;STAR;12,1;3630;OUT;2025;10/2025;
MS;2701240002;MS2701240002;CANTONEIRA DE PAPELAO 110x110x1580;CANTONEIRA;CANTONEIRA;SAO JOSE C.;1,62;11340;OUT;2025;10/2025;
MS;3002020007;MS3002020007;CARVÃO ATIVADO;TERRA;XAROPARIA;GUARAMEX;12,5;2500;OUT;2025;10/2025;
MS;2701090006;MS2701090006;CITRATO DE SODIO;ACID.E CONSERV.;ENERG/DELIRIO;TOTAL ING;8,28;4968;OUT;2025;10/2025;
MS;2701250001;MS2701250001;CLORETO DE CALCIO - IBC;CERVEJARIA;OUTROS;BELA VISTA;4,07;4070,0000000000005;OUT;2025;10/2025;
MS;2701060007;MS2701060007;CORANTE CARAMELO CLASE IV DPC;CORANTE;REFRIGERANTE;SAPORITI;7,5;4500;OUT;2025;10/2025;
MS;2701130006;MS2701130006;EXTRATO DE GUARANA 200% DUAS RODAS;AROMA;ENERG./DELÍR.;DUAS RODAS;49,93;4993;OUT;2025;10/2025;
MS;2701150001;MS2701150001;VASILHAME GINGUALA 970ML;VASILHAME;NORMAL;VIDROPORTO;1,57;198950,39999999999;OUT;2025;10/2025;
MS;2701150005;MS2701150005;VASILHAME SPIDER 900ML GIN/VODKA;VASILHAME;JAMES COOK;VIDRO PORTO;2,3;90675,199999999997;OUT;2025;10/2025;
MS;2701200002;MS2701200002;LUPULO LSKE;CERVEJARIA;LUPULO;LNF LATINO;1017,47;29506,63;OUT;2025;10/2025;
MS;2701050023;MS2701050023;PREP ACIDO COLA ;CONCENT./KITs;KIT COLA;SAPORITI;25;6250;OUT;2025;10/2025;
MS;2701130009;MS2701130009;SUCO CONCENTRADO DE MACA;SUCO;XAROPARIA;INTERSUCOS;12;3600;OUT;2025;10/2025;
MS;2701030035;MS2701030035;TAMPA METALICA PRETA LISA;TAMPA;VIDRO NAC;IND REUNIDAS;0,049;24500;OUT;2025;10/2025;
MS;3002020010;MS3002020010;TERRA CELITE DIATOMITA 2500/535;TERRA;CERVEJARIA;VENETO;8,8;36556,080000000002;OUT;2025;10/2025;
MS;3002020009;MS3002020009;TERRA CELITE DIATOMITA SPEEDFLOW/STANDARD (VERMELHO);TERRA;CERVEJARIA;VENETO;8,8;15781,04;OUT;2025;10/2025;
MS;3002020011;MS3002020011;TERRA DIATOMITA 341/HYFLOW (AZUL);TERRA;XAROPARIA;VENETO;8,8;2197,36;OUT;2025;10/2025;
MS;2701150003;MS2701150003;VASILHAME NOVO 330ML;VASILHAME;LONGNECK;VIDROPORTO;0,88;84022,399999999994;OUT;2025;10/2025;
MS;2701150004;MS2701150004;VASILHAME OW 600ML (BELLA ROMA);VASILHAME;NORMAL;VERALLIA;1,13;192212,99999999997;OUT;2025;10/2025;
SP;2801010063;SP2801010063;ROTULO BOPP AGUA C/ GAS HIDRATAR 500ML                   ;ROTULO;BOPP;TRIA;0,01056;31680;OUT;2025;10/2025;
MS;2701260003;MS2701260003;LACRE BARRIL MOEMA;LACRE;CHOPP;INDALFA;0,365;1825;SET;2025;09/2025;
PR;2701070006;PR2701070006;ACESSULFAME DE POTASSIO;EDULCORANTE;XAROPARIA;GERAL;28,53;4279,5;NOV;2025;11/2025;
PR;2701050001;PR2701050001;AROMA NATURAL MOUTHFEEL FASV259 ADM;AROMA;REFRIGERANTE;ADM;165,4;29772;NOV;2025;11/2025;
PR;2701070004;PR2701070004;CICLAMATO DE SÓDIO ;EDULCORANTE;XAROPARIA;PARKER;14,18;3545;NOV;2025;11/2025;
PR;2701050020;PR2701050020;EMULSÃO COLA E-0388 ADM (NOVO) (usar no 500 ml);EMULSAO;XAROPARIA;ADM;384,51;19225,5;NOV;2025;11/2025;
PR;2701050018;PR2701050018;EMULSAO LARANJA REFRIKO 98;EMULSAO;XAROPARIA;SAPORITI;32,8;19680;NOV;2025;11/2025;
PR;2701010156;PR2701010156;ROTULO BOPP REFRISHOW GUARANA 2 L;ROTULO;BOPP;MABFLEX;0,0355;14199,999999999998;NOV;2025;11/2025;
PR;2701010135;PR2701010135;ROTULO FRAMBOESA REDUZIDO 2L (exclusivo SJP);ROTULO;BOPP;MABFLEX;0,0355;7099,9999999999991;NOV;2025;11/2025;
PR;2701010132;PR2701010132;ROTULO REFRIKO COLA 2L;ROTULO;BOPP;MABFLEX;0,0355;7099,9999999999991;NOV;2025;11/2025;
PR;2701010161;PR2701010161;ROTULO TERNURA TUBAINA 2L;ROTULO;BOPP;MABFLEX;0,0355;7099,9999999999991;NOV;2025;11/2025;
PR;2701010163;PR2701010163;ROTULO TUBA JUJUBA 2L;ROTULO;BOPP;MABFLEX;0,0355;7099,9999999999991;NOV;2025;11/2025;
PR;2701010164;PR2701010164;ROTULO TUBAJUJUBA LARANJA S/SUCO 2L;ROTULO;BOPP;MABFLEX;0,0355;3549,9999999999995;NOV;2025;11/2025;
PR;2701010147;PR2701010147;ROTULO REFRIKO LIMÃO DQI1% 2L;ROTULO;BOPP;MABFLEX;0,0355;7099,9999999999991;NOV;2025;11/2025;
PR;2701070002;PR2701070002;SACARINA SÓDICA;EDULCORANTE;XAROPARIA;DAXIA;29,65;4447,5;NOV;2025;11/2025;
PR;2701070001;PR2701070001;SUCRALOSE;EDULCORANTE;XAROPARIA;WENDA;88;41800;NOV;2025;11/2025;
PR;2701030037;PR2701030037;TAMPA AMARELA LISA;TAMPA;PET;OXFORD;0,04445;228508,56000000003;NOV;2025;11/2025;
PR;2701030043;PR2701030043;TAMPA LARANJA REFRIKO;TAMPA;PET;OXFORD;0,04445;47045,880000000005;NOV;2025;11/2025;
PR;2701030044;PR2701030044;TAMPA LILAS LISA;TAMPA;PET;OXFORD;0,04445;33604,200000000004;NOV;2025;11/2025;
PR;2701030049;PR2701030049;TAMPA VERDE REFRIKO;TAMPA;PET;OXFORD;0,04445;141137,64000000001;NOV;2025;11/2025;
PR;2701030050;PR2701030050;TAMPA VERMELHA LISA;TAMPA;PET;OXFORD;0,04445;33604,200000000004;NOV;2025;11/2025;
PR;2801050003;PR2801050003;CONCENTRADO BEBIDAS ENERGETICA;AROMA;KIT ENERGÉTICO;ADM;2044,7664;533974,51253481896;NOV;2025;11/2025;
PR;2801120002;PR2801120002;PREMIX ENERG EMULVIT 8942;CONCENT./KITs;C.ENERGETICO;QUANTIQ;18,05;68590;NOV;2025;11/2025;
PR;2801010099;PR2801010099;ROTULO FURIOSO 250ML;ROTULO;SLEEVE;CCL;0,050377;75565,5;NOV;2025;11/2025;
PR;2801010100;PR2801010100;ROTULO FURIOSO 2L;ROTULO;SLEEVE;CCL;0,2062;72170;NOV;2025;11/2025;
PR;2801010093;PR2801010093;ROTULO FURIOSO AÇAI 250ML;ROTULO;SLEEVE;CCL;0,050377;10075,4;NOV;2025;11/2025;
PR;2801010094;PR2801010094;ROTULO FURIOSO CITRUS 250 ML;ROTULO;SLEEVE;CCL;0,050377;10075,4;NOV;2025;11/2025;
PR;2801010097;PR2801010097;ROTULO FURIOSO MELANCIA E MORANGO 250ML;ROTULO;SLEEVE;CCL;0,050377;7556,5499999999993;NOV;2025;11/2025;
PR;2801010098;PR2801010098;ROTULO FURIOSO MELANCIA E MORANGO 2L;ROTULO;SLEEVE;CCL;0,2062;20620;NOV;2025;11/2025;
PR;2801010095;PR2801010095;ROTULO FURIOSO MELAO 250ML;ROTULO;SLEEVE;CCL;0,050377;10075,4;NOV;2025;11/2025;
PR;2801010096;PR2801010096;ROTULO FURIOSO MELAO 2L;ROTULO;SLEEVE;CCL;0,2062;20620;NOV;2025;11/2025;
PR;2801010101;PR2801010101;ROTULO FURIOSO TROPICAL 250ML;ROTULO;SLEEVE;CCL;0,050377;10075,4;NOV;2025;11/2025;
PR;2801010102;PR2801010102;ROTULO FURIOSO TROPICAL 2L;ROTULO;SLEEVE;CCL;0,2062;30930;NOV;2025;11/2025;
PR;2801010072;PR2801010072;ROTULO GUARANA REDUZIDO 200 ML ;ROTULO;BOPP;TRIA;0,008;12000;NOV;2025;11/2025;
PR;2801010077;PR2801010077;ROTULO REFRIKO LIMÃO DQI1% 200 ML;ROTULO;BOPP;TRIA;0,008;12000;NOV;2025;11/2025;
MS;2701070006;MS2701070006;ACESSULFAME DE POTASSIO;EDULCORANTE;XAROPARIA;MCASSAB;28,53;1426,5;NOV;2025;11/2025;
MS;2701050001;MS2701050001;AROMA NATURAL MOUTHFEEL FASV259 ADM;AROMA;REFRIGERANTE;ADM;165,4;9924;NOV;2025;11/2025;
MS;2701070005;MS2701070005;ASPARTAME;EDULCORANTE;XAROPARIA;MCASSAB;61,26;6126;NOV;2025;11/2025;
MS;2701070004;MS2701070004;CICLAMATO DE SÓDIO ;EDULCORANTE;XAROPARIA;PARKER;14,18;1418;NOV;2025;11/2025;
MS;2701050040;MS2701050040;CONCENTRADO BEBIDAS ENERGETICA;AROMA;KIT ENERGÉTICO;ADM;2076,886;180787,43036211701;NOV;2025;11/2025;
MS;2701010052;MS2701010052;CONTRA ROTULO BAMBOA 330ML (ARTE NOVA);ROTULO;ADESIVO;EASY LABEL;0,05611;11222;NOV;2025;11/2025;
MS;2701050020;MS2701050020;EMULSÃO COLA E-0388 ADM (NOVO);EMULSAO;XAROPARIA;ADM;384,51;19225,5;NOV;2025;11/2025;
MS;2701050018;MS2701050018;EMULSAO LARANJA REFRIKO 98;EMULSAO;XAROPARIA;SAPORITI;32,8;9840;NOV;2025;11/2025;
MS;2701120001;MS2701120001;PREMIX ENERG EMULVIT 8942;CONCENT./KITs;C.ENERGETICO;CALDIC;18,05;21660;NOV;2025;11/2025;
MS;2701010052;MS2701010052;CONTRA ROTULO BAMBOA 330ML (ARTE NOVA);ROTULO;ADESIVO;EASY LABEL;0,05611;11222;NOV;2025;11/2025;
MS;2701010119;MS2701010119;ROTULO BAMBOA TRADICIONAL VODKA;ROTULO;ADESIVO;GRAFIMAX;0,077;11550;NOV;2025;11/2025;
MS;2701010191;MS2701010191;ROTULO FURIOSO 2L;ROTULO;SLEEVE;CCL;0,2062;20620;NOV;2025;11/2025;
MS;2701010187;MS2701010187;ROTULO FURIOSO MELANCIA E MORANGO 2L;ROTULO;SLEEVE;CCL;0,2062;10310;NOV;2025;11/2025;
MS;2701010193;MS2701010193;ROTULO FURIOSO TROPICAL 2L;ROTULO;SLEEVE;CCL;0,2062;10310;NOV;2025;11/2025;
MS;2701010138;MS2701010138;ROTULO GUARANA 2L;ROTULO;BOPP;MABFLEX;0,0355;7099,9999999999991;NOV;2025;11/2025;
MS;2701010161;MS2701010161;ROTULO TERNURA TUBAINA 2L;ROTULO;BOPP;MABFLEX;0,0355;7099,9999999999991;NOV;2025;11/2025;
MS;2701070002;MS2701070002;SACARINA SÓDICA;EDULCORANTE;XAROPARIA;MCASSAB;29,65;1482,5;NOV;2025;11/2025;
MS;2701040011;MS2701040011;SHRINK MOEMA 350ML - 390X60X3;FILME;MOEMA;PATENA;31,51;315100;NOV;2025;11/2025;
MS;2701040010;MS2701040010;SHRINK MOEMA 473ML - 400X0,06;FILME;MOEMA;PATENA;14,5;29000;NOV;2025;11/2025;
MS;2701030037;MS2701030037;TAMPA AMARELA LISA;TAMPA;PET;OXFORD;0,049;59270,400000000001;NOV;2025;11/2025;
MS;2701030043;MS2701030043;TAMPA LARANJA REFRIKO;TAMPA;PET;OXFORD;0,049;14817,6;NOV;2025;11/2025;
MS;2701030049;MS2701030049;TAMPA VERDE REFRIKO;TAMPA;PET;OXFORD;0,049;22226,400000000001;NOV;2025;11/2025;
MS;2701030050;MS2701030050;TAMPA VERMELHA LISA;TAMPA;PET;OXFORD;0,049;7408,8;NOV;2025;11/2025;
SP;2801030014;SP2801030014;TAMPA PLASTICA AZUL OMNI                             ;TAMPA;PET;OPS;0,043333;26207,798400000003;NOV;2025;11/2025;
SP;2801030017;SP2801030017;TAMPA PLASTICA PRETA OMNI 120 COM VEDANTE;TAMPA;PET;OPS;0,043333;65519,496000000006;NOV;2025;11/2025;
PR;2701020055;PR2701020055;PREFORMA 18G CRISTAL;PREFORMA;FURIOSO 250ML;ENGEPACK;0,25664;695022,18239999993;OUT;2025;10/2025;
PR;2701020058;PR2701020058;PREFORMA 39,7G CRISTAL;PREFORMA;TERNURA LARANJA;ENGEPACK;0,445;22499,200000000001;OUT;2025;10/2025;
PR;2701020059;PR2701020059;PREFORMA 41G CRISTAL;PREFORMA;REFRIKO 2L;ENGEPACK;0,5212;178725,73439999999;OUT;2025;10/2025;
PR;2701020101;PR2701020101;PREFORMA 39,7G VERDE;PREFORMA;REFRISHOW;ENGEPACK;0,445;208815,36000000002;OUT;2025;10/2025;
PR;2701020101;PR2701020101;PREFORMA 39,7G VERDE;PREFORMA;REFRISHOW;ENGEPACK;0,445;115173,12;OUT;2025;10/2025;
PR;2701020102;PR2701020102;PREFORMA 41G VERDE;PREFORMA;REFRIKO 2L;ENGEPACK;0,5212;413891,17440000002;OUT;2025;10/2025;
PR;2701020075;PR2701020075;PREFORMA PET 46,7GR CRISTAL ;PREFORMA;FURIOSO 2L;ENGEPACK;0,687488;487533,49017599999;OUT;2025;10/2025;
PR;2801020035;PR2801020035;PREFORMA PET 200 ML CRISTAL 12 g;PREFORMA;REFRIKO 200ML;ENGEPACK;0,197948;283600,89139200002;OUT;2025;10/2025;
PR;2801020053;PR2801020053;PREFORMA PET 200 ML VERDE 12 g;PREFORMA;REFRIKO 200ML;ENGEPACK;0,197948;365408,84083200002;OUT;2025;10/2025;
MS;2701020115;MS2701020115;PREFORMA 18 A 20G VERDE 500 ML - DESCONTINUAR;PREFORMA;REFRIKO 500ML;GERAL;0,204;0;OUT;2025;10/2025;
MS;2701020059;MS2701020059;PREFORMA 41 G CRISTAL;PREFORMA;REFRIKO 2L;ENVASES;0,5553;41740,790399999998;OUT;2025;10/2025;
MS;2701020102;MS2701020102;PREFORMA 41 G VERDE;PREFORMA;REFRIKO 2L;ENVASES;0,4013;124011,3312;OUT;2025;10/2025;
MS;2701020109;MS2701020109;PREFORMA 54,4GR VERDE SHORT;PREFORMA;REFRIKO 3L;BRASPET;0,55922;11367,82416;OUT;2025;10/2025;
MS;2701020046;MS2701020046;PREFORMA 31,7G CRISTAL;PREFORMA;FURIOSO 1L;BRASPET;0,41577;9399,7281599999988;OUT;2025;10/2025;
MS;2701020075;MS2701020075;PREFORMA PET 46,7GR CRISTAL;PREFORMA;FURIOSO 2L;BRASPET;0,594;96427,584000000003;OUT;2025;10/2025;
SP;2801020042;SP2801020042;PREFORMA 15G CRISTAL;PREFORMA;PET 500 PA;ENGEPACK;0,22133;43663,982400000001;OUT;2025;10/2025;
SP;2801020041;SP2801020041;PREFORMA 18G CRISTAL 500 ML;PREFORMA;PET 500 PA;ENGEPACK;0,25664;303779,63519999996;OUT;2025;10/2025;
PR;2701040004;PR2701040004;FILME TERMO ENCOLHIVEL 600 MM X 0,04 ;FILME;REFRI;EPA;14,1;42300;DEZ;2025;12/2025;
PR;2701040005;PR2701040005;FILME TERMO ENCOLHIVEL 660 MM X 0,04;FILME;ENERGÉTICO;PACKSEVEN;23,5;70500;JAN;2026;01/2026;
PR;2701040006;PR2701040006;FILME TERMO ENCOLHIVEL 860/5 MM;FILME;JUJ/TERN;GERAL;23,575;70725;DEZ;2025;12/2025;
PR;2701040007;PR2701040007;FILME TERMO ENCOLHIVEL 860/0,06 MM;FILME;REFR/ENERG.;EPA;23,575;212175;DEZ;2025;12/2025;
MS;2701240004;MS2701240004;CHAPA SEM IMPRESSAO 1000X1200 (NOVA);SEPARADOR DE CAMADAS;CHAPA;CPEL;1,25;102500;DEZ;2025;12/2025;
MS;2701040009;MS2701040009;FILME STRETCH POLIETILENO 500X0023;FILME;STRETCH;EPA;22,85;68550;DEZ;2025;12/2025;
MS;2701040001;MS2701040001;FILME TERMO ENCOLHIVEL 420 X 0,05;FILME;JUJ/TERN;PATENA;21;63000;DEZ;2025;12/2025;
MS;2701040003;MS2701040003;FILME TERMO ENCOLHÍVEL DE 560X006;FILME;DIVERSOS;PACKSEVEN;23,5;70500;DEZ;2025;12/2025;
MS;2701040015;MS2701040015;SHRINK LISO - 380X0,06 ;FILME;VIDRO;EPA;21;63000;DEZ;2025;12/2025;
SP;2801040018;SP2801040018;FILME TERMOENCOLHIVEL LISO 390X0,05MM                    ;FILME;ÁGUA 500;PATENA;23,575;70725;DEZ;2025;12/2025;
PA;11070046;PA11070046;PREFORMA 18 ou 20,6G CRISTAL;PREFORMA;PET 500 PA;ENVASES;0,236;23279,039999999997;OUT;2025;10/2025;
PA;11070012;PA11070012;PREFORMA 46,0G CRISTAL OU 45,7 G;PREFORMA;PET 2L PA;AMCOR;0,49;99348,479999999996;OUT;2025;10/2025;
PA;11070013;PA11070013;PREFORMA 46,0G VERDE OU 45,7 G;PREFORMA;PET 2L PA;AMCOR;0,49;16558,079999999998;OUT;2025;10/2025;
PA;11070032;PA11070032;PREFORMA 48GR CRISTAL OU 50,7 G;PREFORMA;PET 2,5L PA;AMCOR;0,498;356966,40000000002;OUT;2025;10/2025;
PA;11070033;PA11070033;PREFORMA 48GR VERDE OU 50,7 G;PREFORMA;PET 2,5L PA;AMCOR;0,498;111552;OUT;2025;10/2025;
PA;11070041;PA11070041;PREFORMA PET 200 ML CRISTAL 12 G;PREFORMA;PET 200 PA;ENVASES;0,159;40926,6;OUT;2025;10/2025;
PA;11070048;PA11070048;PREFORMA PET 200 ML VERDE 12 G;PREFORMA;PET 200 PA;ENVASES;0,159;26044,2;OUT;2025;10/2025;
PA;10010001;PA10010001;ACUCAR CRISTAL;AÇUCAR;XAROPARIA;CERTANO;2,27792;455584;OUT;2025;10/2025;
PA;10090017;PA10090017;EMULSAO LARANJA REFRIKO 98;EMULSAO;XAROPARIA;SAPORITI;36;21600;OUT;2025;10/2025;
PA;10020009;PA10020009;AROMA UVA REFRIKO 84;AROMA;REFRIGERANTE;SAPORITI;23,5;14100;OUT;2025;10/2025;
PA;10100012;PA10100012;BENZOATO DE SODIO;ACID.E CONSERV.;REF/ENER/NOCH/TON;STAR;10,352;10352;OUT;2025;10/2025;
PA;10100006;PA10100006;CITRATO DE SODIO;ACID.E CONSERV.;ENERG/DELIRIO;TOTAL ING;10,37;5185;OUT;2025;10/2025;
PA;10090291;PA10090291;EXTRATO DE GUARANA 200% DUAS RODAS;AROMA;REFRIGERANTE;DUAS RODAS;47,87;7180,5;OUT;2025;10/2025;
PA;10100002;PA10100002;SORBATO DE POTASSIO 25KG;ACID.E CONSERV.;REF/ENER/ROM/DEL;OXYGEN;18,55;9275;OUT;2025;10/2025;
PA;12084720;PA12084720;TERRA DIATOMITA GROSSA DICALITE 341 MC;TERRA;XAROPARIA;VENETO;8,27;14637,9;OUT;2025;10/2025;
PA;10100003;PA10100003;ACIDO CITRICO;ACID.E CONSERV.;REF/ENER/ROM/DEL;BORAQUIMICA;10,1;121200;NOV;2025;11/2025;
PA;10020012;PA10020012;AROMA DE GUARANA 31835 ADM;AROMA;REFRIGERANTE;ADM;120,2;42070;NOV;2025;11/2025;
PA;10090017;PA10090017;EMULSAO LARANJA REFRIKO 98;EMULSAO;XAROPARIA;SAPORITI;36;25200;NOV;2025;11/2025;
PA;10020011;PA10020011;AROMA NATURAL MOUTHFEEL FASV259 ADM;AROMA;REFRIGERANTE;ADM;157,52;15752,000000000002;NOV;2025;11/2025;
PA;10020009;PA10020009;AROMA UVA REFRIKO 84;AROMA;REFRIGERANTE;SAPORITI;23,5;14100;NOV;2025;11/2025;
PA;10090295;PA10090295;CONCENTRADO COLA IAB 7729 (NOVO);CONCENT./KITs;KIT COLA;INTERAMERICA;22,39;55975;NOV;2025;11/2025;
PA;10090292;PA10090292;CORANTE AMARANTO;CORANTE;REFRIGERANTE;SAPORITI;67,99;3399,4999999999995;NOV;2025;11/2025;
PA;10090056;PA10090056;CORANTE AMARELO SUNSET;CORANTE;XAROPARIA;SAPORITI;41,84;627,6;NOV;2025;11/2025;
PA;10090294;PA10090294;CORANTE CARAMELO CLASE IV DPC;CORANTE;REFRIGERANTE;SAPORITI;4,8;2400;NOV;2025;11/2025;
PA;10090291;PA10090291;EXTRATO DE GUARANA 200% DUAS RODAS;AROMA;REFRIGERANTE;DUAS RODAS;47,87;9574;NOV;2025;11/2025;
PA;10090290;PA10090290;PREMIX ENERG EMULVIT 8942 ADM;CONCENT./KITs;C.ENERGETICO;QUANTIQ;26,8;5360;NOV;2025;11/2025;
PA;11080235;PA11080235;ROTULO FURIOSO MELANCIA E MORANGO 250ML;ROTULO;SLEEVE-PA;CCL;0,06581;6581,0000000000009;NOV;2025;11/2025;
PA;11080239;PA11080239;ROTULO FURIOSO TROPICAL 250ML;ROTULO;SLEEVE-PA;CCL;0,06581;6581,0000000000009;NOV;2025;11/2025;
PA;11080241;PA11080241;RÓTULO MICOS COLA 2,5L;ROTULO;BOPP-PA;ELLOFLEX;0,03395;13580;NOV;2025;11/2025;
PA;11080244;PA11080244;ROTULO MICOS COLA 500ML;ROTULO;BOPP-PA;ELLOFLEX;0,03373;10119,000000000002;NOV;2025;11/2025;
PA;11080245;PA11080245;RÓTULO MICOS GUARANA 2,5L;ROTULO;BOPP-PA;ELLOFLEX;0,03395;13580;NOV;2025;11/2025;
PA;11080246;PA11080246;RÓTULO MICOS GUARANÁ 200ML;ROTULO;BOPP-PA;ELLOFLEX;0,0059;2360;NOV;2025;11/2025;
PA;11080249;PA11080249;RÓTULO MICOS LARANJA 2,5L;ROTULO;BOPP-PA;ELLOFLEX;0,03395;13580;NOV;2025;11/2025;
PA;11080250;PA11080250;RÓTULO MICOS LARANJA 200ML;ROTULO;BOPP-PA;ELLOFLEX;0,0059;2950;NOV;2025;11/2025;
PA;11080253;PA11080253;RÓTULO MICOS UVA 2,5L;ROTULO;BOPP-PA;ELLOFLEX;0,03395;13580;NOV;2025;11/2025;
MS;2701170003;MS2701170003;VINHO DE MESA TINTO SECO GRANEL;VINHO;TANQUE;BEBIDAS GAZZI;4,2;176400;SET;2025;09/2025;
MS;2701170003;MS2701170003;VINHO DE MESA TINTO SECO GRANEL;VINHO;TANQUE;BEBIDAS GAZZI;4,2;176400;SET;2025;09/2025;
MS;2701170003;MS2701170003;VINHO DE MESA TINTO SECO GRANEL;VINHO;TANQUE;BEBIDAS GAZZI;4,2;176400;OUT;2025;10/2025;
MS;2701170003;MS2701170003;VINHO DE MESA TINTO SECO GRANEL;VINHO;TANQUE;BEBIDAS GAZZI;4,2;176400;OUT;2025;10/2025;
MS;2701170003;MS2701170003;VINHO DE MESA TINTO SECO GRANEL;VINHO;TANQUE;BEBIDAS GAZZI;4,2;176400;OUT;2025;10/2025;
MS;2701170003;MS2701170003;VINHO DE MESA TINTO SECO GRANEL;VINHO;TANQUE; GAZZI;4,2;176400;NOV;2025;11/2025;
MS;2701170003;MS2701170003;VINHO DE MESA TINTO SECO GRANEL;VINHO;TANQUE; GAZZI;4,2;176400;NOV;2025;11/2025;
PA;11080233;PA11080233;ROTULO FURIOSO 2L;ROTULO;SLEEVE-PA;CCL;0,28732;28732,000000000004;NOV;2025;11/2025;
PA;11080237;PA11080237;ROTULO FURIOSO MELAO 250ML;ROTULO;SLEEVE-PA;CCL;0,06581;6581,0000000000009;NOV;2025;11/2025;
PA;11080236;PA11080236;ROTULO FURIOSO MELANCIA E MORANGO 2L;ROTULO;SLEEVE-PA;CCL;0,28732;14366,000000000002;NOV;2025;11/2025;
PA;11080238;PA11080238;ROTULO FURIOSO MELAO 2L;ROTULO;SLEEVE-PA;CCL;0,28732;14366,000000000002;NOV;2025;11/2025;
PA;11080240;PA11080240;ROTULO FURIOSO TROPICAL 2L;ROTULO;SLEEVE-PA;ALL4LABELL;0,28732;14366,000000000002;NOV;2025;11/2025;
MS;2701140029;MS2701140029;TAMPA - LATA 350/269/473ML - B64;TAMPA;LATA;CROWN;0,24;2587852,7999999998;DEZ;2025;12/2025;
MS;2701190004;MS2701190004;XAROPE DE HIGH MALTOSE 25KG (BREWGILL);CERVEJARIA;OUTROS;TEREOS;2,78;338353,8;SET;2025;09/2025;
MS;2701190004;MS2701190004;XAROPE DE HIGH MALTOSE 25KG (BREWGILL);CERVEJARIA;OUTROS;TEREOS;2,78;497091,8;OUT;2025;10/2025;
MS;2701190001;MS2701190001;MALTE PILSEN BAG 1000 - BARLEY;CERVEJARIA;MALTE;AGRARIA;3,29;791968,8;OUT;2025;10/2025;
MS;2701080001;MS2701080001;ACUCAR CRISTAL;AÇUCAR;XAROPARIA;RAIZEN;1,84;344448;OUT;2025;10/2025;
PR;2701080001;PR2701080001;ACUCAR CRISTAL;AÇUCAR;XAROPARIA;RAIZEN;1,84;485760;OUT;2025;10/2025;
PR;2801010103;PR2801010103;ROTULO FURIOSO UVA VERDE 250ML;ROTULO;SLEEVE;CCL;0,050377;25188,5;OUT;2025;10/2025;
PR;2801010103;PR2801010103;ROTULO FURIOSO UVA VERDE 250ML;ROTULO;SLEEVE;GERAL;0,050377;10075,4;NOV;2025;11/2025;
MS;2701150006;MS2701150006;VASILHAME AMBAR 300ML - LITRINHO;VASILHAME;NORMAL;VIDROPORTO;0,74;75213,600000000006;OUT;2025;10/2025;
SP;2801180001;SP2801180001;COPO AGUA HIDRATAR 200ML;COPO;AGUA 200;POLIGYN;0,1529;76450;NOV;2025;11/2025;
SP;2801260002;SP2801260002;LACRE AGUA HIDRATAR 200ML;LACRE;AGUA 200;OKRA;0,0364;18200;NOV;2025;11/2025;
SP;2801040018;SP2801040018;FILME TERMOENCOLHIVEL LISO 390X0,05MM                    ;FILME;ÁGUA 500;PACKSEVEN;23,575;47150;OUT;2025;10/2025;
PA;10010001;PA10010001;ACUCAR CRISTAL;AÇUCAR;XAROPARIA;CERTANO;2,27792;569480;NOV;2025;11/2025;
PA;10090100;PA10090100;ASPARTAME;EDULCORANTE;XAROPARIA;MCASSAB;70,39;8446,7999999999993;NOV;2025;11/2025;
PA;10100024;PA10100024;CICLAMATO DE SÓDIO ;EDULCORANTE;XAROPARIA;PARKER;19,87;5961;NOV;2025;11/2025;
PA;10090293;PA10090293;SUCO CONCENTRADO DE MACA;SUCO;XAROPARIA;INTER SUCOS;11,5;18400;NOV;2025;11/2025;
PA;10090090;PA10090090;SUCO CONCENTRADO LARANJA;SUCO;XAROPARIA;INTER SUCOS;10,5;3675;NOV;2025;11/2025;
PA;10090094;PA10090094;SUCO CONCENTRADO UVA;SUCO;XAROPARIA;INTERSUCOS;10,5;2625;NOV;2025;11/2025;
PA;11090001;PA11090001;TAMPA LARANJA REFRIKO;TAMPA;PET;RAVIBRAS;0,04667;21169,512000000002;NOV;2025;11/2025;
PA;11090034;PA11090034;TAMPA LILAS LISA;TAMPA;PET;RAVIBRAS;0,04667;14113,008000000002;NOV;2025;11/2025;
PA;11090031;PA11090031;TAMPA VERMELHA LISA;TAMPA;PET;RAVIBRAS;0,04667;49395,528000000006;NOV;2025;11/2025;
PA;10090273;PA10090273;ACESSULFAME DE POTASSIO;EDULCORANTE;XAROPARIA;BUSCHLE;34,9;3490;DEZ;2025;12/2025;
PA;10020012;PA10020012;AROMA DE GUARANA 31835 ADM;AROMA;REFRIGERANTE;ADM;120,2;42070;DEZ;2025;12/2025;
PA;10020001;PA10020001;AROMA DE LARANJA IDENTICO AO NATURAL;AROMA;REFRIGERANTE;DUAS RODAS;77,66;1786,1799999999998;DEZ;2025;12/2025;
PA;10090017;PA10090017;EMULSAO LARANJA REFRIKO 98;EMULSAO;XAROPARIA;SAPORITI;36;23400;DEZ;2025;12/2025;
PA;10020011;PA10020011;AROMA NATURAL MOUTHFEEL FASV259 ADM;AROMA;REFRIGERANTE;ADM;157,52;15752,000000000002;DEZ;2025;12/2025;
PA;10020009;PA10020009;AROMA UVA REFRIKO 84;AROMA;REFRIGERANTE;SAPORITI;23,5;14100;DEZ;2025;12/2025;
PA;10090100;PA10090100;ASPARTAME;EDULCORANTE;XAROPARIA;BUSCHLE;70,39;8446,7999999999993;DEZ;2025;12/2025;
PA;10100012;PA10100012;BENZOATO DE SODIO;ACID.E CONSERV.;REF/ENER/NOCH/TON;DAXIA;10,352;10352;DEZ;2025;12/2025;
PA;10100024;PA10100024;CICLAMATO DE SÓDIO ;EDULCORANTE;XAROPARIA;PARKER;19,87;5961;DEZ;2025;12/2025;
PA;10090274;PA10090274;CONCENTRADO BEBIDAS ENERGETICA;AROMA;KIT ENERGÉTICO;WILD;164,7247563;98834,853760445709;DEZ;2025;12/2025;
PA;10090295;PA10090295;CONCENTRADO COLA IAB 7729 (NOVO);CONCENT./KITs;KIT COLA;INTERAMERICA;22,39;55975;DEZ;2025;12/2025;
PA;10090291;PA10090291;EXTRATO DE GUARANA 200% DUAS RODAS;AROMA;REFRIGERANTE;DUAS RODAS;47,87;7180,5;DEZ;2025;12/2025;
PA;12030001;PA12030001;FILME STRETCH POLIETILENO 500X0023;FILME;STRETCH;EPA;9,8;33320;DEZ;2025;12/2025;
PA;11040794;PA11040794;FILME TERMO - 390X0,05;FILME;REFRI;PRISMAPACK;10,35;20700;DEZ;2025;12/2025;
PA;11040793;PA11040793;FILME TERMO - 480X0,06;FILME;REFRI;EPA;10,35;93150;DEZ;2025;12/2025;
PA;10090290;PA10090290;PREMIX ENERG EMULVIT 8942 ADM;CONCENT./KITs;C.ENERGETICO;QUANTIQ;26,8;5360;DEZ;2025;12/2025;
PA;11080241;PA11080241;RÓTULO MICOS COLA 2,5L;ROTULO;BOPP-PA;ELLOFLEX;0,03395;10185;DEZ;2025;12/2025;
PA;11080247;PA11080247;ROTULO MICOS GUARANA 2L;ROTULO;BOPP-PA;ELLOFLEX;0,04163;12489;DEZ;2025;12/2025;
PA;11080248;PA11080248;ROTULO MICOS GUARANA 500ML;ROTULO;BOPP-PA;ELLOFLEX;0,03373;10119,000000000002;DEZ;2025;12/2025;
PA;11080254;PA11080254;RÓTULO MICOS UVA 200ML;ROTULO;BOPP-PA;ELLOFLEX;0,0059;2950;DEZ;2025;12/2025;
PA;11080256;PA11080256;ROTULO MICOS UVA 500ML;ROTULO;BOPP-PA;ELLOFLEX;0,03373;6746,0000000000009;DEZ;2025;12/2025;
PA;11080266;PA11080266;ROTULO TUCA UVA 200ML;ROTULO;BOPP-PA;ELLOFLEX;0,0059;1180;JAN;2026;01/2026;
PA;10090293;PA10090293;SUCO CONCENTRADO DE MACA;SUCO;XAROPARIA;INTERSUCOS;11,5;17250;DEZ;2025;12/2025;
PA;10090090;PA10090090;SUCO CONCENTRADO LARANJA;SUCO;XAROPARIA;INTERSUCOS;10,5;3150;DEZ;2025;12/2025;
PA;10090094;PA10090094;SUCO CONCENTRADO UVA;SUCO;XAROPARIA;INTERSUCOS;10,5;2625;DEZ;2025;12/2025;
PA;10090071;PA10090071;SUCRALOSE;EDULCORANTE;XAROPARIA;PARKER;114,06;22812;DEZ;2025;12/2025;
PA;11070046;PA11070046;PREFORMA 18 ou 20,6G CRISTAL;PREFORMA;PET 500 PA;GERAL;0,236;4655,808;NOV;2025;11/2025;
PA;11070047;PA11070047;PREFORMA 18 ou 20,6G VERDE;PREFORMA;PET 500 PA;GERAL;0,236;23279,039999999997;NOV;2025;11/2025;
PA;11070012;PA11070012;PREFORMA 46,0G CRISTAL OU 45,7 G;PREFORMA;PET 2L PA;AMCOR;0,49;45534,720000000001;NOV;2025;11/2025;
PA;11070013;PA11070013;PREFORMA 46,0G VERDE OU 45,7 G;PREFORMA;PET 2L PA;AMCOR;0,49;41395,199999999997;NOV;2025;11/2025;
PA;11070032;PA11070032;PREFORMA 48GR CRISTAL OU 50,7 G;PREFORMA;PET 2,5L PA;AMCOR;0,498;272186,88;NOV;2025;11/2025;
PA;11070033;PA11070033;PREFORMA 48GR VERDE OU 50,7 G;PREFORMA;PET 2,5L PA;AMCOR;0,498;89241,600000000006;NOV;2025;11/2025;
PR;2801020035;PR2801020035;PREFORMA PET 200 ML CRISTAL 12 g;PREFORMA;REFRIKO 200ML;ENGEPACK;0,197948;141800,44569600001;NOV;2025;11/2025;
PR;2801020035;PR2801020035;PREFORMA PET 200 ML CRISTAL 12 g;PREFORMA;REFRIKO 200ML;ENGEPACK;0,197948;65446,359552000002;NOV;2025;11/2025;
PR;2801020053;PR2801020053;PREFORMA PET 200 ML VERDE 12 g;PREFORMA;REFRIKO 200ML;ENGEPACK;0,197948;463578,38016000006;NOV;2025;11/2025;
PR;2801020053;PR2801020053;PREFORMA PET 200 ML VERDE 12 g;PREFORMA;REFRIKO 200ML;ENGEPACK;0,197948;218154,53184000001;NOV;2025;11/2025;
PR;2701020055;PR2701020055;PREFORMA 18G CRISTAL;PREFORMA;FURIOSO 250ML;ENGEPACK;0,25664;593452,28287999996;NOV;2025;11/2025;
PR;2701020055;PR2701020055;PREFORMA 18G CRISTAL;PREFORMA;FURIOSO 250ML;ENGEPACK;0,25664;160389,73439999999;NOV;2025;11/2025;
PR;2701020058;PR2701020058;PREFORMA 39,7G CRISTAL;PREFORMA;TERNURA LARANJA;ENGEPACK;0,445;35998,720000000001;NOV;2025;11/2025;
PR;2701020059;PR2701020059;PREFORMA 41G CRISTAL;PREFORMA;REFRIKO 2L;ENGEPACK;0,5212;174022,42559999999;NOV;2025;11/2025;
PR;2701020101;PR2701020101;PREFORMA 39,7G VERDE;PREFORMA;REFRISHOW;ENGEPACK;0,445;229491,84;NOV;2025;11/2025;
PR;2701020102;PR2701020102;PREFORMA 41G VERDE;PREFORMA;REFRIKO 2L;ENGEPACK;0,5212;319824,99839999998;NOV;2025;11/2025;
PR;2701020075;PR2701020075;PREFORMA PET 46,7GR CRISTAL ;PREFORMA;FURIOSO 2L;ENGEPACK;0,687488;610885,33708800003;NOV;2025;11/2025;
MS;2701020090;MS2701020090;PREFORMA 18G CRISTAL 500 ML - DESCONTINUAR;PREFORMA;REFRIKO 500ML;GERAL;0,25664;0;NOV;2025;11/2025;
MS;2701020115;MS2701020115;PREFORMA 18 A 20G VERDE 500 ML - DESCONTINUAR;PREFORMA;REFRIKO 500ML;GERAL;0,204;0;NOV;2025;11/2025;
MS;2701020059;MS2701020059;PREFORMA 41 G CRISTAL;PREFORMA;REFRIKO 2L;CRISTALPET;0,5553;115946,64;NOV;2025;11/2025;
MS;2701020102;MS2701020102;PREFORMA 41 G VERDE;PREFORMA;REFRIKO 2L;CRISTALPET;0,4013;231264,3744;NOV;2025;11/2025;
MS;2701020050;MS2701020050;PREFORMA 48G CRISTAL (COMPRAR 50 G);PREFORMA;PET 2,5L PA;BRASPET;0,644;20785,743999999999;NOV;2025;11/2025;
MS;2701020109;MS2701020109;PREFORMA 54,4GR VERDE SHORT;PREFORMA;REFRIKO 3L;BRASPET;0,55922;15157,098880000001;NOV;2025;11/2025;
MS;2701020075;MS2701020075;PREFORMA PET 46,7GR CRISTAL;PREFORMA;FURIOSO 2L;BRASPET;0,594;102015,936;NOV;2025;11/2025;
SP;2801020042;SP2801020042;PREFORMA 15G CRISTAL;PREFORMA;PET 500 PA;CRISTALPET;0,22133;141679,53023999999;NOV;2025;11/2025;
SP;2801020042;SP2801020042;PREFORMA 15G CRISTAL;PREFORMA;PET 500 PA;ENGEPACK;0,22133;102838,7712;NOV;2025;11/2025;
SP;2801020041;SP2801020041;PREFORMA 18G CRISTAL 500 ML;PREFORMA;PET 500 PA;CRISTALPET;0,25664;264027,12575999997;NOV;2025;11/2025;
SP;2801020032;SP2801020032;PREFORMA 31,7G CRISTAL;PREFORMA;ÁGUA 1,5L;ENVASES;0,41577;29965,37544;NOV;2025;11/2025;
PR;2801090003;PR2801090003;ACIDO TARTARICO;ACID.E CONSERV.;NOCH/TON/BEL;MCASSAB;35,5;2662,5;NOV;2025;11/2025;
PR;2801050006;PR2801050006;AROMA FRUTAS TROPICAIS;AROMA;ENERGÉTICO;MONARCH;149,57;35896,799999999996;NOV;2025;11/2025;
PR;2801050027;PR2801050027;AROMA IDENTICO AO NATURAL DE PESSEGO;AROMA;NOCH DEMAIS;SAPORITI;58;5800;NOV;2025;11/2025;
PR;2801050019;PR2801050019;AROMA IDENTICO AO NATURAL MARACUJA;AROMA;NOCH DEMAIS;DUAS RODAS;54,21;2710,5;NOV;2025;11/2025;
PR;2801050021;PR2801050021;AROMA IDENTICO AO NATURAL MELANCIA;AROMA;ENERGÉTICO;DUAS RODAS;37,17;18585;NOV;2025;11/2025;
PR;2801050025;PR2801050025;AROMA IDENTICO AO NATURAL MORANGO;AROMA;ENERGÉTICO;DUAS RODAS;75,88;22764;NOV;2025;11/2025;
PR;2801050023;PR2801050023;AROMA MELAO;AROMA;ENERGÉTICO;DUAS RODAS;58,97;12029,88;NOV;2025;11/2025;
PR;2801090005;PR2801090005;CITRATO DE SODIO;ACID.E CONSERV.;ENERG/DELIRIO;TOTAL ING;8,28;11592;NOV;2025;11/2025;
PR;2801050039;PR2801050039;AROMA ID. AO NATURAL DE UVA VERDE SAPORITI;AROMA;ENERGÉTICO;SAPORITI;108;7776;NOV;2025;11/2025;
PR;2701090002;PR2701090002;ACIDO CITRICO;ACID.E CONSERV.;REF/ENER/ROM/DEL;KONKRETA;8,95;123062,49999999999;NOV;2025;11/2025;
PR;2701050037;PR2701050037;AROMA IDENTICO AO NATURAL FRAMBOESA 77587 SAPORITI;AROMA;REFRIGERANTE;SAPORITI;62;6200;NOV;2025;11/2025;
PR;2701130007;PR2701130007;AROMA EXTRATO GUARANA REFRIKO 28;AROMA;REFRIGERANTE;SAPORITI;32,8;36244;NOV;2025;11/2025;
PR;2701050011;PR2701050011;AROMA LIMAO REFRIKO 41;AROMA;REFRIGERANTE;SAPORITI;48;12672;NOV;2025;11/2025;
PR;2701050027;PR2701050027;AROMA UVA REFRIKO 84;AROMA;REFRIGERANTE;SAPORITI;28;11284;NOV;2025;11/2025;
PR;2701100002;PR2701100002;BENZOATO DE SODIO;ACID.E CONSERV.;REF/ENER/NOCH/TON;DAXIA;12,1;30250;NOV;2025;11/2025;
PR;2701050022;PR2701050022;CONCENTRADO DE GUARANA IAB 7205;AROMA;REFRIGERANTE;INTERAMERICAS;27,17;32604,000000000004;NOV;2025;11/2025;
PR;2701050035;PR2701050035;AROMA ARTIFICIAL GUARANA IFB (PED. KOMPLETO);AROMA;REFRIGERANTE;OTC;22,75;22750;NOV;2025;11/2025;
PR;2701060010;PR2701060010;CORANTE AMARANTO;CORANTE;REFRIGERANTE;SAPORITI;85,5;2565;NOV;2025;11/2025;
PR;2701060009;PR2701060009;CORANTE AMARELO SUNSET;CORANTE;XAROPARIA;SAPORITI;45,62;684,3;NOV;2025;11/2025;
PR;2701060008;PR2701060008;CORANTE AZUL BRILHANTE;CORANTE;ENERGÉTICO;SAPORITI;116;580;NOV;2025;11/2025;
PR;2701060007;PR2701060007;CORANTE CARAMELO CLASE IV DPC;CORANTE;REFRIGERANTE;SAPORITI;7,5;6000;NOV;2025;11/2025;
PR;2701130006;PR2701130006;EXTRATO DE GUARANA 200% DUAS RODAS;AROMA;ENERG./DELÍR.;DUAS RODAS;49,93;14429,77;NOV;2025;11/2025;
PR;2701050023;PR2701050023;PREP ACIDO COLA ;CONCENT./KITs;KIT COLA;SAPORITI;25;5500;NOV;2025;11/2025;
PR;2701100001;PR2701100001;SORBATO DE POTASSIO 25KG;ACID.E CONSERV.;REF/ENER/ROM/DEL;PARKER;15,72;5344,8;NOV;2025;11/2025;
PR;2701130009;PR2701130009;SUCO CONCENTRADO DE MACA;SUCO;XAROPARIA;INTERSUCOS;12;15600;NOV;2025;11/2025;
PR;2701130001;PR2701130001;SUCO CONCENTRADO LARANJA;SUCO;XAROPARIA;INTERSUCOS;12;2400;NOV;2025;11/2025;
PR;2701130002;PR2701130002;SUCO CONCENTRADO LIMÃO;SUCO;XAROPARIA;INTERSUCOS;16,5;1650;NOV;2025;11/2025;
PR;2701130003;PR2701130003;SUCO CONCENTRADO UVA;SUCO;XAROPARIA;INTERSUCOS;13;2600;NOV;2025;11/2025;
MS;2701090002;MS2701090002;ACIDO CITRICO;ACID.E CONSERV.;REF/ENER/ROM/DEL;KONKRETA;8,95;123062,49999999999;NOV;2025;11/2025;
MS;2701090003;MS2701090003;ACIDO LACTICO - IBC;CERVEJARIA;OUTROS;DAXIA;10,41;7287;NOV;2025;11/2025;
MS;2701090004;MS2701090004;ACIDO TARTARICO ;ACID.E CONSERV.;NOCH/TON/BEL;MCASSAB;35,5;6212,5;NOV;2025;11/2025;
MS;2701210005;MS2701210005;ALGINATO DE PROPILENO GLICOL;CERVEJARIA;OUTROS;PROZYN;283,79;56758,000000000007;NOV;2025;11/2025;
MS;2701090005;MS2701090005;ANTIOXIDANTE;CERVEJARIA;OUTROS;AEB;30,22;6044;NOV;2025;11/2025;
MS;2701130007;MS2701130007;AROMA EXTRATO GUARANA REFRIKO 28;AROMA;REFRIGERANTE;SAPORITI;32,8;13382,4;NOV;2025;11/2025;
MS;2701050008;MS2701050008;AROMA FRUTAS TROPICAIS;AROMA;ENERGÉTICO;MONARCH;149,57;14957;NOV;2025;11/2025;
MS;2701050026;MS2701050026;AROMA IDENTICO AO NATURAL DE PESSEGO;AROMA;NOCH DEMAIS;SAPORITI;58;3480;NOV;2025;11/2025;
MS;2701050017;MS2701050017;AROMA IDENTICO AO NATURAL MELANCIA;AROMA;ENERGÉTICO;DUAS RODAS;37,17;7434;NOV;2025;11/2025;
MS;2701050021;MS2701050021;AROMA IDENTICO AO NATURAL MORANGO;AROMA;ENERGÉTICO;DUAS RODAS;75,88;7588;NOV;2025;11/2025;
MS;2701050013;MS2701050013;AROMA MAÇA VERDE COD;AROMA;ENERGÉTICO;DUAS RODAS;46,45;4645;NOV;2025;11/2025;
MS;2701050019;MS2701050019;AROMA MELAO ;AROMA;ENERGÉTICO;DUAS RODAS;58,97;9022,41;NOV;2025;11/2025;
MS;2701050027;MS2701050027;AROMA UVA REFRIKO 84;AROMA;REFRIGERANTE;SAPORITI;28;4424;NOV;2025;11/2025;
MS;2701100002;MS2701100002;BENZOATO DE SODIO;ACID.E CONSERV.;REF/ENER/NOCH/TON;DAXIA;12,1;18150;NOV;2025;11/2025;
MS;2701090006;MS2701090006;CITRATO DE SODIO;ACID.E CONSERV.;ENERG/DELIRIO;TOTAL ING;8,28;1655,9999999999998;NOV;2025;11/2025;
MS;2701050022;MS2701050022;CONCENTRADO DE GUARANA IAB 7205;AROMA;REFRIGERANTE;INTERAMERICA;25,87;20696;NOV;2025;11/2025;
MS;2701050035;MS2701050035;AROMA ARTIFICIAL GUARANA IFB (PED. KOMPLETO);AROMA;REFRIGERANTE;OTC;22,75;18200;NOV;2025;11/2025;
MS;2701060010;MS2701060010;CORANTE AMARANTO;CORANTE;DELIRIO;SAPORITI;85,5;1282,5;NOV;2025;11/2025;
MS;2701060008;MS2701060008;CORANTE AZUL BRILHANTE;CORANTE;ENERGÉTICO;SAPORITI;116;580;NOV;2025;11/2025;
MS;2701060007;MS2701060007;CORANTE CARAMELO CLASE IV DPC;CORANTE;REFRIGERANTE;SAPORITI;7,5;3750;NOV;2025;11/2025;
MS;2701160012;MS2701160012;CX 12X300ML - TUBAINA;CAIXA;TUBAINA;JAUENSE;1,69;33800;NOV;2025;11/2025;
MS;2701160011;MS2701160011;CX ONE WAY BAMBOA 12X330ML;CAIXA;CERVEJA;BLUMEN;1,84;36800;NOV;2025;11/2025;
MS;2701130006;MS2701130006;EXTRATO DE GUARANA 200% DUAS RODAS;AROMA;ENERG./DELÍR.;DUAS RODAS;49,93;5092,8599999999997;NOV;2025;11/2025;
MS;2701150006;MS2701150006;VASILHAME AMBAR 300ML - LITRINHO;VASILHAME;NORMAL;VIDRO PORTO;0,74;150427,20000000001;NOV;2025;11/2025;
MS;2701150001;MS2701150001;VASILHAME GINGUALA 970ML;VASILHAME;NORMAL;VIDRO PORTO;1,57;265267,20000000001;NOV;2025;11/2025;
MS;2701050023;MS2701050023;PREP ACIDO COLA ;CONCENT./KITs;KIT COLA;SAPORITI;25;2500;NOV;2025;11/2025;
MS;2701150009;MS2701150009;VASILHAME TUBAINA CRISTAL LONGNECK 355ML;VASILHAME;NORMAL;VIDRO PORTO;0,53;97944;NOV;2025;11/2025;
MS;2701160013;MS2701160013;CAIXA TUBAÍNA 12X355ML;CAIXA;TUBAINA;JAUENSE;1,97;39400;NOV;2025;11/2025;
MS;2701040019;MS2701040019;SHRINK BAMBOA 350ML -360X0,06 LAGER;FILME;BAMBOA;PACKSEVEN;14,5;21750;NOV;2025;11/2025;
MS;2701040012;MS2701040012;SHRINK MOEMA 269ML - 350X60X3;FILME;MOEMA;PACKSEVEN;14,5;14500;NOV;2025;11/2025;
MS;2701210002;MS2701210002;SILICA HP 9000;CERVEJARIA;OUTROS;PARKER;36,01;72020;NOV;2025;11/2025;
MS;2701100001;MS2701100001;SORBATO DE POTASSIO 25KG;ACID.E CONSERV.;REF/ENER/ROM/DEL;PARKER;15,72;1572;NOV;2025;11/2025;
MS;2701130009;MS2701130009;SUCO CONCENTRADO DE MACA;SUCO;XAROPARIA;INTERSUCOS;12;6000;NOV;2025;11/2025;
MS;2701130001;MS2701130001;SUCO CONCENTRADO LARANJA;SUCO;XAROPARIA;INTERSUCOS;12;900;NOV;2025;11/2025;
MS;2701130003;MS2701130003;SUCO CONCENTRADO UVA;SUCO;XAROPARIA;INTERSUCOS;13;975;NOV;2025;11/2025;
MS;2701030041;MS2701030041;TAMPA AZUL BAMBOA (VODKA BAMBOA);TAMPA;VIDRO NAC;BRASTAMPAS;0,3;90000;NOV;2025;11/2025;
MS;2701030032;MS2701030032;TAMPA METALICA LISA;TAMPA;VIDRO NAC;RENDA;0,0495;24750;NOV;2025;11/2025;
MS;3002020010;MS3002020010;TERRA CELITE DIATOMITA 2500/535;TERRA;CERVEJARIA;VENETO;8,8;67918,400000000009;NOV;2025;11/2025;
MS;3002020009;MS3002020009;TERRA CELITE DIATOMITA SPEEDFLOW/STANDARD (VERMELHO);TERRA;CERVEJARIA;VENETO;8,8;25968,800000000003;NOV;2025;11/2025;
MS;2701150003;MS2701150003;VASILHAME NOVO 330ML;VASILHAME;LONGNECK;VIDRO PORTO;0,88;252067,20000000001;NOV;2025;11/2025;
MS;2701150004;MS2701150004;VASILHAME OW 600ML (BELLA ROMA);VASILHAME;NORMAL;VERALLIA;1,13;128141,99999999999;NOV;2025;11/2025;
MS;2701050033;MS2701050033;AROMA ID. AO NATURAL DE UVA VERDE SAPORITI;AROMA;ENERGÉTICO;SAPORITI;108;5832;NOV;2025;11/2025;
PR;2801090001;PR2801090001;ACIDO MALICO;ACID.E CONSERV.;NOCH;PARKER;9,75;975;DEZ;2025;12/2025;
PR;2801050040;PR2801050040;AROMA DE LIMAO MATRIX;AROMA;NOCH LEMON;MATRIX;66,2;6620;DEZ;2025;12/2025;
PR;2801050006;PR2801050006;AROMA FRUTAS TROPICAIS;AROMA;ENERGÉTICO;MONARCH;149,57;29914;DEZ;2025;12/2025;
PR;2801050021;PR2801050021;AROMA IDENTICO AO NATURAL MELANCIA;AROMA;ENERGÉTICO;GERAL;37,17;11151;DEZ;2025;12/2025;
PR;2801050025;PR2801050025;AROMA IDENTICO AO NATURAL MORANGO;AROMA;ENERGÉTICO;DUAS RODAS;75,88;15176;DEZ;2025;12/2025;
PR;2801050015;PR2801050015;AROMA MAÇA VERDE COD;AROMA;ENERGÉTICO;DUAS RODAS;46,45;4645;DEZ;2025;12/2025;
PR;2801050023;PR2801050023;AROMA MELAO;AROMA;ENERGÉTICO;DUAS RODAS;58,97;11794;DEZ;2025;12/2025;
PR;2801050010;PR2801050010;AROMA NATURAL DE LIMAO VERDE;AROMA;NOCH DEMAIS;MATRIX;36;828;DEZ;2025;12/2025;
PR;2801090005;PR2801090005;CITRATO DE SODIO;ACID.E CONSERV.;ENERG/DELIRIO;PARKER;8,28;8280;DEZ;2025;12/2025;
PR;2801050003;PR2801050003;CONCENTRADO BEBIDAS ENERGETICA;AROMA;KIT ENERGÉTICO;ADM;2044,7664;427179,61002785515;DEZ;2025;12/2025;
PR;2701050020;PR2701050020;EMULSÃO COLA E-0388 ADM (NOVO) (usar no 500 ml);EMULSAO;XAROPARIA;ADM;384,51;19225,5;DEZ;2025;12/2025;
PR;2801120002;PR2801120002;PREMIX ENERG EMULVIT 8942;CONCENT./KITs;C.ENERGETICO;CALDIC;18,05;54150;DEZ;2025;12/2025;
PR;2801010090;PR2801010090;ROT SLEE NOCH LIMAO 270ML;ROTULO;SLEEVE;ALL4LABELL;0,12;36000;DEZ;2025;12/2025;
PR;2801010091;PR2801010091;ROT SLEE NOCH MARACUJA 270ML;ROTULO;SLEEVE;ALL4LABELL;0,12;24000;DEZ;2025;12/2025;
PR;2801010092;PR2801010092;ROT SLEE NOCH MELANCIA E MORAN 270ML-IND;ROTULO;SLEEVE;ALL4LABELL;0,12;30000;DEZ;2025;12/2025;
PR;2801010088;PR2801010088;ROTULO AGUA TONICA MALDIVES 250 ML;ROTULO;SLEEVE;CCL;0,05071;10142;DEZ;2025;12/2025;
PR;2801010099;PR2801010099;ROTULO FURIOSO 250ML;ROTULO;SLEEVE;CCL;0,050377;100754;DEZ;2025;12/2025;
PR;2801010100;PR2801010100;ROTULO FURIOSO 2L;ROTULO;SLEEVE;CCL;0,2062;61860;DEZ;2025;12/2025;
PR;2801010097;PR2801010097;ROTULO FURIOSO MELANCIA E MORANGO 250ML;ROTULO;SLEEVE;CCL;0,050377;15113,099999999999;DEZ;2025;12/2025;
PR;2801010098;PR2801010098;ROTULO FURIOSO MELANCIA E MORANGO 2L;ROTULO;SLEEVE;CCL;0,2062;41240;DEZ;2025;12/2025;
PR;2801010095;PR2801010095;ROTULO FURIOSO MELAO 250ML;ROTULO;SLEEVE;GERAL;0,050377;15113,099999999999;DEZ;2025;12/2025;
PR;2801010072;PR2801010072;ROTULO GUARANA REDUZIDO 200 ML ;ROTULO;BOPP;TRIA;0,008;16000;DEZ;2025;12/2025;
PR;2801010078;PR2801010078;ROTULO REFRIKO TUBAÍNA 200 ML ;ROTULO;BOPP;TRIA;0,008;12000;DEZ;2025;12/2025;
PR;2801010075;PR2801010075;ROTULO REFRIKO LARANJA DQI1% 200 ML;ROTULO;BOPP;TRIA;0,008;12000;DEZ;2025;12/2025;
PR;2801030013;PR2801030013;TAMPA AZUL LISA;TAMPA;PET;OXFORD;0,043333;6551,9496000000008;DEZ;2025;12/2025;
PR;2801050039;PR2801050039;AROMA ID. AO NATURAL DE UVA VERDE SAPORITI;AROMA;ENERGÉTICO;SAPORITI;108;16200;DEZ;2025;12/2025;
PR;2801010104;PR2801010104;ROTULO SLEEVE FURIOSO UVA VERDE E PESSEGO 2L;ROTULO;SLEEVE;CCL;0,21068;42136;DEZ;2025;12/2025;
PR;2701070006;PR2701070006;ACESSULFAME DE POTASSIO;EDULCORANTE;XAROPARIA;BUSCHLE;28,53;5135,4000000000005;DEZ;2025;12/2025;
PR;2701050010;PR2701050010;AROMA DE LARANJA IDENTICO AO NATURAL;AROMA;REFRIGERANTE;DUAS RODAS;75,22;1730,06;DEZ;2025;12/2025;
PR;2701130007;PR2701130007;AROMA EXTRATO GUARANA REFRIKO 28;AROMA;REFRIGERANTE;SAPORITI;32,8;35981,599999999999;DEZ;2025;12/2025;
PR;2701050011;PR2701050011;AROMA LIMAO REFRIKO 41;AROMA;REFRIGERANTE;SAPORITI;48;12960;DEZ;2025;12/2025;
PR;2701050001;PR2701050001;AROMA NATURAL MOUTHFEEL FASV259 ADM;AROMA;REFRIGERANTE;ADM;165,4;33080;DEZ;2025;12/2025;
PR;2701050027;PR2701050027;AROMA UVA REFRIKO 84;AROMA;REFRIGERANTE;SAPORITI;28;11284;DEZ;2025;12/2025;
PR;2701070005;PR2701070005;ASPARTAME;EDULCORANTE;XAROPARIA;BUSCHLE;61,26;6126;DEZ;2025;12/2025;
PR;2701100002;PR2701100002;BENZOATO DE SODIO;ACID.E CONSERV.;REF/ENER/NOCH/TON;DAXIA;12,1;26620;DEZ;2025;12/2025;
PR;2701070004;PR2701070004;CICLAMATO DE SÓDIO ;EDULCORANTE;XAROPARIA;PARKER;14,18;3545;DEZ;2025;12/2025;
PR;2701050022;PR2701050022;CONCENTRADO DE GUARANA IAB 7205;AROMA;REFRIGERANTE;INTERAMERICA;27,17;32604,000000000004;DEZ;2025;12/2025;
PR;2701050035;PR2701050035;AROMA ARTIFICIAL GUARANA IFB (PED. KOMPLETO);AROMA;REFRIGERANTE;OTC;22,75;22750;DEZ;2025;12/2025;
PR;2701050018;PR2701050018;EMULSAO LARANJA REFRIKO 98;EMULSAO;XAROPARIA;SAPORITI;32,8;24599,999999999996;DEZ;2025;12/2025;
PR;2701050016;PR2701050016;EMULSAO NEUTRA PARA SUCO;EMULSAO;XAROPARIA;SAPORITI;56;3360;DEZ;2025;12/2025;
PR;2701130006;PR2701130006;EXTRATO DE GUARANA 200% DUAS RODAS;AROMA;ENERG./DELÍR.;DUAS RODAS;49,93;14979;DEZ;2025;12/2025;
PR;2701050023;PR2701050023;PREP ACIDO COLA ;CONCENT./KITs;KIT COLA;SAPORITI;25;3750;DEZ;2025;12/2025;
PR;2701010138;PR2701010138;ROTULO GUARANA 2L;ROTULO;BOPP;MALFLEX;0,0355;14199,999999999998;DEZ;2025;12/2025;
PR;2701010161;PR2701010161;ROTULO TERNURA TUBAINA 2L;ROTULO;BOPP;MABFLEX;0,0355;10649,999999999998;DEZ;2025;12/2025;
PR;2701010163;PR2701010163;ROTULO TUBA JUJUBA 2L;ROTULO;BOPP;MABFLEX;0,0355;10649,999999999998;DEZ;2025;12/2025;
PR;2701010161;PR2701010161;ROTULO TERNURA TUBAINA 2L;ROTULO;BOPP;MABFLEX;0,0355;10649,999999999998;DEZ;2025;12/2025;
PR;2701010144;PR2701010144;ROTULO REFRIKO LARANJA DQI1% 2L;ROTULO;BOPP;MABFLEX;0,0355;10649,999999999998;DEZ;2025;12/2025;
PR;2701010155;PR2701010155;ROTULO REFRIKO UVA DQI1% 2L;ROTULO;BOPP;MABFLEX;0,0355;7099,9999999999991;DEZ;2025;12/2025;
PR;2701100001;PR2701100001;SORBATO DE POTASSIO 25KG;ACID.E CONSERV.;REF/ENER/ROM/DEL;PARKER;15,72;4716;DEZ;2025;12/2025;
PR;2701130009;PR2701130009;SUCO CONCENTRADO DE MACA;SUCO;XAROPARIA;INTERSUCOS;12;16800;DEZ;2025;12/2025;
PR;2701130001;PR2701130001;SUCO CONCENTRADO LARANJA;SUCO;XAROPARIA;INTERSUCOS;12;2400;DEZ;2025;12/2025;
PR;2701130002;PR2701130002;SUCO CONCENTRADO LIMÃO;SUCO;XAROPARIA;INTERSUCOS;16,5;1650;DEZ;2025;12/2025;
PR;2701130003;PR2701130003;SUCO CONCENTRADO UVA;SUCO;XAROPARIA;INTERSUCOS;13;5200;DEZ;2025;12/2025;
PR;2701070001;PR2701070001;SUCRALOSE;EDULCORANTE;XAROPARIA;WENDA;88;17600;DEZ;2025;12/2025;
PR;2701030037;PR2701030037;TAMPA AMARELA LISA;TAMPA;PET;OXFORD;0,04445;315879,48000000004;DEZ;2025;12/2025;
PR;2701030043;PR2701030043;TAMPA LARANJA REFRIKO;TAMPA;PET;OXFORD;0,04445;73929,240000000005;DEZ;2025;12/2025;
PR;2701030044;PR2701030044;TAMPA LILAS LISA;TAMPA;PET;OXFORD;0,04445;20162,52;DEZ;2025;12/2025;
PR;2701030048;PR2701030048;TAMPA ROSA MAGENTA REFRIKO;TAMPA;PET;OXFORD;0,04445;6720,84;DEZ;2025;12/2025;
PR;2701030049;PR2701030049;TAMPA VERDE REFRIKO;TAMPA;PET;OXFORD;0,04445;168056,56000000003;DEZ;2025;12/2025;
PR;2701030050;PR2701030050;TAMPA VERMELHA LISA;TAMPA;PET;OXFORD;0,04445;26883,360000000001;DEZ;2025;12/2025;
MS;2701070006;MS2701070006;ACESSULFAME DE POTASSIO;EDULCORANTE;XAROPARIA;BUSCHLE;28,53;1426,5;DEZ;2025;12/2025;
MS;2701130007;MS2701130007;AROMA EXTRATO GUARANA REFRIKO 28;AROMA;REFRIGERANTE;SAPORITI;32,8;11479,999999999998;DEZ;2025;12/2025;
MS;2701050008;MS2701050008;AROMA FRUTAS TROPICAIS;AROMA;ENERGÉTICO;MONARCH;149,57;7478,5;DEZ;2025;12/2025;
MS;2701050017;MS2701050017;AROMA IDENTICO AO NATURAL MELANCIA;AROMA;ENERGÉTICO;DUAS RODAS;37,17;3717;DEZ;2025;12/2025;
MS;2701050021;MS2701050021;AROMA IDENTICO AO NATURAL MORANGO;AROMA;ENERGÉTICO;DUAS RODAS;75,88;3794;DEZ;2025;12/2025;
MS;2701050011;MS2701050011;AROMA LIMAO REFRIKO 41;AROMA;REFRIGERANTE;SAPORITI;48;2400;DEZ;2025;12/2025;
MS;2701050019;MS2701050019;AROMA MELAO ;AROMA;ENERGÉTICO;DUAS RODAS;58,97;8845,5;DEZ;2025;12/2025;
MS;2701050001;MS2701050001;AROMA NATURAL MOUTHFEEL FASV259 ADM;AROMA;REFRIGERANTE;ADM;165,4;16540;DEZ;2025;12/2025;
MS;2701050028;MS2701050028;AROMA NATURAL PARA VODKA ;AROMA;VODKA;DUAS RODAS;25,88;5176;DEZ;2025;12/2025;
MS;2701050027;MS2701050027;AROMA UVA REFRIKO 84;AROMA;REFRIGERANTE;SAPORITI;28;3360;DEZ;2025;12/2025;
MS;2701100002;MS2701100002;BENZOATO DE SODIO;ACID.E CONSERV.;REF/ENER/NOCH/TON;DAXIA;12,1;9075;DEZ;2025;12/2025;
MS;2701070004;MS2701070004;CICLAMATO DE SÓDIO ;EDULCORANTE;XAROPARIA;PARKER;14,18;1418;DEZ;2025;12/2025;
MS;2701090006;MS2701090006;CITRATO DE SODIO;ACID.E CONSERV.;ENERG/DELIRIO;PARKER;8,28;3311,9999999999995;DEZ;2025;12/2025;
MS;2701050040;MS2701050040;CONCENTRADO BEBIDAS ENERGETICA;AROMA;KIT ENERGÉTICO;ADM;2076,886;289259,88857938722;DEZ;2025;12/2025;
MS;2701050022;MS2701050022;CONCENTRADO DE GUARANA IAB 7205;AROMA;REFRIGERANTE;INTERAMERICA;25,87;16815,5;DEZ;2025;12/2025;
MS;2701050035;MS2701050035;AROMA ARTIFICIAL GUARANA IFB (PED. KOMPLETO);AROMA;REFRIGERANTE;KOMPLETO;22,75;6825;DEZ;2025;12/2025;
MS;2701010052;MS2701010052;CONTRA ROTULO BAMBOA 330ML (ARTE NOVA);ROTULO;ADESIVO;EASY LABEL;0,05611;28055;DEZ;2025;12/2025;
MS;2701050020;MS2701050020;EMULSÃO COLA E-0388 ADM (NOVO);EMULSAO;XAROPARIA;ADM;384,51;19225,5;DEZ;2025;12/2025;
MS;2701050018;MS2701050018;EMULSAO LARANJA REFRIKO 98;EMULSAO;XAROPARIA;SAPORITI;32,8;6559,9999999999991;DEZ;2025;12/2025;
MS;2701210004;MS2701210004;ENZIMA ULTRA FLOW;CERVEJARIA;OUTROS;PROZYN ;76,36;7636;DEZ;2025;12/2025;
MS;2701130006;MS2701130006;EXTRATO DE GUARANA 200% DUAS RODAS;AROMA;ENERG./DELÍR.;DUAS RODAS;49,93;4993;DEZ;2025;12/2025;
MS;2701040023;MS2701040023;FILME TERMO ENCOLHÍVEL DE 500X0,06 ;FILME;B.ROMA;PACKSEVEN ;11,4;11400;DEZ;2025;12/2025;
MS;2701200002;MS2701200002;LUPULO LSKE;CERVEJARIA;LUPULO;LNF LATINO;1017,47;29506,63;DEZ;2025;12/2025;
MS;2701120001;MS2701120001;PREMIX ENERG EMULVIT 8942;CONCENT./KITs;C.ENERGETICO;CALDIC;18,05;36100;DEZ;2025;12/2025;
MS;2701050023;MS2701050023;PREP ACIDO COLA ;CONCENT./KITs;KIT COLA;SAPORITI;25;3750;DEZ;2025;12/2025;
MS;2701010118;MS2701010118;ROTULO ADESIVO TUBAINA 355ML  ;ROTULO;ADESIVO;ALL4LABELL;0,05095;15285;DEZ;2025;12/2025;
MS;2701030036;MS2701030036;TAMPA METALICA TWISTOF;TAMPA;VIDRO NAC;RENDA;0,0495;24750;DEZ;2025;12/2025;
MS;2701010116;MS2701010116;ROTULO ADESIVO TUBAINA 300ML;ROTULO;ADESIVO;SAPORATI;0,03998;11994;DEZ;2025;12/2025;
MS;2701010052;MS2701010052;CONTRA ROTULO BAMBOA 330ML (ARTE NOVA);ROTULO;ADESIVO;EASY LABEL;0,05611;28055;DEZ;2025;12/2025;
MS;2701010119;MS2701010119;ROTULO BAMBOA TRADICIONAL VODKA;ROTULO;ADESIVO;GRAFIMAX;0,077;23100;DEZ;2025;12/2025;
MS;2701010191;MS2701010191;ROTULO FURIOSO 2L;ROTULO;SLEEVE;CCL;0,2062;41240;DEZ;2025;12/2025;
MS;2701010171;MS2701010171;ROTULO GUARANA 600ML;ROTULO;PAPEL;KEOPS;0,0258;5160;DEZ;2025;12/2025;
MS;2701010152;MS2701010152;ROTULO REFRIKO TUBAINA 500ML;ROTULO;BOPP;MABFLEX;0,0128;3840;DEZ;2025;12/2025;
MS;2701010163;MS2701010163;ROTULO TUBA JUJUBA 2L;ROTULO;BOPP;MABFLEX;0,0355;10649,999999999998;DEZ;2025;12/2025;
MS;2701010144;MS2701010144;ROTULO REFRIKO LARANJA DQI1% 2L;ROTULO;BOPP;MABFLEX;0,0355;3549,9999999999995;DEZ;2025;12/2025;
MS;2701010155;MS2701010155;ROTULO REFRIKO UVA DQI1% 2L;ROTULO;BOPP;MABFLEX;0,0355;3549,9999999999995;DEZ;2025;12/2025;
MS;2701010173;MS2701010173;ROTULO REFRIKO LIMÃO DQI1% 600 ML;ROTULO;PAPEL;KEOPS;0,0258;5160;DEZ;2025;12/2025;
MS;2701010145;MS2701010145;ROTULO REFRIKO LARANJA DQI1% 500 ML;ROTULO;BOPP;MABFLEX;0,0128;3840;DEZ;2025;12/2025;
MS;2701070002;MS2701070002;SACARINA SÓDICA;EDULCORANTE;XAROPARIA;CALDIC;29,65;2965;DEZ;2025;12/2025;
MS;2701040019;MS2701040019;SHRINK BAMBOA 350ML -360X0,06 LAGER;FILME;BAMBOA;PACKSEVEN;14,5;14500;DEZ;2025;12/2025;
MS;2701040011;MS2701040011;SHRINK MOEMA 350ML - 390X60X3;FILME;MOEMA;PACKSEVEN;31,51;315100;DEZ;2025;12/2025;
MS;2701040010;MS2701040010;SHRINK MOEMA 473ML - 400X0,06;FILME;MOEMA;PACKSEVEN;14,5;14500;DEZ;2025;12/2025;
MS;2701210002;MS2701210002;SILICA HP 9000;CERVEJARIA;OUTROS;GRACE;36,01;72020;DEZ;2025;12/2025;
MS;2701100001;MS2701100001;SORBATO DE POTASSIO 25KG;ACID.E CONSERV.;REF/ENER/ROM/DEL;PARKER;15,72;1572;DEZ;2025;12/2025;
MS;2701130009;MS2701130009;SUCO CONCENTRADO DE MACA;SUCO;XAROPARIA;INTERSUCOS;12;4200;DEZ;2025;12/2025;
MS;2701130001;MS2701130001;SUCO CONCENTRADO LARANJA;SUCO;XAROPARIA;INTERSUCOS;12;600;DEZ;2025;12/2025;
MS;2701130002;MS2701130002;SUCO CONCENTRADO LIMÃO;SUCO;XAROPARIA;INTERSUCOS;16,5;825;DEZ;2025;12/2025;
MS;2701130003;MS2701130003;SUCO CONCENTRADO UVA;SUCO;XAROPARIA;INTERSUCOS;13;650;DEZ;2025;12/2025;
MS;2701030039;MS2701030039;TAMPA 2850/5 AZUL H/S (GIN-VODKA) - JAMES;TAMPA;JAMES COOK;BRASTAMPA;0,439992;21999,599999999999;DEZ;2025;12/2025;
MS;2701030037;MS2701030037;TAMPA AMARELA LISA;TAMPA;PET;OXFORD;0,049;14817,6;DEZ;2025;12/2025;
MS;2701030043;MS2701030043;TAMPA LARANJA REFRIKO;TAMPA;PET;OXFORD;0,049;7408,8;DEZ;2025;12/2025;
MS;2701030044;MS2701030044;TAMPA LILAS LISA;TAMPA;PET;OXFORD;0,049;7408,8;DEZ;2025;12/2025;
SP;2801010066;SP2801010066;ROTULO BOPP AGUA S/ GAS HIDRATAR 1,5L                    ;ROTULO;BOPP;MABFLEX;0,0199498;5984,94;DEZ;2025;12/2025;
SP;2801030014;SP2801030014;TAMPA PLASTICA AZUL OMNI                             ;TAMPA;PET;OPS;0,043333;91727,294400000013;DEZ;2025;12/2025;
SP;2801030017;SP2801030017;TAMPA PLASTICA PRETA OMNI 120 COM VEDANTE;TAMPA;PET;OPS;0,043333;157246,7904;NOV;2025;11/2025;
MS;2701020075;MS2701020075;PREFORMA PET 46,7GR CRISTAL;PREFORMA;FURIOSO 2L;CRISTALPET;0,594;50238,144;NOV;2025;11/2025;
MS;2701190004;MS2701190004;XAROPE DE HIGH MALTOSE 25KG (BREWGILL);CERVEJARIA;OUTROS;TEREOS;2,78;418723,6;NOV;2025;11/2025;
MS;2701190001;MS2701190001;MALTE PILSEN BAG 1000 - BARLEY;CERVEJARIA;MALTE;AGRARIA;3,29;660895,19999999995;NOV;2025;11/2025;
MS;2701140029;MS2701140029;TAMPA - LATA 350/269/473ML - B64;TAMPA;LATA;CROWN;0,24;2587852,7999999998;FEV;2025;02/2025;
MS;2701080001;MS2701080001;ACUCAR CRISTAL;AÇUCAR;XAROPARIA;RAIZEN;1,84;344448;NOV;2025;11/2025;
PR;2701080001;PR2701080001;ACUCAR CRISTAL;AÇUCAR;XAROPARIA;RAIZEN;1,84;441600;NOV;2025;11/2025;
MS;2701040008;MS2701040008;FILME TERMOENCOLHIVEL CER DEL P 269ML 350X0,06MM;FILME;PUERTO;GERAL;15;15000;JAN;2026;01/2026;
MS;2701040013;MS2701040013;FILME TERMOENCOLHIVEL CER DEL P 350ML 380X0,06MM;FILME;PUERTO;MACROPLASTIC ;15;15000;MAR;2026;03/2026;
SP;2801020041;SP2801020041;PREFORMA 18G CRISTAL 500 ML;PREFORMA;PET 500 PA;ENVASES;0,25664;227834,72639999999;NOV;2025;11/2025;
PA;10010001;PA10010001;ACUCAR CRISTAL;AÇUCAR;XAROPARIA;CERTANO;2,27792;387246,39999999997;DEZ;2025;12/2025;
PA;10020003;PA10020003;AROMA FRUTAS TROPICAIS;AROMA;ENERGÉTICO;MONARCH;137,5;2750;JAN;2026;01/2026;
PA;10020010;PA10020010;AROMA IDENTICO AO NATURAL MELANCIA;AROMA;ENERGÉTICO;DUAS RODAS;36,8;1288;JAN;2026;01/2026;
PA;10020004;PA10020004;AROMA IDENTICO AO NATURAL MORANGO;AROMA;ENERGÉTICO;DUAS RODAS;72,77;1455,3999999999999;JAN;2026;01/2026;
PA;10020014;PA10020014;AROMA ID. AO NATURAL DE UVA VERDE SAPORITI;AROMA;ENERGÉTICO;GERAL;72,77;1309,8599999999999;JAN;2026;01/2026;
PA;10020006;PA10020006;AROMA MAÇA VERDE COD;AROMA;ENERGÉTICO;DUAS RODAS;47,96;815,32;JAN;2026;01/2026;
PA;10020007;PA10020007;AROMA MELAO ;AROMA;ENERGÉTICO;DUAS RODAS;57,68;1961,12;JAN;2026;01/2026;
PA;10090274;PA10090274;CONCENTRADO BEBIDAS ENERGETICA;AROMA;KIT ENERGÉTICO;WILD;164,7247563;98834,853760445709;JAN;2026;01/2026;
PA;10090290;PA10090290;PREMIX ENERG EMULVIT 8942 ADM;CONCENT./KITs;C.ENERGETICO;QUANTIQ;26,8;8040;JAN;2026;01/2026;
PR;2701050001;PR2701050001;AROMA NATURAL MOUTHFEEL FASV259 ADM;AROMA;REFRIGERANTE;ADM;165,4;33080;JAN;2026;01/2026;
PR;2701010138;PR2701010138;ROTULO GUARANA 2L;ROTULO;BOPP;MABFLEX;0,0355;8875;JAN;2026;01/2026;
PR;2701010132;PR2701010132;ROTULO REFRIKO COLA 2L;ROTULO;BOPP;MABFLEX;0,0355;8875;JAN;2026;01/2026;
PR;2701010161;PR2701010161;ROTULO TERNURA TUBAINA 2L;ROTULO;BOPP;MABFLEX;0,0355;10649,999999999998;JAN;2026;01/2026;
PR;2701010144;PR2701010144;ROTULO REFRIKO LARANJA DQI1% 2L;ROTULO;BOPP;MABFLEX;0,0355;8875;JAN;2026;01/2026;
PR;2701010147;PR2701010147;ROTULO REFRIKO LIMÃO DQI1% 2L;ROTULO;BOPP;MABFLEX;0,0355;8875;JAN;2026;01/2026;
PR;2801050003;PR2801050003;CONCENTRADO BEBIDAS ENERGETICA;AROMA;KIT ENERGÉTICO;ADM;2044,7664;19472,270557103067;JAN;2026;01/2026;
PR;2801050003;PR2801050003;CONCENTRADO BEBIDAS ENERGETICA;AROMA;KIT ENERGÉTICO;ADM;2044,7664;213589,80501392757;JAN;2026;01/2026;
PR;2801010097;PR2801010097;ROTULO FURIOSO MELANCIA E MORANGO 250ML;ROTULO;SLEEVE;CCL;0,050377;12594,25;JAN;2026;01/2026;
PR;2801010101;PR2801010101;ROTULO FURIOSO TROPICAL 250ML;ROTULO;SLEEVE;CCL;0,050377;15113,099999999999;JAN;2026;01/2026;
PR;2801010072;PR2801010072;ROTULO GUARANA REDUZIDO 200 ML ;ROTULO;BOPP;TRIA;0,008;1600;JAN;2026;01/2026;
MS;2701090003;MS2701090003;ACIDO LACTICO - IBC;CERVEJARIA;OUTROS;DAXIA;10,41;6246;DEZ;2025;12/2025;
MS;2701150006;MS2701150006;VASILHAME AMBAR 300ML - LITRINHO;VASILHAME;NORMAL;VIDRO PORTO;0,74;75213,600000000006;DEZ;2025;12/2025;
MS;2701050001;MS2701050001;AROMA NATURAL MOUTHFEEL FASV259 ADM;AROMA;REFRIGERANTE;ADM ;165,4;8270;JAN;2026;01/2026;
MS;2701050040;MS2701050040;CONCENTRADO BEBIDAS ENERGETICA;AROMA;KIT ENERGÉTICO;ADM;2076,886;54236,229108635096;JAN;2026;01/2026;
MS;2701160012;MS2701160012;CX 12X300ML - TUBAINA;CAIXA;TUBAINA;GERAL;1,69;33800;JAN;2026;01/2026;
SP;2801010061;SP2801010061;ROTULO BOPP AGUA C/ GAS HIDRATAR 1,5L                    ;ROTULO;BOPP;MABFLEX;0,0199498;4867,7511999999997;MAR;2026;03/2026;
SP;2801010063;SP2801010063;ROTULO BOPP AGUA C/ GAS HIDRATAR 500ML                   ;ROTULO;BOPP;TRIA;0,01056;15840;JAN;2026;01/2026;
SP;2801010068;SP2801010068;ROTULO BOPP AGUA S/ GAS HIDRATAR 500ML                   ;ROTULO;BOPP;TRIA;0,01056;21120;JAN;2026;01/2026;
PR;2701040009;PR2701040009;FILME STRETCH POLIETILENO 500X0023;FILME;STRETCH;EPA;20;60000;JAN;2026;01/2026;
PR;2701040007;PR2701040007;FILME TERMO ENCOLHIVEL 860/0,06 MM;FILME;REFR/ENERG.;GERAL;23,575;70725;JAN;2026;01/2026;
PR;2701040004;PR2701040004;FILME TERMO ENCOLHIVEL 600 MM X 0,04 ;FILME;REFRI;GERAL;14,1;42300;JAN;2026;01/2026;
MS;2701040028;MS2701040028;FILME TERMO ENCOLHÍVEL DE 480X0,06;FILME;REFRI;PATENA;12,7;25400;DEZ;2025;12/2025;
MS;2701040009;MS2701040009;FILME STRETCH POLIETILENO 500X0023;FILME;STRETCH;GUANAPACK;22,85;34275;JAN;2026;01/2026;
MS;2701040003;MS2701040003;FILME TERMO ENCOLHÍVEL DE 560X006;FILME;DIVERSOS;EPA;23,5;70500;JAN;2026;01/2026;
MS;2701040028;MS2701040028;FILME TERMO ENCOLHÍVEL DE 480X0,06;FILME;REFRI;PATENA;12,7;38100;JAN;2026;01/2026;
SP;2801040014;SP2801040014;FILME STRETCH POLIETILENO 500X0023;FILME;STRETCH;BAMBOA;22,85;15995,000000000002;DEZ;2025;12/2025;
SP;2801040014;SP2801040014;FILME STRETCH POLIETILENO 500X0023;FILME;STRETCH;GERAL;22,85;22850;JAN;2026;01/2026;
SP;2801040018;SP2801040018;FILME TERMOENCOLHIVEL LISO 390X0,05MM                    ;FILME;ÁGUA 500;EPA;23,575;117875;JAN;2026;01/2026;
PR;2801020035;PR2801020035;PREFORMA PET 200 ML CRISTAL 12 g;PREFORMA;REFRIKO 200ML;CRISTALPET;0,197948;37055,865600000005;DEZ;2025;12/2025;
PR;2801020053;PR2801020053;PREFORMA PET 200 ML VERDE 12 g;PREFORMA;REFRIKO 200ML;CRISTALPET;0,197948;103623,40262400001;DEZ;2025;12/2025;
SP;2801020042;SP2801020042;PREFORMA 15G CRISTAL;PREFORMA;PET 500 PA;ENVASES;0,22133;327479,86800000002;DEZ;2025;12/2025;
PR;2701020055;PR2701020055;PREFORMA 18G CRISTAL;PREFORMA;FURIOSO 250ML;ENGEPACK;0,25664;411666,98495999997;DEZ;2025;12/2025;
SP;2801020041;SP2801020041;PREFORMA 18G CRISTAL 500 ML;PREFORMA;PET 500 PA;ENVASES;0,25664;582244,30079999997;DEZ;2025;12/2025;
PR;2701020059;PR2701020059;PREFORMA 41G CRISTAL;PREFORMA;REFRIKO 2L;ENGEPACK;0,5212;258681,984;DEZ;2025;12/2025;
PR;2701020101;PR2701020101;PREFORMA 39,7G VERDE;PREFORMA;REFRISHOW;ENGEPACK;0,445;62997,760000000002;DEZ;2025;12/2025;
PR;2701020102;PR2701020102;PREFORMA 41G VERDE;PREFORMA;REFRIKO 2L;ENGEPACK;0,5212;305715,07199999999;DEZ;2025;12/2025;
MS;2701020102;MS2701020102;PREFORMA 41 G VERDE;PREFORMA;REFRIKO 2L;BRASPET;0,4013;36868,2336;DEZ;2025;12/2025;
MS;2701020050;MS2701020050;PREFORMA 48G CRISTAL (COMPRAR 50 G);PREFORMA;PET 2,5L PA;BRASPET;0,644;30788,352000000003;DEZ;2025;12/2025;
MS;2701020096;MS2701020096;PREFORMA 48G VERDE;PREFORMA;PET 2,5L PA;BRASPET;0,64422;92396,609280000004;DEZ;2025;12/2025;
SP;2801020032;SP2801020032;PREFORMA 31,7G CRISTAL;PREFORMA;ÁGUA 1,5L;ENVASES;0,41577;62505,198719999993;DEZ;2025;12/2025;
MS;2701020075;MS2701020075;PREFORMA PET 46,7GR CRISTAL;PREFORMA;FURIOSO 2L;BRASPET;0,594;84338,495999999999;DEZ;2025;12/2025;
PA;11070046;PA11070046;PREFORMA 18 ou 20,6G CRISTAL;PREFORMA;PET 500 PA;ENVASES SUL;0,236;18623,232;DEZ;2025;12/2025;
PA;11070047;PA11070047;PREFORMA 18 ou 20,6G VERDE;PREFORMA;PET 500 PA;ENVASES SUL;0,236;18623,232;DEZ;2025;12/2025;
PA;11070012;PA11070012;PREFORMA 46,0G CRISTAL OU 45,7 G;PREFORMA;PET 2L PA;ENVASES;0,49;62092,799999999996;DEZ;2025;12/2025;
PA;11070013;PA11070013;PREFORMA 46,0G VERDE OU 45,7 G;PREFORMA;PET 2L PA;ENVASES;0,49;37255,68;DEZ;2025;12/2025;
PA;11070032;PA11070032;PREFORMA 48GR CRISTAL OU 50,7 G;PREFORMA;PET 2,5L PA;AMCOR;0,498;312345,59999999998;JAN;2026;01/2026;
PA;11070033;PA11070033;PREFORMA 48GR VERDE OU 50,7 G;PREFORMA;PET 2,5L PA;AMCOR;0,498;151710,72;JAN;2026;01/2026;
PA;11070041;PA11070041;PREFORMA PET 200 ML CRISTAL 12 G;PREFORMA;PET 200 PA;CRISTALPET;0,159;44647,199999999997;DEZ;2025;12/2025;
PA;11070048;PA11070048;PREFORMA PET 200 ML VERDE 12 G;PREFORMA;PET 200 PA;CRISTALPET;0,159;29764,799999999999;DEZ;2025;12/2025;
MS;2701040002;MS2701040002;FILME TERMO ENCOLHIVEL 420 X 0,06;FILME;REFR/ENERG.;EPA;23,5;18377;DEZ;2025;12/2025;
MS;2701170003;MS2701170003;VINHO DE MESA TINTO SECO GRANEL;VINHO;TANQUE; GAZZI;4,2;176400;NOV;2025;11/2025;
MS;2701170003;MS2701170003;VINHO DE MESA TINTO SECO GRANEL;VINHO;TANQUE; GAZZI;4,2;176400;NOV;2025;11/2025;
MS;2701170003;MS2701170003;VINHO DE MESA TINTO SECO GRANEL;VINHO;TANQUE; GAZZI;4,2;176400;DEZ;2025;12/2025;
MS;2701170003;MS2701170003;VINHO DE MESA TINTO SECO GRANEL;VINHO;TANQUE; GAZZI;4,2;176400;DEZ;2025;12/2025;
MS;2701170003;MS2701170003;VINHO DE MESA TINTO SECO GRANEL;VINHO;TANQUE; GAZZI;4,2;176400;DEZ;2025;12/2025;
MS;2701170003;MS2701170003;VINHO DE MESA TINTO SECO GRANEL;VINHO;TANQUE; GAZZI;4,2;352800;DEZ;2025;12/2025;
MS;2701170003;MS2701170003;VINHO DE MESA TINTO SECO GRANEL;VINHO;TANQUE; GAZZI;4,2;621600;ABR;2025;04/2025;
MS;2701080001;MS2701080001;ACUCAR CRISTAL;AÇUCAR;XAROPARIA;RAIZEN;1,84;194672;DEZ;2025;12/2025;
PR;2701080001;PR2701080001;ACUCAR CRISTAL;AÇUCAR;XAROPARIA;GERAL;1,84;287408;DEZ;2025;12/2025;
SP;2801040018;SP2801040018;FILME TERMOENCOLHIVEL LISO 390X0,05MM                    ;FILME;ÁGUA 500;PATENA;23,575;30647,5;NOV;2025;11/2025;
PR;2701020051;PR2701020051;PREFORMA PET 200 ML CRISTAL 12 g ;PREFORMA;REFRIKO 200ML;ENGEPACK;0,197948;256331,57491200001;DEZ;2025;12/2025;
PR;2701020097;PR2701020097;PREFORMA PET 200 ML VERDE 12 g ;PREFORMA;REFRIKO 200ML;ENGEPACK;0,197948;654463,59552000009;DEZ;2025;12/2025;
PR;2701020102;PR2701020102;PREFORMA 41G VERDE;PREFORMA;REFRIKO 2L;ENVASES;0,5212;117582,72;DEZ;2025;12/2025;
SP;2801010068;SP2801010068;ROTULO BOPP AGUA S/ GAS HIDRATAR 500ML                   ;ROTULO;BOPP;TRIA;0,01056;15840;JAN;2026;01/2026;
MS;2701190001;MS2701190001;MALTE PILSEN BAG 1000 - BARLEY;CERVEJARIA;MALTE;AGRARIA;3,29;551996,19999999995;DEZ;2025;12/2025;
MS;2701190004;MS2701190004;XAROPE DE HIGH MALTOSE 25KG (BREWGILL);CERVEJARIA;OUTROS;TEREOS;2,78;332988,39999999997;DEZ;2025;12/2025;
PR;2801010072;PR2801010072;ROTULO GUARANA REDUZIDO 200 ML ;ROTULO;BOPP;TRIA;0,008;14400;JAN;2026;01/2026;
MS;2701090003;MS2701090003;ACIDO LACTICO - IBC;CERVEJARIA;OUTROS;DAXIA;10,41;7287;JAN;2026;01/2026;
MS;2701090004;MS2701090004;ACIDO TARTARICO ;ACID.E CONSERV.;NOCH/TON/BEL;MCASSAB;35,5;5325;JAN;2026;01/2026;
PA;10010001;PA10010001;ACUCAR CRISTAL;AÇUCAR;XAROPARIA;CERTANO;2,27792;567202,07999999996;JAN;2026;01/2026;
MS;2701090005;MS2701090005;ANTIOXIDANTE;CERVEJARIA;OUTROS;AEB;30,22;6044;JAN;2026;01/2026;
PR;2701130007;PR2701130007;AROMA EXTRATO GUARANA REFRIKO 28;AROMA;REFRIGERANTE;SAPORITI;32,8;39360;JAN;2026;01/2026;
MS;2701050008;MS2701050008;AROMA FRUTAS TROPICAIS;AROMA;ENERGÉTICO;MONARCH;149,57;14957;JAN;2026;01/2026;
PR;2801050013;PR2801050013;AROMA IN LIMAO SICILIANO;AROMA;ENERGÉTICO;DUAS RODAS;227,5;3867,5;JAN;2026;01/2026;
PR;2701100002;PR2701100002;BENZOATO DE SODIO;ACID.E CONSERV.;REF/ENER/NOCH/TON;BBCA;12,1;31460;JAN;2026;01/2026;
PR;3002020007;PR3002020007;CARVÃO ATIVADO;TERRA;XAROPARIA;GUARAMEX;12,5;5000;JAN;2026;01/2026;
MS;2701250001;MS2701250001;CLORETO DE CALCIO - IBC;CERVEJARIA;OUTROS;BELA VISTA ;4,07;4070,0000000000005;JAN;2026;01/2026;
PR;2701050035;PR2701050035;AROMA ARTIFICIAL GUARANA IFB (PED. KOMPLETO);AROMA;REFRIGERANTE;OTC;22,75;15925;JAN;2026;01/2026;
MS;2701050035;MS2701050035;AROMA ARTIFICIAL GUARANA IFB (PED. KOMPLETO);AROMA;REFRIGERANTE;GERAL;22,75;4550;JAN;2026;01/2026;
PR;2701060010;PR2701060010;CORANTE AMARANTO;CORANTE;REFRIGERANTE;SAPORITI;85,5;1710;JAN;2026;01/2026;
MS;2701060007;MS2701060007;CORANTE CARAMELO CLASE IV DPC;CORANTE;REFRIGERANTE;SAPORITI;7,5;3000;JAN;2026;01/2026;
PR;2701060007;PR2701060007;CORANTE CARAMELO CLASE IV DPC;CORANTE;REFRIGERANTE;SAPORITI;7,5;9000;JAN;2026;01/2026;
PR;2701060001;PR2701060001;CORANTE PONCEAU ;CORANTE;ENERGÉTICO;SAPORITI;67;670;JAN;2026;01/2026;
PR;2701050018;PR2701050018;EMULSAO LARANJA REFRIKO 98;EMULSAO;XAROPARIA;SAPORITI;32,8;6559,9999999999991;JAN;2026;01/2026;
PR;2801050038;PR2801050038;EMULSAO SABOR CITRUS;EMULSAO;XAROPARIA;DUAS RODAS;100,74;1208,8799999999999;JAN;2026;01/2026;
MS;2701210004;MS2701210004;ENZIMA ULTRA FLOW;CERVEJARIA;OUTROS;PROZYN ;76,36;7636;JAN;2026;01/2026;
MS;2701200002;MS2701200002;LUPULO LSKE;CERVEJARIA;LUPULO;LNF LATINO;1017,47;29506,63;JAN;2026;01/2026;
PR;2801120003;PR2801120003;PREMIX ENERG EMULVIT 8959 - BOMBADÃO SAPORITI -IND;CONCENT./KITs;C.ENERGETICO;SAPORITI;180;4500;JAN;2026;01/2026;
PR;2701050023;PR2701050023;PREP ACIDO COLA ;CONCENT./KITs;KIT COLA;SAPORITI;25;3750;JAN;2026;01/2026;
MS;2701130007;MS2701130007;AROMA EXTRATO GUARANA REFRIKO 28;AROMA;REFRIGERANTE;SAPORITI;32,8;9184;JAN;2026;01/2026;
PR;2701030037;PR2701030037;TAMPA AMARELA LISA;TAMPA;PET;OXFORD;0,04445;120975,12000000001;JAN;2026;01/2026;
PR;2701030043;PR2701030043;TAMPA LARANJA REFRIKO;TAMPA;PET;OXFORD;0,04445;40325,040000000001;JAN;2026;01/2026;
PR;2701030044;PR2701030044;TAMPA LILAS LISA;TAMPA;PET;OXFORD;0,04445;13441,68;JAN;2026;01/2026;
PR;2701030049;PR2701030049;TAMPA VERDE REFRIKO;TAMPA;PET;OXFORD;0,04445;134416,80000000002;JAN;2026;01/2026;
PR;2701030050;PR2701030050;TAMPA VERMELHA LISA;TAMPA;PET;OXFORD;0,04445;13441,68;JAN;2026;01/2026;
PR;3002020009;PR3002020009;TERRA CELITE DIATOMITA SPEEDFLOW/STANDARD (VERMELHO);TERRA;XAROPARIA;VENETO ;8,8;1399,2;JAN;2026;01/2026;
PR;3002020011;PR3002020011;TERRA DIATOMITA 341/HYFLOW (AZUL);TERRA;XAROPARIA;VENETO ;8,8;6388,8;JAN;2026;01/2026;
SP;2801030014;SP2801030014;TAMPA PLASTICA AZUL OMNI                             ;TAMPA;PET;OPS;0,043333;65519,496000000006;JAN;2026;01/2026;
SP;2801030017;SP2801030017;TAMPA PLASTICA PRETA OMNI 120 COM VEDANTE;TAMPA;PET;OPS;0,043333;26207,798400000003;JAN;2026;01/2026;
MS;2701010168;MS2701010168;ROTULO MOEMA 1 LITRO;ROTULO;PAPEL;GERAL;0,017;0;MAR;2026;03/2026;
MS;3002020010;MS3002020010;TERRA CELITE DIATOMITA 2500/535;TERRA;CERVEJARIA;VENETO ;8,8;17978,400000000001;JAN;2026;01/2026;
MS;3002020009;MS3002020009;TERRA CELITE DIATOMITA SPEEDFLOW/STANDARD (VERMELHO);TERRA;CERVEJARIA;VENETO ;8,8;17978,400000000001;JAN;2026;01/2026;
MS;2701150004;MS2701150004;VASILHAME OW 600ML (BELLA ROMA);VASILHAME;NORMAL;VIDRO PORTO;1,13;128141,99999999999;JAN;2026;01/2026;
PA;11090001;PA11090001;TAMPA LARANJA REFRIKO;TAMPA;PET;RAVIBRAS;0,04667;14953,068000000001;JAN;2026;01/2026;
PA;11090034;PA11090034;TAMPA LILAS LISA;TAMPA;PET;RAVIBRAS;0,04667;14225,016000000001;JAN;2026;01/2026;
PA;11090031;PA11090031;TAMPA VERMELHA LISA;TAMPA;PET;RAVIBRAS;0,04667;62724,480000000003;JAN;2026;01/2026;
PR;2701020051;PR2701020051;PREFORMA PET 200 ML CRISTAL 12 g ;PREFORMA;REFRIKO 200ML;ENGEPACK;0,197948;207246,80524800002;JAN;2026;01/2026;
PR;2801020053;PR2801020053;PREFORMA PET 200 ML VERDE 12 g;PREFORMA;REFRIKO 200ML;ENGEPACK;0,197948;59992,496256000006;JAN;2026;01/2026;
PR;2701020097;PR2701020097;PREFORMA PET 200 ML VERDE 12 g ;PREFORMA;REFRIKO 200ML;ENGEPACK;0,197948;119984,99251200001;JAN;2026;01/2026;
SP;2801020042;SP2801020042;PREFORMA 15G CRISTAL;PREFORMA;PET 500 PA;ENVASES;0,22133;227052,70848;JAN;2026;01/2026;
MS;2701020090;MS2701020090;PREFORMA 18G CRISTAL 500 ML - DESCONTINUAR;PREFORMA;REFRIKO 500ML;BRASPET;0,25664;37424,271359999999;JAN;2026;01/2026;
PR;2701020055;PR2701020055;PREFORMA 18G CRISTAL;PREFORMA;FURIOSO 250ML;ENGEPACK;0,25664;668290,55999999994;JAN;2026;01/2026;
MS;2701020115;MS2701020115;PREFORMA 18 A 20G VERDE 500 ML - DESCONTINUAR;PREFORMA;REFRIKO 500ML;BRASPET;0,204;25498,367999999999;JAN;2026;01/2026;
PR;2701020058;PR2701020058;PREFORMA 39,7G CRISTAL;PREFORMA;TERNURA LARANJA;ENGEPACK;0,445;48188,160000000003;JAN;2026;01/2026;
MS;2701020059;MS2701020059;PREFORMA 41 G CRISTAL;PREFORMA;REFRIKO 2L;BRASPET;0,5553;33211,382400000002;JAN;2026;01/2026;
PR;2701020101;PR2701020101;PREFORMA 39,7G VERDE;PREFORMA;REFRISHOW;ENGEPACK;0,445;301176;JAN;2026;01/2026;
PR;2701020102;PR2701020102;PREFORMA 41G VERDE;PREFORMA;REFRIKO 2L;ENGEPACK;0,5212;141099,264;JAN;2026;01/2026;
MS;2701020096;MS2701020096;PREFORMA 48G VERDE;PREFORMA;PET 2,5L PA;BRASPET;0,64422;41065,159680000004;JAN;2026;01/2026;
MS;2701020046;MS2701020046;PREFORMA 31,7G CRISTAL;PREFORMA;FURIOSO 1L;BRASPET;0,41577;9339,8572800000002;JAN;2026;01/2026;
MS;2701020075;MS2701020075;PREFORMA PET 46,7GR CRISTAL;PREFORMA;FURIOSO 2L;BRASPET;0,594;109143,936;JAN;2026;01/2026;
PR;2701020075;PR2701020075;PREFORMA PET 46,7GR CRISTAL ;PREFORMA;FURIOSO 2L;ENGEPACK;0,687488;340686,05337599997;JAN;2026;01/2026;
PA;11070046;PA11070046;PREFORMA 18 ou 20,6G CRISTAL;PREFORMA;PET 500 PA;ENVASES;0,236;74492,928;JAN;2026;01/2026;
PA;11070047;PA11070047;PREFORMA 18 ou 20,6G VERDE;PREFORMA;PET 500 PA;ENVASES;0,236;51213,887999999999;JAN;2026;01/2026;
PA;11070032;PA11070032;PREFORMA 48GR CRISTAL OU 50,7 G;PREFORMA;PET 2,5L PA;GERAL;0,498;44620,800000000003;JAN;2026;01/2026;
PA;11070041;PA11070041;PREFORMA PET 200 ML CRISTAL 12 G;PREFORMA;PET 200 PA;ENVASES;0,159;55809;JAN;2026;01/2026;
PA;11070048;PA11070048;PREFORMA PET 200 ML VERDE 12 G;PREFORMA;PET 200 PA;ENVASE;0,159;37206;JAN;2026;01/2026;
MS;2701240004;MS2701240004;CHAPA SEM IMPRESSAO 1000X1200 (NOVA);SEPARADOR DE CAMADAS;CHAPA;CPEL;1,25;102500;FEV;2026;02/2026;
MS;2701240005;MS2701240005;CHAPA SEM IMPRESSAO CORRUGADO 1000X1200;SEPARADOR DE CAMADAS;CHAPA;EMBRART;3,13;15650;FEV;2026;02/2026;
MS;2701050040;MS2701050040;CONCENTRADO BEBIDAS ENERGETICA;AROMA;KIT ENERGÉTICO;ADM;2076,886;130166,94986072424;FEV;2026;02/2026;
MS;2701160011;MS2701160011;CX ONE WAY BAMBOA 12X330ML;CAIXA;CERVEJA;BLUMEN;1,84;24288;FEV;2026;02/2026;
MS;2701040009;MS2701040009;FILME STRETCH POLIETILENO 500X0023;FILME;STRETCH;EPA;22,85;68550;FEV;2026;02/2026;
MS;2701040003;MS2701040003;FILME TERMO ENCOLHÍVEL DE 560X006;FILME;DIVERSOS;EPA;23,5;82250;FEV;2026;02/2026;
MS;2701120001;MS2701120001;PREMIX ENERG EMULVIT 8942;CONCENT./KITs;C.ENERGETICO;CALDIC;18,05;27075;FEV;2026;02/2026;
MS;2701010191;MS2701010191;ROTULO FURIOSO 2L;ROTULO;SLEEVE;CCL;0,2062;30930;FEV;2026;02/2026;
MS;2701010187;MS2701010187;ROTULO FURIOSO MELANCIA E MORANGO 2L;ROTULO;SLEEVE;CCL;0,2062;20620;FEV;2026;02/2026;
MS;2701010193;MS2701010193;ROTULO FURIOSO TROPICAL 2L;ROTULO;SLEEVE;CCL;0,2062;20620;FEV;2026;02/2026;
MS;2701010163;MS2701010163;ROTULO TUBA JUJUBA 2L;ROTULO;BOPP;MAB;0,0355;8875;FEV;2026;02/2026;
PR;2701050001;PR2701050001;AROMA NATURAL MOUTHFEEL FASV259 ADM;AROMA;REFRIGERANTE;ADM;165,4;33080;FEV;2026;02/2026;
PR;2801050003;PR2801050003;CONCENTRADO BEBIDAS ENERGETICA;AROMA;KIT ENERGÉTICO;ADM;2044,7664;160192,35376044569;FEV;2026;02/2026;
PR;2701050020;PR2701050020;EMULSÃO COLA E-0388 ADM (NOVO) (usar no 500 ml);EMULSAO;XAROPARIA;ADM;384,51;19225,5;FEV;2026;02/2026;
PR;2701040009;PR2701040009;FILME STRETCH POLIETILENO 500X0023;FILME;STRETCH;EPA;20;40000;FEV;2026;02/2026;
PR;2701040006;PR2701040006;FILME TERMO ENCOLHIVEL 860/5 MM;FILME;JUJ/TERN;EPA;23,575;129662,5;FEV;2026;02/2026;
PR;2701040007;PR2701040007;FILME TERMO ENCOLHIVEL 860/0,06 MM;FILME;REFR/ENERG.;EPA;23,575;212175;FEV;2026;02/2026;
PR;2801010090;PR2801010090;ROT SLEE NOCH LIMAO 270ML;ROTULO;SLEEVE;ALL4LABELL;0,12;18000;FEV;2026;02/2026;
PR;2801010092;PR2801010092;ROT SLEE NOCH MELANCIA E MORAN 270ML-IND;ROTULO;SLEEVE;ALL4LABELL;0,12;18000;FEV;2026;02/2026;
PR;2701010156;PR2701010156;ROTULO BOPP REFRISHOW GUARANA 2 L;ROTULO;BOPP;MABFLEX;0,0355;17750;FEV;2026;02/2026;
PR;2801010103;PR2801010103;ROTULO FURIOSO UVA VERDE 250ML;ROTULO;SLEEVE;CCL;0,050377;15113,099999999999;FEV;2026;02/2026;
PR;2801010095;PR2801010095;ROTULO FURIOSO MELAO 250ML;ROTULO;SLEEVE;GERAL;0,050377;7556,5499999999993;FEV;2026;02/2026;
PR;2801010072;PR2801010072;ROTULO GUARANA REDUZIDO 200 ML ;ROTULO;BOPP;TRIA;0,008;1600;FEV;2026;02/2026;
PR;2701010141;PR2701010141;ROTULO GUARANA 200 ML ZERO ;ROTULO;BOPP;GERAL;0,008;4800;ABR;2026;04/2026;
PR;2701010143;PR2701010143;ROTULO REFRIKO LARANJA DQI1% 200 ML ;ROTULO;BOPP;TRIA;0,008;12000;FEV;2026;02/2026;
PR;2701010149;PR2701010149;ROTULO REFRIKO TUBAÍNA 200 ML ;ROTULO;BOPP;GERAL;0,008;12000;FEV;2025;02/2025;
PR;2701010164;PR2701010164;ROTULO TUBAJUJUBA LARANJA S/SUCO 2L;ROTULO;BOPP;MABFLEX;0,0355;8875;FEV;2026;02/2026;
PR;2701010155;PR2701010155;ROTULO REFRIKO UVA DQI1% 2L;ROTULO;BOPP;MABFLEX;0,0355;8875;FEV;2026;02/2026;
PA;10090295;PA10090295;CONCENTRADO COLA IAB 7729 (NOVO);CONCENT./KITs;KIT COLA;INTERAMERICA;22,39;38063;FEV;2026;02/2026;
PA;10090292;PA10090292;CORANTE AMARANTO;CORANTE;REFRIGERANTE;SAPORITI;67,99;1699,7499999999998;FEV;2026;02/2026;
PA;10090056;PA10090056;CORANTE AMARELO SUNSET;CORANTE;XAROPARIA;SAPORITI;41,84;418,40000000000003;FEV;2026;02/2026;
PA;10090037;PA10090037;CORANTE AZUL BRILHANTE;CORANTE;ENERGÉTICO;SAPORITI;99,37;496,85;FEV;2026;02/2026;
PA;10090294;PA10090294;CORANTE CARAMELO CLASE IV DPC;CORANTE;REFRIGERANTE;SAPORITI;4,8;1056;FEV;2026;02/2026;
SP;2801040018;SP2801040018;FILME TERMOENCOLHIVEL LISO 390X0,05MM                    ;FILME;ÁGUA 500;GERAL;23,575;82512,5;FEV;2026;02/2026;
SP;2801040017;SP2801040017;FILME TERMO ENCOLHIVEL 420X0,05MM;FILME;AGUA 1,5L;BAMBOA;21;21000;FEV;2026;02/2026;
PA;12030001;PA12030001;FILME STRETCH POLIETILENO 500X0023;FILME;STRETCH;PRISMAPACK;9,8;13720,000000000002;FEV;2026;02/2026;
PA;11040005;PA11040005;FILME TERMO ENCOLHIVEL 300 MM X 0,04;FILME;REFRI;PRISMAPACK;10,35;20700;FEV;2026;02/2026;
SP;2801010063;SP2801010063;ROTULO BOPP AGUA C/ GAS HIDRATAR 500ML                   ;ROTULO;BOPP;GERAL;0,01056;15840;ABR;2026;04/2026;
MS;2701040002;MS2701040002;FILME TERMO ENCOLHIVEL 420 X 0,06;FILME;REFR/ENERG.;GERAL;23,5;58750;FEV;2026;02/2026;
MS;2701050010;MS2701050010;AROMA DE LARANJA IDENTICO AO NATURAL;AROMA;REFRIGERANTE;DUAS RODAS;75,22;1730,06;FEV;2026;02/2026;
MS;2701050008;MS2701050008;AROMA FRUTAS TROPICAIS;AROMA;ENERGÉTICO;MONARCH;149,57;22435,5;FEV;2026;02/2026;
MS;2701050026;MS2701050026;AROMA IDENTICO AO NATURAL DE PESSEGO;AROMA;NOCH DEMAIS;SAPORITI;58;2320;FEV;2026;02/2026;
MS;2701100002;MS2701100002;BENZOATO DE SODIO;ACID.E CONSERV.;REF/ENER/NOCH/TON;GERAL;12,1;12100;FEV;2026;02/2026;
MS;2701050022;MS2701050022;CONCENTRADO DE GUARANA IAB 7205;AROMA;REFRIGERANTE;INTERAMERICA;25,87;12935;FEV;2026;02/2026;
MS;2701060010;MS2701060010;CORANTE AMARANTO;CORANTE;DELIRIO;SAPORITI;85,5;1710;FEV;2026;02/2026;
MS;2701060007;MS2701060007;CORANTE CARAMELO CLASE IV DPC;CORANTE;REFRIGERANTE;SAPORITI;7,5;3000;FEV;2026;02/2026;
MS;2701050002;MS2701050002;DESTILADO DE ERVAS AROMÁT PARA GIN;AROMA;JAMES COOK;GERAL;19,2;19200;FEV;2026;02/2026;
MS;2701050018;MS2701050018;EMULSAO LARANJA REFRIKO 98;EMULSAO;XAROPARIA;SAPORITI;32,8;6559,9999999999991;FEV;2026;02/2026;
MS;2701130006;MS2701130006;EXTRATO DE GUARANA 200% DUAS RODAS;AROMA;ENERG./DELÍR.;DUAS RODAS;49,93;5492,3;FEV;2026;02/2026;
MS;2701150006;MS2701150006;VASILHAME AMBAR 300ML - LITRINHO;VASILHAME;NORMAL;VIDROPORTO;0,74;75213,600000000006;FEV;2026;02/2026;
MS;2701150001;MS2701150001;VASILHAME GINGUALA 970ML;VASILHAME;NORMAL;VIDROPORTO;1,57;66316,800000000003;FEV;2026;02/2026;
MS;2701050023;MS2701050023;PREP ACIDO COLA ;CONCENT./KITs;KIT COLA;SAPORITI;25;2500;FEV;2026;02/2026;
MS;2701040012;MS2701040012;SHRINK MOEMA 269ML - 350X60X3;FILME;MOEMA;PACKSEVEN;14,5;14500;FEV;2026;02/2026;
MS;2701040010;MS2701040010;SHRINK MOEMA 473ML - 400X0,06;FILME;MOEMA;PACKSEVEN;14,5;14500;FEV;2026;02/2026;
MS;2701100001;MS2701100001;SORBATO DE POTASSIO 25KG;ACID.E CONSERV.;REF/ENER/ROM/DEL;KALIUM;15,72;1572;FEV;2026;02/2026;
MS;2701150003;MS2701150003;VASILHAME NOVO 330ML;VASILHAME;LONGNECK;VIDRO PORTO;0,88;168044,79999999999;FEV;2026;02/2026;
PR;2701090002;PR2701090002;ACIDO CITRICO;ACID.E CONSERV.;REF/ENER/ROM/DEL;PARKER;8,95;123062,49999999999;FEV;2026;02/2026;
PR;2701130007;PR2701130007;AROMA EXTRATO GUARANA REFRIKO 28;AROMA;REFRIGERANTE;SAPORITI;32,8;29519,999999999996;FEV;2026;02/2026;
PR;2701050011;PR2701050011;AROMA LIMAO REFRIKO 41;AROMA;REFRIGERANTE;SAPORITI;48;9600;FEV;2026;02/2026;
PR;2701050027;PR2701050027;AROMA UVA REFRIKO 84;AROMA;REFRIGERANTE;SAPORITI;28;9800;FEV;2026;02/2026;
PR;2701050022;PR2701050022;CONCENTRADO DE GUARANA IAB 7205;AROMA;REFRIGERANTE;INTERAMERICA;27,17;40755;FEV;2026;02/2026;
PR;2701060009;PR2701060009;CORANTE AMARELO SUNSET;CORANTE;XAROPARIA;SAPORITI;45,62;684,3;FEV;2026;02/2026;
PR;2701060007;PR2701060007;CORANTE CARAMELO CLASE IV DPC;CORANTE;REFRIGERANTE;SAPORITI;7,5;3750;FEV;2026;02/2026;
PR;2701050018;PR2701050018;EMULSAO LARANJA REFRIKO 98;EMULSAO;XAROPARIA;SAPORITI;32,8;22959,999999999996;FEV;2026;02/2026;
PR;2701130006;PR2701130006;EXTRATO DE GUARANA 200% DUAS RODAS;AROMA;ENERG./DELÍR.;DUAS RODAS;49,93;7489,5;FEV;2026;02/2026;
PR;2701050023;PR2701050023;PREP ACIDO COLA ;CONCENT./KITs;KIT COLA;SAPORITI;25;5000;FEV;2026;02/2026;
PR;2701130009;PR2701130009;SUCO CONCENTRADO DE MACA;SUCO;XAROPARIA;INTERSUCOS;12;18000;FEV;2026;02/2026;
PR;2701130001;PR2701130001;SUCO CONCENTRADO LARANJA;SUCO;XAROPARIA;INTERSUCOS;12;3600;FEV;2026;02/2026;
PR;2701130002;PR2701130002;SUCO CONCENTRADO LIMÃO;SUCO;XAROPARIA;INTERSUCOS;16,5;1650;FEV;2026;02/2026;
PR;2701030037;PR2701030037;TAMPA AMARELA LISA;TAMPA;PET;OXFORD;0,04445;114254,28000000001;FEV;2026;02/2026;
PR;2701030043;PR2701030043;TAMPA LARANJA REFRIKO;TAMPA;PET;OXFORD;0,04445;40325,040000000001;FEV;2026;02/2026;
PR;2701030049;PR2701030049;TAMPA VERDE REFRIKO;TAMPA;PET;OXFORD;0,04445;67208,400000000009;FEV;2026;02/2026;
PR;2701030050;PR2701030050;TAMPA VERMELHA LISA;TAMPA;PET;OXFORD;0,04445;13441,68;FEV;2026;02/2026;
PA;11090001;PA11090001;TAMPA LARANJA REFRIKO;TAMPA;PET;RAVIBRAS;0,04667;23521,68;FEV;2026;02/2026;
PA;11090034;PA11090034;TAMPA LILAS LISA;TAMPA;PET;RAVIBRAS;0,04667;15681,12;FEV;2026;02/2026;
PA;11090031;PA11090031;TAMPA VERMELHA LISA;TAMPA;PET;RAVIBRAS;0,04667;54883,920000000006;FEV;2026;02/2026;
MS;2701070006;MS2701070006;ACESSULFAME DE POTASSIO;EDULCORANTE;XAROPARIA;KALIUM;28,53;1426,5;MAR;2026;03/2026;
MS;2701090003;MS2701090003;ACIDO LACTICO - IBC;CERVEJARIA;OUTROS;OXYGEN;10,41;7287;MAR;2026;03/2026;
MS;2701090005;MS2701090005;ANTIOXIDANTE;CERVEJARIA;OUTROS;AEB;30,22;3022;MAR;2026;03/2026;
MS;2701240005;MS2701240005;CHAPA SEM IMPRESSAO CORRUGADO 1000X1200;SEPARADOR DE CAMADAS;CHAPA;EMBRART;3,13;15650;MAR;2026;03/2026;
MS;2701070004;MS2701070004;CICLAMATO DE SÓDIO ;EDULCORANTE;XAROPARIA;KALIUM;14,18;709;MAR;2026;03/2026;
MS;2701210003;MS2701210003;CLEAR MAX PVPP;CERVEJARIA;OUTROS;PROZYN ;138,35;8301;MAR;2026;03/2026;
MS;2701250001;MS2701250001;CLORETO DE CALCIO - IBC;CERVEJARIA;OUTROS;BELA VISTA ;4,07;1221;MAR;2026;03/2026;
MS;2701050040;MS2701050040;CONCENTRADO BEBIDAS ENERGETICA;AROMA;KIT ENERGÉTICO;ADM;2076,886;180787,43036211701;MAR;2026;03/2026;
MS;2701060006;MS2701060006;CORANTE CARAMELO CERVEJA;CERVEJARIA;OUTROS;GERAL;6,04;3020;MAR;2026;03/2026;
MS;2701050020;MS2701050020;EMULSÃO COLA E-0388 ADM (NOVO);EMULSAO;XAROPARIA;ADM;384,51;19225,5;MAR;2026;03/2026;
MS;2701040009;MS2701040009;FILME STRETCH POLIETILENO 500X0023;FILME;STRETCH;EPA;22,85;34275;MAR;2026;03/2026;
MS;2701040001;MS2701040001;FILME TERMO ENCOLHIVEL 420 X 0,05;FILME;JUJ/TERN;EPA;21;50400;MAR;2026;03/2026;
MS;2701200002;MS2701200002;LUPULO LSKE;CERVEJARIA;LUPULO;LNF LATINO;1017,47;29506,63;FEV;2026;02/2026;
MS;2701120001;MS2701120001;PREMIX ENERG EMULVIT 8942;CONCENT./KITs;C.ENERGETICO;CALDIC;18,05;21660;MAR;2026;03/2026;
MS;2701010191;MS2701010191;ROTULO FURIOSO 2L;ROTULO;SLEEVE;CCL;0,2062;30930;MAR;2026;03/2026;
MS;2701010140;MS2701010140;ROTULO GUARANA 500ML;ROTULO;BOPP;MALFLEX;0,0128;2560;MAR;2026;03/2026;
MS;2701070001;MS2701070001;SUCRALOSE;EDULCORANTE;XAROPARIA;MONFIZA;84,3;10537,5;MAR;2026;03/2026;
MS;3002020010;MS3002020010;TERRA CELITE DIATOMITA 2500/535;TERRA;CERVEJARIA;VENETO ;8,8;49940,000000000007;MAR;2026;03/2026;
MS;3002020009;MS3002020009;TERRA CELITE DIATOMITA SPEEDFLOW/STANDARD (VERMELHO);TERRA;CERVEJARIA;VENETO ;8,8;19976;MAR;2026;03/2026;
MS;3002020011;MS3002020011;TERRA DIATOMITA 341/HYFLOW (AZUL);TERRA;XAROPARIA;VENETO ;8,8;998,80000000000007;MAR;2026;03/2026;
PR;2701070006;PR2701070006;ACESSULFAME DE POTASSIO;EDULCORANTE;XAROPARIA;KALIUM;28,53;4279,5;MAR;2026;03/2026;
PR;2701070004;PR2701070004;CICLAMATO DE SÓDIO ;EDULCORANTE;XAROPARIA;KALIUM;14,18;5955,5999999999995;MAR;2026;03/2026;
PR;2701050020;PR2701050020;EMULSÃO COLA E-0388 ADM (NOVO) (usar no 500 ml);EMULSAO;XAROPARIA;WILD;384,51;19225,5;MAR;2026;03/2026;
PR;2701040004;PR2701040004;FILME TERMO ENCOLHIVEL 600 MM X 0,04 ;FILME;REFRI;EPA;14,1;42300;MAR;2026;03/2026;
PR;2701040005;PR2701040005;FILME TERMO ENCOLHIVEL 660 MM X 0,04;FILME;ENERGÉTICO;EPA;23,5;70500;MAR;2026;03/2026;
PR;2701040006;PR2701040006;FILME TERMO ENCOLHIVEL 860/5 MM;FILME;JUJ/TERN;EPA;23,575;117875;MAR;2026;03/2026;
PR;2701070003;PR2701070003;NEOTAME;EDULCORANTE;XAROPARIA;SAPORITI;194,3;2914,5;MAR;2026;03/2026;
PR;2701160004;PR2701160004;CAIXA PACK FURIOSO 4X250 ML ( PROPRIO);CAIXA;FURIOSO;GERAL;0,73;47450;MAR;2026;03/2026;
PR;2701010156;PR2701010156;ROTULO BOPP REFRISHOW GUARANA 2 L;ROTULO;BOPP;MABFLEX;0,0355;14199,999999999998;MAR;2026;03/2026;
PR;2701010163;PR2701010163;ROTULO TUBA JUJUBA 2L;ROTULO;BOPP;MABFLEX;0,0355;14199,999999999998;MAR;2026;03/2026;
PR;2701010138;PR2701010138;ROTULO GUARANA 2L;ROTULO;BOPP;MABFLEX;0,0355;10649,999999999998;MAR;2026;03/2026;
PR;2701010161;PR2701010161;ROTULO TERNURA TUBAINA 2L;ROTULO;BOPP;MABFLEX;0,0355;10649,999999999998;MAR;2026;03/2026;
PR;2701070002;PR2701070002;SACARINA SÓDICA;EDULCORANTE;XAROPARIA;KALIUM;29,65;5930;MAR;2026;03/2026;
PR;2701070001;PR2701070001;SUCRALOSE;EDULCORANTE;XAROPARIA;MONFIZA;88;22000;MAR;2026;03/2026;
PA;10090273;PA10090273;ACESSULFAME DE POTASSIO;EDULCORANTE;XAROPARIA;BUSCHLE;34,9;3490;MAR;2026;03/2026;
PA;10010001;PA10010001;ACUCAR CRISTAL;AÇUCAR;XAROPARIA;CERTANO;2,27792;569480;MAR;2026;03/2026;
PA;10020012;PA10020012;AROMA DE GUARANA 31835 ADM;AROMA;REFRIGERANTE;ADM;120,2;48080;MAR;2026;03/2026;
PA;10020011;PA10020011;AROMA NATURAL MOUTHFEEL FASV259 ADM;AROMA;REFRIGERANTE;ADM;157,52;18902,400000000001;MAR;2026;03/2026;
PA;10090100;PA10090100;ASPARTAME;EDULCORANTE;XAROPARIA;MCASSAB;70,39;10558,5;MAR;2026;03/2026;
PA;10100012;PA10100012;BENZOATO DE SODIO;ACID.E CONSERV.;REF/ENER/NOCH/TON;ANASTACIO;10,352;10352;MAR;2026;03/2026;
PA;10100024;PA10100024;CICLAMATO DE SÓDIO ;EDULCORANTE;XAROPARIA;PARKER;19,87;5961;MAR;2026;03/2026;
PA;10090274;PA10090274;CONCENTRADO BEBIDAS ENERGETICA;AROMA;KIT ENERGÉTICO;WILD;164,7247563;98834,853760445709;FEV;2026;02/2026;
PA;10090295;PA10090295;CONCENTRADO COLA IAB 7729 (NOVO);CONCENT./KITs;KIT COLA;INTERAMERICA;22,39;44780;MAR;2026;03/2026;
PA;11080241;PA11080241;RÓTULO MICOS COLA 2,5L;ROTULO;BOPP-PA;ELLOFLEX;0,03395;6790;MAR;2026;03/2026;
PA;11080243;PA11080243;ROTULO MICOS COLA 2L;ROTULO;BOPP-PA;ELLOFLEX;0,04163;8326;MAR;2026;03/2026;
PA;11080245;PA11080245;RÓTULO MICOS GUARANA 2,5L;ROTULO;BOPP-PA;ELLOFLEX;0,03395;10185;MAR;2026;03/2026;
PA;11080246;PA11080246;RÓTULO MICOS GUARANÁ 200ML;ROTULO;BOPP-PA;ELLOFLEX;0,0059;1180;MAR;2026;03/2026;
PA;11080249;PA11080249;RÓTULO MICOS LARANJA 2,5L;ROTULO;BOPP-PA;ELLOFLEX;0,03395;6790;MAR;2026;03/2026;
PA;11080251;PA11080251;ROTULO MICOS LARANJA 2L;ROTULO;BOPP-PA;ELLOFLEX;0,04163;8326;MAR;2026;03/2026;
PA;10090293;PA10090293;SUCO CONCENTRADO DE MACA;SUCO;XAROPARIA;INTERSUCOS;11,5;14950;MAR;2026;03/2026;
PA;10090090;PA10090090;SUCO CONCENTRADO LARANJA;SUCO;XAROPARIA;INTERSUCOS;10,5;1837,5;MAR;2026;03/2026;
PA;10090094;PA10090094;SUCO CONCENTRADO UVA;SUCO;XAROPARIA;INTERSUCOS;10,5;1575;MAR;2026;03/2026;
PA;10090071;PA10090071;SUCRALOSE;EDULCORANTE;XAROPARIA;MONFIZA;114,06;17109;MAR;2026;03/2026;
MS;2701120001;MS2701120001;PREMIX ENERG EMULVIT 8942;CONCENT./KITs;C.ENERGETICO;CALDIC;18,05;54150;ABR;2026;04/2026;
PR;2801050025;PR2801050025;AROMA IDENTICO AO NATURAL MORANGO;AROMA;ENERGÉTICO;DUAS RODAS;75,88;12140,8;FEV;2026;02/2026;
PR;2801050004;PR2801050004;AROMA NATURA DE CITRUS RB 25395;AROMA;ENERGÉTICO;SAPORITI;105;1890;FEV;2026;02/2026;
PR;2801090005;PR2801090005;CITRATO DE SODIO;ACID.E CONSERV.;ENERG/DELIRIO;KALIUM;8,28;2484;FEV;2026;02/2026;
PR;2801030013;PR2801030013;TAMPA AZUL LISA;TAMPA;PET;OXFORD;0,043333;6551,9496000000008;FEV;2026;02/2026;
SP;2801030014;SP2801030014;TAMPA PLASTICA AZUL OMNI                             ;TAMPA;PET;OXFORD;0,043333;124487,04240000001;FEV;2026;02/2026;
SP;2801030017;SP2801030017;TAMPA PLASTICA PRETA OMNI 120 COM VEDANTE;TAMPA;PET;OXFORD;0,043333;111383,14320000001;FEV;2026;02/2026;
SP;2801260002;SP2801260002;LACRE AGUA HIDRATAR 200ML;LACRE;AGUA 200;OKRA;0,0364;18200;FEV;2026;02/2026;
PR;2801050003;PR2801050003;CONCENTRADO BEBIDAS ENERGETICA;AROMA;KIT ENERGÉTICO;ADM;2044,7664;195790,6545961003;MAR;2026;03/2026;
PR;2801010091;PR2801010091;ROT SLEE NOCH MARACUJA 270ML;ROTULO;SLEEVE;ALL4LABELL;0,12;12000;MAR;2026;03/2026;
PR;2801010089;PR2801010089;ROTULO BOMBADÃO 2L;ROTULO;SLEEVE;ALL4LABELL;0,212856;21285,599999999999;MAR;2026;03/2026;
PR;2801010099;PR2801010099;ROTULO FURIOSO 250ML;ROTULO;SLEEVE;CCL;0,050377;75565,5;MAR;2026;03/2026;
PR;2801010100;PR2801010100;ROTULO FURIOSO 2L;ROTULO;SLEEVE;CCL;0,2062;30930;MAR;2026;03/2026;
PR;2801010103;PR2801010103;ROTULO FURIOSO UVA VERDE 250ML;ROTULO;SLEEVE;CCL;0,050377;10075,4;MAR;2026;03/2026;
SP;2801040014;SP2801040014;FILME STRETCH POLIETILENO 500X0023;FILME;STRETCH;GERAL;22,85;34275;MAR;2026;03/2026;
SP;2801040018;SP2801040018;FILME TERMOENCOLHIVEL LISO 390X0,05MM                    ;FILME;ÁGUA 500;GERAL;23,575;141450;MAR;2026;03/2026;
SP;2801040017;SP2801040017;FILME TERMO ENCOLHIVEL 420X0,05MM;FILME;AGUA 1,5L;GERAL;21;12600;MAR;2026;03/2026;
SP;2801010066;SP2801010066;ROTULO BOPP AGUA S/ GAS HIDRATAR 1,5L                    ;ROTULO;BOPP;GERAL;0,0199498;1994,98;MAR;2026;03/2026;
SP;2801010068;SP2801010068;ROTULO BOPP AGUA S/ GAS HIDRATAR 500ML                   ;ROTULO;BOPP;GERAL;0,01056;26400;MAR;2026;03/2026;
SP;2801160001;SP2801160001;CAIXA AGUA HIDRATAR 48X200ML;CAIXA;AGUA 200;FERCORR;2,09;50920,759999999995;MAR;2026;03/2026;
SP;2801160002;SP2801160002;TABULEIRO SEPARADOR DA CAIXA AGUA HIDRATAR 200ML;CAIXA;AGUA 200;FERCORR;0,25;6650;MAR;2026;03/2026;
SP;2801180001;SP2801180001;COPO AGUA HIDRATAR 200ML;COPO;AGUA 200;POLIGYN;0,1529;76450;MAR;2026;03/2026;
PR;2801120002;PR2801120002;PREMIX ENERG EMULVIT 8942;CONCENT./KITs;C.ENERGETICO;QUANTIQ;18,05;45125;ABR;2026;04/2026;
MS;2701200002;MS2701200002;LUPULO LSKE;CERVEJARIA;LUPULO;LNF LATINO;1017,47;29506,63;MAR;2026;03/2026;
PR;2801020035;PR2801020035;PREFORMA PET 200 ML CRISTAL 12 g;PREFORMA;REFRIKO 200ML;ENGEPACK;0,197948;65446,359552000002;FEV;2026;02/2026;
PR;2701020051;PR2701020051;PREFORMA PET 200 ML CRISTAL 12 g ;PREFORMA;REFRIKO 200ML;ENGEPACK;0,197948;65446,359552000002;FEV;2026;02/2026;
PR;2801020053;PR2801020053;PREFORMA PET 200 ML VERDE 12 g;PREFORMA;REFRIKO 200ML;ENGEPACK;0,197948;38177,043072;FEV;2026;02/2026;
PR;2701020097;PR2701020097;PREFORMA PET 200 ML VERDE 12 g ;PREFORMA;REFRIKO 200ML;ENGEPACK;0,197948;381770,43072;FEV;2026;02/2026;
PR;2701020055;PR2701020055;PREFORMA 18G CRISTAL;PREFORMA;FURIOSO 250ML;ENGEPACK;0,25664;487027,78111999994;FEV;2026;02/2026;
PR;2701020055;PR2701020055;PREFORMA 18G CRISTAL;PREFORMA;FURIOSO 250ML;CRISTALPET;0,25664;263275,68383999995;FEV;2026;02/2026;
PR;2701020059;PR2701020059;PREFORMA 41G CRISTAL;PREFORMA;REFRIKO 2L;ENGEPACK;0,5212;282198,52799999999;FEV;2026;02/2026;
PR;2701020101;PR2701020101;PREFORMA 39,7G VERDE;PREFORMA;REFRISHOW;ENGEPACK;0,445;240940,80000000002;FEV;2026;02/2026;
PR;2701020101;PR2701020101;PREFORMA 39,7G VERDE;PREFORMA;REFRISHOW;CRISTALPET;0,445;208815,36000000002;FEV;2026;02/2026;
PR;2701020102;PR2701020102;PREFORMA 41G VERDE;PREFORMA;REFRIKO 2L;GERAL;0,5212;42329,779199999997;FEV;2026;02/2026;
SP;2801020042;SP2801020042;PREFORMA 15G CRISTAL;PREFORMA;PET 500 PA;CRISTALPET;0,22133;266350,29264;FEV;2026;02/2026;
SP;2801020041;SP2801020041;PREFORMA 18G CRISTAL 500 ML;PREFORMA;PET 500 PA;CRISTALPET;0,25664;415165,50143999996;FEV;2026;02/2026;
SP;2801020032;SP2801020032;PREFORMA 31,7G CRISTAL;PREFORMA;ÁGUA 1,5L;CRISTALPET;0,41577;61098,233039999999;FEV;2026;02/2026;
PA;11070012;PA11070012;PREFORMA 46,0G CRISTAL OU 45,7 G;PREFORMA;PET 2L PA;BRASPET;0,49;159606,72;FEV;2026;02/2026;
PA;11070013;PA11070013;PREFORMA 46,0G VERDE OU 45,7 G;PREFORMA;PET 2L PA;BRASPET;0,49;53202,239999999998;FEV;2026;02/2026;
PA;11070032;PA11070032;PREFORMA 48GR CRISTAL OU 50,7 G;PREFORMA;PET 2,5L PA;AMCOR;0,498;160634,88;FEV;2026;02/2026;
PA;11070041;PA11070041;PREFORMA PET 200 ML CRISTAL 12 G;PREFORMA;PET 200 PA;GERAL;0,159;48367,8;FEV;2026;02/2026;
PA;11070048;PA11070048;PREFORMA PET 200 ML VERDE 12 G;PREFORMA;PET 200 PA;GERAL;0,159;22323,599999999999;FEV;2026;02/2026;
MS;2701020090;MS2701020090;PREFORMA 18G CRISTAL 500 ML - DESCONTINUAR;PREFORMA;REFRIKO 500ML;ENVASES;0,25664;15188,981759999999;FEV;2026;02/2026;
MS;2701020115;MS2701020115;PREFORMA 18 A 20G VERDE 500 ML - DESCONTINUAR;PREFORMA;REFRIKO 500ML;ENVASES;0,204;24147,072;FEV;2026;02/2026;
MS;2701020059;MS2701020059;PREFORMA 41 G CRISTAL;PREFORMA;REFRIKO 2L;ENVASES;0,5553;51016,5216;FEV;2026;02/2026;
MS;2701020102;MS2701020102;PREFORMA 41 G VERDE;PREFORMA;REFRIKO 2L;ENVASES;0,4013;107253,0432;FEV;2026;02/2026;
MS;2701020050;MS2701020050;PREFORMA 48G CRISTAL (COMPRAR 50 G);PREFORMA;PET 2,5L PA;BRASPET;0,644;35919,743999999999;FEV;2026;02/2026;
MS;2701020096;MS2701020096;PREFORMA 48G VERDE;PREFORMA;PET 2,5L PA;GERAL;0,64422;0;FEV;2026;02/2026;
MS;2701020081;MS2701020081;PREFORMA 54,4GR CRISTAL SHORT;PREFORMA;REFRIKO 3L;BRASPET;0,55922;26090,968320000004;FEV;2026;02/2026;
MS;2701020109;MS2701020109;PREFORMA 54,4GR VERDE SHORT;PREFORMA;REFRIKO 3L;BRASPET;0,55922;43484,947200000002;FEV;2026;02/2026;
MS;2701020075;MS2701020075;PREFORMA PET 46,7GR CRISTAL;PREFORMA;FURIOSO 2L;BRASPET;0,594;143871,552;FEV;2026;02/2026;
MS;2701150004;MS2701150004;VASILHAME OW 600ML (BELLA ROMA);VASILHAME;NORMAL;VIDROPORTO;1,13;128141,99999999999;FEV;2026;02/2026;
MS;2701150009;MS2701150009;VASILHAME TUBAINA CRISTAL LONGNECK 355ML;VASILHAME;NORMAL;VIDRO PORTO;0,53;97944;FEV;2026;02/2026;
MS;2701050035;MS2701050035;AROMA ARTIFICIAL GUARANA IFB (PED. KOMPLETO);AROMA;REFRIGERANTE;KOMPLETO;22,75;15925;FEV;2026;02/2026;
MS;2701050036;MS2701050036;AROMA NATURAL DE TANGERINA DOHLER;AROMA;ENERGÉTICO;DOHLER;108;5400;FEV;2026;02/2026;
PR;2801050019;PR2801050019;AROMA IDENTICO AO NATURAL MARACUJA;AROMA;NOCH DEMAIS;DUAS RODAS;54,21;5421;FEV;2026;02/2026;
MS;2701090002;MS2701090002;ACIDO CITRICO;ACID.E CONSERV.;REF/ENER/ROM/DEL;PARKER;8,95;123062,49999999999;MAR;2026;03/2026;
PR;2801090001;PR2801090001;ACIDO MALICO;ACID.E CONSERV.;NOCH;GERAL;9,75;975;MAR;2026;03/2026;
MS;2701090004;MS2701090004;ACIDO TARTARICO ;ACID.E CONSERV.;NOCH/TON/BEL;MCASSAB;35,5;3550;MAR;2026;03/2026;
PR;2801120003;PR2801120003;PREMIX ENERG EMULVIT 8959 - BOMBADÃO SAPORITI -IND;CONCENT./KITs;C.ENERGETICO;DUAS RODAS;180;18000;MAR;2026;03/2026;
PR;2701050037;PR2701050037;AROMA IDENTICO AO NATURAL FRAMBOESA 77587 SAPORITI;AROMA;REFRIGERANTE;SAPORITI;62;6200;MAR;2026;03/2026;
MS;2701050035;MS2701050035;AROMA ARTIFICIAL GUARANA IFB (PED. KOMPLETO);AROMA;REFRIGERANTE;KOMPLETO;22,75;6961,5;MAR;2026;03/2026;
PR;2701050035;PR2701050035;AROMA ARTIFICIAL GUARANA IFB (PED. KOMPLETO);AROMA;REFRIGERANTE;KOMPLETO;22,75;4550;MAR;2026;03/2026;
PA;10020001;PA10020001;AROMA DE LARANJA IDENTICO AO NATURAL;AROMA;REFRIGERANTE;DUAS RODAS;77,66;1747,35;MAR;2026;03/2026;
PR;2701050010;PR2701050010;AROMA DE LARANJA IDENTICO AO NATURAL;AROMA;REFRIGERANTE;DUAS RODAS;75,22;1730,06;MAR;2026;03/2026;
PR;2801050040;PR2801050040;AROMA DE LIMAO MATRIX;AROMA;NOCH LEMON;GERAL;66,2;6620;MAR;2026;03/2026;
MS;2701130007;MS2701130007;AROMA EXTRATO GUARANA REFRIKO 28;AROMA;REFRIGERANTE;SAPORITI;32,8;6559,9999999999991;MAR;2026;03/2026;
PR;2701130007;PR2701130007;AROMA EXTRATO GUARANA REFRIKO 28;AROMA;REFRIGERANTE;SAPORITI;32,8;29519,999999999996;MAR;2026;03/2026;
PA;10020003;PA10020003;AROMA FRUTAS TROPICAIS;AROMA;ENERGÉTICO;MONARCH;137,5;5500;MAR;2026;03/2026;
MS;2701050008;MS2701050008;AROMA FRUTAS TROPICAIS;AROMA;ENERGÉTICO;MONARCH;149,57;37392,5;MAR;2026;03/2026;
MS;2701050033;MS2701050033;AROMA ID. AO NATURAL DE UVA VERDE SAPORITI;AROMA;ENERGÉTICO;SAPORITI;108;10800;MAR;2026;03/2026;
MS;2701050026;MS2701050026;AROMA IDENTICO AO NATURAL DE PESSEGO;AROMA;NOCH DEMAIS;SAPORITI;58;2900;MAR;2026;03/2026;
PR;2801050027;PR2801050027;AROMA IDENTICO AO NATURAL DE PESSEGO;AROMA;NOCH DEMAIS;SAPORITI;58;2900;MAR;2026;03/2026;
PA;10020010;PA10020010;AROMA IDENTICO AO NATURAL MELANCIA;AROMA;ENERGÉTICO;DUAS RODAS;36,8;736;MAR;2026;03/2026;
MS;2701050017;MS2701050017;AROMA IDENTICO AO NATURAL MELANCIA;AROMA;ENERGÉTICO;DUAS RODAS;37,17;7434;MAR;2026;03/2026;
PR;2801050021;PR2801050021;AROMA IDENTICO AO NATURAL MELANCIA;AROMA;ENERGÉTICO;DUAS RODAS;37,17;5575,5;MAR;2026;03/2026;
MS;2701050021;MS2701050021;AROMA IDENTICO AO NATURAL MORANGO;AROMA;ENERGÉTICO;DUAS RODAS;75,88;11382;MAR;2026;03/2026;
PR;2701050011;PR2701050011;AROMA LIMAO REFRIKO 41;AROMA;REFRIGERANTE;SAPORITI;48;7200;MAR;2026;03/2026;
PA;10020006;PA10020006;AROMA MAÇA VERDE COD;AROMA;ENERGÉTICO;DUAS RODAS;47,96;815,32;MAR;2026;03/2026;
PA;10020007;PA10020007;AROMA MELAO ;AROMA;ENERGÉTICO;DUAS RODAS;57,68;2941,68;MAR;2026;03/2026;
PR;2801050010;PR2801050010;AROMA NATURAL DE LIMAO VERDE;AROMA;NOCH DEMAIS;MATRIX;36;900;FEV;2026;02/2026;
PA;10020009;PA10020009;AROMA UVA REFRIKO 84;AROMA;REFRIGERANTE;SAPORITI;23,5;7050;MAR;2026;03/2026;
PR;2701050027;PR2701050027;AROMA UVA REFRIKO 84;AROMA;REFRIGERANTE;SAPORITI;28;5600;MAR;2026;03/2026;
PR;2701100002;PR2701100002;BENZOATO DE SODIO;ACID.E CONSERV.;REF/ENER/NOCH/TON;BBCA;12,1;26620;MAR;2026;03/2026;
MS;2701090006;MS2701090006;CITRATO DE SODIO;ACID.E CONSERV.;ENERG/DELIRIO;PARKER;8,28;4968;MAR;2026;03/2026;
MS;2701050022;MS2701050022;CONCENTRADO DE GUARANA IAB 7205;AROMA;REFRIGERANTE;INTERAMERICA;25,87;5174;MAR;2026;03/2026;
PR;2701050022;PR2701050022;CONCENTRADO DE GUARANA IAB 7205;AROMA;REFRIGERANTE;INTERAMERICA;27,17;13585;MAR;2026;03/2026;
MS;2701060009;MS2701060009;CORANTE AMARELO SUNSET;CORANTE;XAROPARIA;SAPORITI;45,62;456,2;MAR;2026;03/2026;
PR;2701060007;PR2701060007;CORANTE CARAMELO CLASE IV DPC;CORANTE;REFRIGERANTE;SAPORITI;7,5;3750;MAR;2026;03/2026;
MS;2701060001;MS2701060001;CORANTE PONCEAU ;CORANTE;ENERGÉTICO;SAPORITI;67;670;MAR;2026;03/2026;
PA;10090017;PA10090017;EMULSAO LARANJA REFRIKO 98;EMULSAO;XAROPARIA;SAPORITI;36;12600;MAR;2026;03/2026;
PR;2701050018;PR2701050018;EMULSAO LARANJA REFRIKO 98;EMULSAO;XAROPARIA;SAPORITI;32,8;22959,999999999996;MAR;2026;03/2026;
PR;2701050016;PR2701050016;EMULSAO NEUTRA PARA SUCO;EMULSAO;XAROPARIA;SAPORITI;56;5600;MAR;2026;03/2026;
PA;10090291;PA10090291;EXTRATO DE GUARANA 200% DUAS RODAS;AROMA;REFRIGERANTE;DUAS RODAS;47,87;4882,74;MAR;2026;03/2026;
MS;2701130006;MS2701130006;EXTRATO DE GUARANA 200% DUAS RODAS;AROMA;ENERG./DELÍR.;DUAS RODAS;49,93;2496,5;MAR;2026;03/2026;
PR;2701130006;PR2701130006;EXTRATO DE GUARANA 200% DUAS RODAS;AROMA;ENERG./DELÍR.;DUAS RODAS;49,93;14979;MAR;2026;03/2026;
MS;2701150001;MS2701150001;VASILHAME GINGUALA 970ML;VASILHAME;NORMAL;VIDRO PORTO;1,57;198950,39999999999;MAR;2026;03/2026;
PR;2701020051;PR2701020051;PREFORMA PET 200 ML CRISTAL 12 g ;PREFORMA;REFRIKO 200ML;ENGEPACK;0,197948;190885,21536;MAR;2026;03/2026;
PR;2701020097;PR2701020097;PREFORMA PET 200 ML VERDE 12 g ;PREFORMA;REFRIKO 200ML;ENGEPACK;0,197948;305416,344576;MAR;2026;03/2026;
PR;2801020053;PR2801020053;PREFORMA PET 200 ML VERDE 12 g;PREFORMA;REFRIKO 200ML;ENGEPACK;0,197948;21815,453184000002;MAR;2026;03/2026;
PA;11070041;PA11070041;PREFORMA PET 200 ML CRISTAL 12 G;PREFORMA;PET 200 PA;CRISTALPET;0,159;59529,599999999999;MAR;2026;03/2026;
PA;11070048;PA11070048;PREFORMA PET 200 ML VERDE 12 G;PREFORMA;PET 200 PA;CRISTALPET;0,159;22323,599999999999;MAR;2026;03/2026;
SP;2801020042;SP2801020042;PREFORMA 15G CRISTAL;PREFORMA;PET 500 PA;CRISTALPET;0,22133;261983,89439999999;MAR;2026;03/2026;
MS;2701020115;MS2701020115;PREFORMA 18 A 20G VERDE 500 ML - DESCONTINUAR;PREFORMA;REFRIKO 500ML;CRISTALPET;0,204;8049,0239999999994;MAR;2026;03/2026;
PA;11070046;PA11070046;PREFORMA 18 ou 20,6G CRISTAL;PREFORMA;PET 500 PA;CRISTALPET;0,236;23279,039999999997;MAR;2026;03/2026;
PR;2701020055;PR2701020055;PREFORMA 18G CRISTAL;PREFORMA;FURIOSO 250ML;ENGEPACK;0,25664;235238,27711999998;MAR;2026;03/2026;
SP;2801020041;SP2801020041;PREFORMA 18G CRISTAL 500 ML;PREFORMA;PET 500 PA;CRISTALPET;0,25664;192393,76895999999;MAR;2026;03/2026;
SP;2801020032;SP2801020032;PREFORMA 31,7G CRISTAL;PREFORMA;ÁGUA 1,5L;CRISTALPET;0,41577;28199,18448;MAR;2026;03/2026;
PR;2701020058;PR2701020058;PREFORMA 39,7G CRISTAL;PREFORMA;TERNURA LARANJA;ENGEPACK;0,445;60235,200000000004;MAR;2026;03/2026;
PR;2701020101;PR2701020101;PREFORMA 39,7G VERDE;PREFORMA;REFRISHOW;ENGEPACK;0,445;216846,72;MAR;2026;03/2026;
MS;2701020059;MS2701020059;PREFORMA 41 G CRISTAL;PREFORMA;REFRIKO 2L;CRISTALPET;0,5553;46378,656000000003;MAR;2026;03/2026;
PR;2701020059;PR2701020059;PREFORMA 41G CRISTAL;PREFORMA;REFRIKO 2L;ENVASES;0,5212;87061,247999999992;MAR;2026;03/2026;
MS;2701020102;MS2701020102;PREFORMA 41 G VERDE;PREFORMA;REFRIKO 2L;CRISTALPET;0,4013;87143,097599999994;MAR;2026;03/2026;
PR;2701020102;PR2701020102;PREFORMA 41G VERDE;PREFORMA;REFRIKO 2L;ENVASES;0,5212;139297,99679999999;MAR;2026;03/2026;
PA;11070032;PA11070032;PREFORMA 48GR CRISTAL OU 50,7 G;PREFORMA;PET 2,5L PA;CRISTALPET;0,498;100396,8;MAR;2026;03/2026;
MS;2701020075;MS2701020075;PREFORMA PET 46,7GR CRISTAL;PREFORMA;FURIOSO 2L;CRISTALPET;0,594;69455,232000000004;MAR;2026;03/2026;
PR;2701050023;PR2701050023;PREP ACIDO COLA ;CONCENT./KITs;KIT COLA;SAPORITI;25;2500;MAR;2026;03/2026;
MS;2701040019;MS2701040019;SHRINK BAMBOA 350ML -360X0,06 LAGER;FILME;BAMBOA;CANCELADO;14,5;0;MAR;2026;03/2026;
PR;2701130009;PR2701130009;SUCO CONCENTRADO DE MACA;SUCO;XAROPARIA;INTERSUCOS;12;12000;MAR;2026;03/2026;
PR;2701130001;PR2701130001;SUCO CONCENTRADO LARANJA;SUCO;XAROPARIA;INTERSUCOS;12;2400;MAR;2026;03/2026;
MS;2701030037;MS2701030037;TAMPA AMARELA LISA;TAMPA;PET;CANCELADO;0,049;0;MAR;2026;03/2026;
PR;2701030037;PR2701030037;TAMPA AMARELA LISA;TAMPA;PET;OXFORD;0,04445;168021;MAR;2026;03/2026;
PR;2701030043;PR2701030043;TAMPA LARANJA REFRIKO;TAMPA;PET;OXFORD;0,04445;20162,52;MAR;2026;03/2026;
PR;2701030044;PR2701030044;TAMPA LILAS LISA;TAMPA;PET;OXFORD;0,04445;20162,52;MAR;2026;03/2026;
SP;2801030014;SP2801030014;TAMPA PLASTICA AZUL OMNI                             ;TAMPA;PET;OXFORD;0,043333;13103,899200000002;MAR;2026;03/2026;
SP;2801030017;SP2801030017;TAMPA PLASTICA PRETA OMNI 120 COM VEDANTE;TAMPA;PET;OXFORD;0,043333;65519,496000000006;MAR;2026;03/2026;
PR;2701030049;PR2701030049;TAMPA VERDE REFRIKO;TAMPA;PET;OXFORD;0,04445;67208,400000000009;MAR;2026;03/2026;
PR;2701030050;PR2701030050;TAMPA VERMELHA LISA;TAMPA;PET;OXFORD;0,04445;20162,52;MAR;2026;03/2026;
MS;2701150003;MS2701150003;VASILHAME NOVO 330ML;VASILHAME;LONGNECK;VIDRO PORTO;0,88;84022,399999999994;MAR;2026;03/2026;
MS;2701150004;MS2701150004;VASILHAME OW 600ML (BELLA ROMA);VASILHAME;NORMAL;VIDROPORTO;1,13;128141,99999999999;MAR;2026;03/2026;
MS;2701150009;MS2701150009;VASILHAME TUBAINA CRISTAL LONGNECK 355ML;VASILHAME;NORMAL;VIDRO PORTO;0,53;48972;ABR;2026;04/2026;
PR;2801010090;PR2801010090;ROT SLEE NOCH LIMAO 270ML;ROTULO;SLEEVE;ALL4LABELL;0,12;24000;MAR;2026;03/2026;
PR;2801010091;PR2801010091;ROT SLEE NOCH MARACUJA 270ML;ROTULO;SLEEVE;ALL4LABELL;0,12;24000;MAR;2026;03/2026;
PR;2801010092;PR2801010092;ROT SLEE NOCH MELANCIA E MORAN 270ML-IND;ROTULO;SLEEVE;ALL4LABELL;0,12;24000;MAR;2026;03/2026;
MS;2701070006;MS2701070006;ACESSULFAME DE POTASSIO;EDULCORANTE;XAROPARIA;KALIUM;28,53;2853;ABR;2026;04/2026;
PR;2701070006;PR2701070006;ACESSULFAME DE POTASSIO;EDULCORANTE;XAROPARIA;KALIUM;28,53;2853;ABR;2026;04/2026;
PA;10010001;PA10010001;ACUCAR CRISTAL;AÇUCAR;XAROPARIA;CERTANO;2,27792;569480;ABR;2026;04/2026;
PA;10020012;PA10020012;AROMA DE GUARANA 31835 ADM;AROMA;REFRIGERANTE;ADM;120,2;36060;ABR;2026;04/2026;
PA;10020011;PA10020011;AROMA NATURAL MOUTHFEEL FASV259 ADM;AROMA;REFRIGERANTE;ADM;157,52;20005,04;ABR;2026;04/2026;
PR;2701050001;PR2701050001;AROMA NATURAL MOUTHFEEL FASV259 ADM;AROMA;REFRIGERANTE;ADM;165,4;16540;ABR;2026;04/2026;
PR;2701070005;PR2701070005;ASPARTAME;EDULCORANTE;XAROPARIA;KONKRETA;61,26;6126;ABR;2026;04/2026;
MS;2701160013;MS2701160013;CAIXA TUBAÍNA 12X355ML;CAIXA;TUBAINA;CARTONAGEM;1,97;39400;ABR;2026;04/2026;
MS;2701240005;MS2701240005;CHAPA SEM IMPRESSAO CORRUGADO 1000X1200;SEPARADOR DE CAMADAS;CHAPA;EMBRART;3,13;15650;ABR;2026;04/2026;
MS;2701070004;MS2701070004;CICLAMATO DE SÓDIO ;EDULCORANTE;XAROPARIA;KALIUM;14,18;709;ABR;2026;04/2026;
PR;2701070004;PR2701070004;CICLAMATO DE SÓDIO ;EDULCORANTE;XAROPARIA;KONKRETA;14,18;2836;ABR;2026;04/2026;
MS;2701210003;MS2701210003;CLEAR MAX PVPP;CERVEJARIA;OUTROS;PROZYN ;138,35;16602;ABR;2026;04/2026;
PA;10090274;PA10090274;CONCENTRADO BEBIDAS ENERGETICA;AROMA;KIT ENERGÉTICO;WILD;164,7247563;32944,9512534819;MAR;2026;03/2026;
MS;2701050040;MS2701050040;CONCENTRADO BEBIDAS ENERGETICA;AROMA;KIT ENERGÉTICO;ADM;2076,886;180787,43036211701;ABR;2026;04/2026;
PR;2801050003;PR2801050003;CONCENTRADO BEBIDAS ENERGETICA;AROMA;KIT ENERGÉTICO;ADM;2044,7664;355983,00835654599;ABR;2026;04/2026;
PA;10090295;PA10090295;CONCENTRADO COLA IAB 7729 (NOVO);CONCENT./KITs;KIT COLA;INTERAMERICA;22,39;58214;ABR;2026;04/2026;
MS;2701160011;MS2701160011;CX ONE WAY BAMBOA 12X330ML;CAIXA;CERVEJA;BLUMEN;1,84;30764,800000000003;ABR;2026;04/2026;
MS;2701040009;MS2701040009;FILME STRETCH POLIETILENO 500X0023;FILME;STRETCH;EPA;22,85;45700;ABR;2026;04/2026;
PR;2701040009;PR2701040009;FILME STRETCH POLIETILENO 500X0023;FILME;STRETCH;EPA;20;20000;ABR;2026;04/2026;
PA;11040793;PA11040793;FILME TERMO - 480X0,06;FILME;REFRI;EPA;10,35;31050;ABR;2026;04/2026;
MS;2701040002;MS2701040002;FILME TERMO ENCOLHIVEL 420 X 0,06;FILME;REFR/ENERG.;EPA;23,5;70500;ABR;2026;04/2026;
PR;2701040004;PR2701040004;FILME TERMO ENCOLHIVEL 600 MM X 0,04 ;FILME;REFRI;GERAL;14,1;28200;ABR;2026;04/2026;
PR;2801040019;PR2801040019;FILME TERMO ENCOLHIVEL 600 MM X 0,04;FILME;REFRI;EPA;14,1;14100;ABR;2026;04/2026;
PR;2701040006;PR2701040006;FILME TERMO ENCOLHIVEL 860/5 MM;FILME;JUJ/TERN;GERAL;23,575;70725;ABR;2026;04/2026;
MS;2701200002;MS2701200002;LUPULO LSKE;CERVEJARIA;LUPULO;LNF LATINO;1017,47;29506,63;ABR;2026;04/2026;
PA;10090290;PA10090290;PREMIX ENERG EMULVIT 8942 ADM;CONCENT./KITs;C.ENERGETICO;QUANTIQ;26,8;8040;ABR;2026;04/2026;
SP;2801010063;SP2801010063;ROTULO BOPP AGUA C/ GAS HIDRATAR 500ML                   ;ROTULO;BOPP;GERAL;0,01056;15840;ABR;2026;04/2026;
PA;11080232;PA11080232;ROTULO FURIOSO 250ML;ROTULO;SLEEVE-PA;CCL;0,06581;13162,000000000002;ABR;2026;04/2026;
PR;2801010099;PR2801010099;ROTULO FURIOSO 250ML;ROTULO;SLEEVE;CCL;0,050377;65490,1;ABR;2026;04/2026;
PR;2801010097;PR2801010097;ROTULO FURIOSO MELANCIA E MORANGO 250ML;ROTULO;SLEEVE;CCL;0,050377;10075,4;ABR;2026;04/2026;
PR;2801010095;PR2801010095;ROTULO FURIOSO MELAO 250ML;ROTULO;SLEEVE;CCL;0,050377;10075,4;ABR;2026;04/2026;
PR;2801010101;PR2801010101;ROTULO FURIOSO TROPICAL 250ML;ROTULO;SLEEVE;CCL;0,050377;10075,4;ABR;2026;04/2026;
MS;2701010191;MS2701010191;ROTULO FURIOSO 2L;ROTULO;SLEEVE;CCL;0,2062;30930;ABR;2026;04/2026;
PR;2801010100;PR2801010100;ROTULO FURIOSO 2L;ROTULO;SLEEVE;CCL;0,2062;41240;ABR;2026;04/2026;
PR;2701010149;PR2701010149;ROTULO REFRIKO TUBAÍNA 200 ML ;ROTULO;BOPP;TRIA;0,008;3200;ABR;2026;04/2026;
PR;2701010137;PR2701010137;ROTULO GUARANA REDUZIDO 200 ML ;ROTULO;BOPP;GERAL;0,008;0;ABR;2026;04/2026;
PR;2701010131;PR2701010131;ROTULO REFRIKO COLA REDUZIDO 200 ML ;ROTULO;BOPP;TRIA;0,008;4000;ABR;2026;04/2026;
PR;2701010154;PR2701010154;ROTULO REFRIKO UVA DQI1% 200 ML ;ROTULO;BOPP;TRIA;0,008;4800;ABR;2026;04/2026;
PR;2701010142;PR2701010142;ROTULO GUARANA 2 LT ZERO;ROTULO;BOPP;TRIA;0,0355;7099,9999999999991;ABR;2026;04/2026;
PA;11080241;PA11080241;RÓTULO MICOS COLA 2,5L;ROTULO;BOPP-PA;ELLOFLEX;0,03395;10185;ABR;2026;04/2026;
PA;11080245;PA11080245;RÓTULO MICOS GUARANA 2,5L;ROTULO;BOPP-PA;ELLOFLEX;0,03395;10185;ABR;2026;04/2026;
PA;11080253;PA11080253;RÓTULO MICOS UVA 2,5L;ROTULO;BOPP-PA;ELLOFLEX;0,03395;10185;ABR;2026;04/2026;
MS;2701010161;MS2701010161;ROTULO TERNURA TUBAINA 2L;ROTULO;BOPP;ELLOFLEX;0,0355;3549,9999999999995;ABR;2026;04/2026;
PR;2701010161;PR2701010161;ROTULO TERNURA TUBAINA 2L;ROTULO;BOPP;GERAL;0,0355;3549,9999999999995;ABR;2026;04/2026;
PR;2701070002;PR2701070002;SACARINA SÓDICA;EDULCORANTE;XAROPARIA;KALIUM;29,65;2965;ABR;2026;04/2026;
PA;10090293;PA10090293;SUCO CONCENTRADO DE MACA;SUCO;XAROPARIA;INTERSUCOS;11,5;11500;ABR;2026;04/2026;
PA;10090090;PA10090090;SUCO CONCENTRADO LARANJA;SUCO;XAROPARIA;INTERSUCOS;10,5;3150;ABR;2026;04/2026;
PA;10090094;PA10090094;SUCO CONCENTRADO UVA;SUCO;XAROPARIA;INTERSUCOS;10,5;2100;ABR;2026;04/2026;
MS;2701070001;MS2701070001;SUCRALOSE;EDULCORANTE;XAROPARIA;WENDA;84,3;8430;ABR;2026;04/2026;
PR;2701070001;PR2701070001;SUCRALOSE;EDULCORANTE;XAROPARIA;WENDA;88;17600;ABR;2026;04/2026;
PA;11090086;PA11090086;TAMPA AMARELA LISA;TAMPA;PET;RAVIBRAS;0,04667;7840,56;ABR;2026;04/2026;
PA;11090001;PA11090001;TAMPA LARANJA REFRIKO;TAMPA;PET;RAVIBRAS;0,04667;14113,008000000002;ABR;2026;04/2026;
PA;11090034;PA11090034;TAMPA LILAS LISA;TAMPA;PET;RAVIBRAS;0,04667;15681,12;ABR;2026;04/2026;
PA;11090031;PA11090031;TAMPA VERMELHA LISA;TAMPA;PET;RAVIBRAS;0,04667;78405,600000000006;ABR;2026;04/2026;
MS;2701100002;MS2701100002;BENZOATO DE SODIO;ACID.E CONSERV.;REF/ENER/NOCH/TON;BBCA;12,1;6050;MAI;2026;05/2026;
MS;2701100002;MS2701100002;BENZOATO DE SODIO;ACID.E CONSERV.;REF/ENER/NOCH/TON;BBCA;12,1;6050;JUN;2026;06/2026;
PR;2701100002;PR2701100002;BENZOATO DE SODIO;ACID.E CONSERV.;REF/ENER/NOCH/TON;BBCA;12,1;18150;MAI;2026;05/2026;
PR;2701100002;PR2701100002;BENZOATO DE SODIO;ACID.E CONSERV.;REF/ENER/NOCH/TON;CANCELADO;12,1;0;JUN;2026;06/2026;
MS;2701070001;MS2701070001;SUCRALOSE;EDULCORANTE;XAROPARIA;WENDA;84,3;8430;MAI;2026;05/2026;
MS;2701070001;MS2701070001;SUCRALOSE;EDULCORANTE;XAROPARIA;WENDA;84,3;4215;JUN;2026;06/2026;
PR;2701070001;PR2701070001;SUCRALOSE;EDULCORANTE;XAROPARIA;WENDA;88;13200;MAI;2026;05/2026;
PR;2701070001;PR2701070001;SUCRALOSE;EDULCORANTE;XAROPARIA;WENDA;88;14960;JUN;2026;06/2026;
PA;10100012;PA10100012;BENZOATO DE SODIO;ACID.E CONSERV.;REF/ENER/NOCH/TON;BBCA;10,352;5176;ABR;2026;04/2026;
PA;10100012;PA10100012;BENZOATO DE SODIO;ACID.E CONSERV.;REF/ENER/NOCH/TON;BBCA;10,352;6211,2;MAI;2026;05/2026;
PA;10100012;PA10100012;BENZOATO DE SODIO;ACID.E CONSERV.;REF/ENER/NOCH/TON;BBCA;10,352;7246,4000000000005;JUN;2026;06/2026;
PA;10090071;PA10090071;SUCRALOSE;EDULCORANTE;XAROPARIA;WENDA;114,06;57030;ABR;2026;04/2026;
MS;2701100002;MS2701100002;BENZOATO DE SODIO;ACID.E CONSERV.;REF/ENER/NOCH/TON;BBCA;12,1;6050;ABR;2026;04/2026;
PA;10090274;PA10090274;CONCENTRADO BEBIDAS ENERGETICA;AROMA;KIT ENERGÉTICO;WILD;164,7247563;98834,853760445709;ABR;2026;04/2026;
PA;10090290;PA10090290;PREMIX ENERG EMULVIT 8942 ADM;CONCENT./KITs;C.ENERGETICO;QUANTIQ;26,8;5360;MAR;2026;03/2026;
PR;2801170001;PR2801170001;AGUARDENTE DE CANA CACHACA LT;CACHAÇA;TANQUE;COOP ;2,26;134515,19999999998;MAR;2026;03/2026;
MS;2701150006;MS2701150006;VASILHAME AMBAR 300ML - LITRINHO;VASILHAME;NORMAL;VIDRO PORTO;0,74;75213,600000000006;MAR;2026;03/2026;
MS;2701090006;MS2701090006;CITRATO DE SODIO;ACID.E CONSERV.;ENERG/DELIRIO;KALIUM;8,28;2484;FEV;2026;02/2026;
PR2;2701040009;PR22701040009;FILME STRETCH POLIETILENO 500X0023;FILME;STRETCH;GERAL;20;80000;ABR;2026;04/2026;
PR2;2701040034;PR22701040034;FILME TERMO ENCOLHIVEL 300 MM X 0,04 ;FILME;REFRI;GERAL;23,575;117875;ABR;2026;04/2026;
PR2;2701040034;PR22701040034;FILME TERMO ENCOLHIVEL 300 MM X 0,04 ;FILME;REFRI;GERAL;23,575;117875;ABR;2026;04/2026;
PR2;2701040007;PR22701040007;FILME TERMO ENCOLHIVEL 860/0,06 MM;FILME;REFR/ENERG.;GERAL;21;63000;ABR;2026;04/2026;
PR2;2701040006;PR22701040006;FILME TERMO ENCOLHIVEL 860/5 MM;FILME;JUJ/TERN;GERAL;14,1;28200;ABR;2026;04/2026;
PR2;2701040021;PR22701040021;SHRINK BAMBOA 350ML - 660X0,06 LAGER;FILME;BAMBOA;PACKSEVEN;16,675;33350;JUN;2026;06/2026;
PR2;2701040031;PR22701040031;SHRINK MOEMA 350ML - 790X0,06;FILME;MOEMA;GERAL;16,675;250125;JUN;2026;06/2026;
PR2;2701040033;PR22701040033;SHRINK MOEMA 473ML - 790X0,06;FILME;MOEMA;PACKSEVEN;14,5;29000;JUN;2026;06/2026;
PR2;2701010141;PR22701010141;ROTULO GUARANA 200 ML ZERO ;ROTULO;BOPP;GERAL;0,008;10800;MAI;2026;05/2026;
PR2;2801010074;PR22801010074;ROTULO GUARANA 200 ML ZERO;ROTULO;BOPP;GERAL;0,008;1200;MAI;2026;05/2026;
PR2;2701010146;PR22701010146;ROTULO REFRIKO LIMÃO DQI1% 200 ML ;ROTULO;BOPP;GERAL;0,008;10800;MAI;2026;05/2026;
PR2;2801010077;PR22801010077;ROTULO REFRIKO LIMÃO DQI1% 200 ML;ROTULO;BOPP;GERAL;0,008;1200;MAI;2026;05/2026;
PR2;2701010149;PR22701010149;ROTULO REFRIKO TUBAÍNA 200 ML ;ROTULO;BOPP;GERAL;0,008;14000;MAI;2026;05/2026;
PR2;2801010078;PR22801010078;ROTULO REFRIKO TUBAÍNA 200 ML ;ROTULO;BOPP;GERAL;0,008;2000;MAI;2026;05/2026;
PR2;2701010137;PR22701010137;ROTULO GUARANA REDUZIDO 200 ML ;ROTULO;BOPP;GERAL;0,008;16000;MAI;2026;05/2026;
PR2;2801010072;PR22801010072;ROTULO GUARANA REDUZIDO 200 ML ;ROTULO;BOPP;GERAL;0,008;2000;MAI;2026;05/2026;
PR2;2701010131;PR22701010131;ROTULO REFRIKO COLA REDUZIDO 200 ML ;ROTULO;BOPP;GERAL;0,008;10400;MAI;2026;05/2026;
PR2;2801010070;PR22801010070;ROTULO REFRIKO COLA REDUZIDO 200 ML ;ROTULO;BOPP;GERAL;0,008;1600;MAI;2026;05/2026;
PR2;2701010143;PR22701010143;ROTULO REFRIKO LARANJA DQI1% 200 ML ;ROTULO;BOPP;GERAL;0,008;14000;MAI;2026;05/2026;
PR2;2801010075;PR22801010075;ROTULO REFRIKO LARANJA DQI1% 200 ML;ROTULO;BOPP;GERAL;0,008;2000;MAI;2026;05/2026;
PR2;2701010154;PR22701010154;ROTULO REFRIKO UVA DQI1% 200 ML ;ROTULO;BOPP;GERAL;0,008;10400;MAI;2026;05/2026;
PR2;2801010080;PR22801010080;ROTULO REFRIKO UVA DQI1% 200 ML;ROTULO;BOPP;GERAL;0,008;1600;MAI;2026;05/2026;
PR2;2701010135;PR22701010135;ROTULO FRAMBOESA REDUZIDO 2L;ROTULO;BOPP;GERAL;0,0355;10649,999999999998;MAI;2026;05/2026;
PR2;2701010142;PR22701010142;ROTULO GUARANA 2 LT ZERO;ROTULO;BOPP;TRIA;0,0355;7099,9999999999991;AGO;2026;08/2026;
PR2;2701010138;PR22701010138;ROTULO GUARANA 2L;ROTULO;BOPP;GERAL;0,0355;10649,999999999998;MAI;2026;05/2026;
PR2;2701010132;PR22701010132;ROTULO REFRIKO COLA 2L;ROTULO;BOPP;GERAL;0,05448;16344;MAI;2026;05/2026;
PR2;2701010150;PR22701010150;ROTULO TUBAINA 2L;ROTULO;BOPP;GERAL;0,05448;16344;MAI;2026;05/2026;
PR2;2701010156;PR22701010156;ROTULO BOPP REFRISHOW GUARANA 2 L;ROTULO;BOPP;GERAL;0,0355;14199,999999999998;MAI;2026;05/2026;
PR2;2701090003;PR22701090003;ACIDO LACTICO - IBC;CERVEJARIA;OUTROS;KALIUM;10,41;13533;ABR;2026;04/2026;
PR2;2701210005;PR22701210005;ALGINATO DE PROPILENO GLICOL;CERVEJARIA;OUTROS;GERAL;283,79;85137;ABR;2026;04/2026;
PR2;2701090005;PR22701090005;ANTIOXIDANTE;CERVEJARIA;OUTROS;AEB;29,94;7485;ABR;2026;04/2026;
PR2;3002020007;PR23002020007;CARVÃO ATIVADO;TERRA;XAROPARIA;GERAL;12,5;3750;ABR;2026;04/2026;
PR2;2701210003;PR22701210003;CLEAR MAX PVPP;CERVEJARIA;OUTROS;GERAL;138,35;30437;ABR;2026;04/2026;
PR2;2701250001;PR22701250001;CLORETO DE CALCIO - IBC;CERVEJARIA;OUTROS;BELA VISTA ;4,07;4070,0000000000005;JUN;2026;06/2026;
PR2;2701060006;PR22701060006;CORANTE CARAMELO CERVEJA;CERVEJARIA;OUTROS;GERAL;6,38;3828;ABR;2026;04/2026;
PR2;2701210004;PR22701210004;ENZIMA ULTRA FLOW;CERVEJARIA;OUTROS;GERAL;76,36;9163,2000000000007;ABR;2026;04/2026;
PR2;2701200002;PR22701200002;LUPULO LSKE;CERVEJARIA;LUPULO;GERAL;1017,47;50873,5;ABR;2026;04/2026;
PR2;2701210002;PR22701210002;SILICA HP 9000;CERVEJARIA;OUTROS;GERAL;36,01;72020;ABR;2026;04/2026;
MS;2701070006;MS2701070006;ACESSULFAME DE POTASSIO;EDULCORANTE;XAROPARIA;KONKRETA;28,53;2853;JUL;2026;07/2026;
PR2;3002020010;PR23002020010;TERRA CELITE DIATOMITA 2500/535;TERRA;CERVEJARIA;GERAL;8,8;80520;ABR;2026;04/2026;
PR2;3002020009;PR23002020009;TERRA CELITE DIATOMITA SPEEDFLOW/STANDARD (VERMELHO);TERRA;CERVEJARIA;GERAL;8,8;26400,000000000004;ABR;2026;04/2026;
PR2;3002020008;PR23002020008;TERRA DIATOMITA 215/FILTER CEL;TERRA;XAROPARIA;GERAL;8,8;5280;ABR;2026;04/2026;
PR2;3002020011;PR23002020011;TERRA DIATOMITA 341/HYFLOW (AZUL);TERRA;XAROPARIA;GERAL;8,8;8800;ABR;2026;04/2026;
PR2;2701070006;PR22701070006;ACESSULFAME DE POTASSIO;EDULCORANTE;XAROPARIA;GERAL;28,53;2853;MAI;2026;05/2026;
PR2;2701090002;PR22701090002;ACIDO CITRICO;ACID.E CONSERV.;REF/ENER/ROM/DEL;GERAL;8,95;44750;MAI;2026;05/2026;
PR2;2701050037;PR22701050037;AROMA IDENTICO AO NATURAL FRAMBOESA 77587 SAPORITI;AROMA;REFRIGERANTE;SAPORITI;62;6200;MAI;2026;05/2026;
PR2;2701050035;PR22701050035;AROMA ARTIFICIAL GUARANA IFB (PED. KOMPLETO);AROMA;REFRIGERANTE;KOMPLETO;22,75;11375;MAI;2026;05/2026;
PR2;2701050010;PR22701050010;AROMA DE LARANJA IDENTICO AO NATURAL;AROMA;REFRIGERANTE;GERAL;75,22;0;MAI;2026;05/2026;
PR2;2701130007;PR22701130007;AROMA EXTRATO GUARANA REFRIKO 28;AROMA;REFRIGERANTE;SAPORITI;32,8;45919,999999999993;MAI;2026;05/2026;
PR2;2701050011;PR22701050011;AROMA LIMAO REFRIKO 41;AROMA;REFRIGERANTE;SAPORITI;48;7200;MAI;2026;05/2026;
PR;2701070006;PR2701070006;ACESSULFAME DE POTASSIO;EDULCORANTE;XAROPARIA;GERAL;28,53;4279,5;JUL;2026;07/2026;
PR2;2701050027;PR22701050027;AROMA UVA REFRIKO 84;AROMA;REFRIGERANTE;SAPORITI;28;5600;MAI;2026;05/2026;
PR2;2701070005;PR22701070005;ASPARTAME;EDULCORANTE;XAROPARIA;KONKRETA;61,26;11026,8;MAI;2026;05/2026;
PR2;2701100002;PR22701100002;BENZOATO DE SODIO;ACID.E CONSERV.;REF/ENER/NOCH/TON;CANCELADO;12,1;0;MAI;2026;05/2026;
PR2;2701240004;PR22701240004;CHAPA SEM IMPRESSAO 1000X1200 (NOVA);SEPARADOR DE CAMADAS;CHAPA;CPEL;1,19;45220;MAI;2026;05/2026;
PR2;2701070004;PR22701070004;CICLAMATO DE SÓDIO ;EDULCORANTE;XAROPARIA;KONKRETA;14,18;2552,4;MAI;2026;05/2026;
PR2;2701050022;PR22701050022;CONCENTRADO DE GUARANA IAB 7205;AROMA;REFRIGERANTE;INTERAMERICA;27,17;46732,4;MAI;2026;05/2026;
PR2;2701060010;PR22701060010;CORANTE AMARANTO;CORANTE;DELIRIO;SAPORITI;85,5;1282,5;MAI;2026;05/2026;
PR2;2701060009;PR22701060009;CORANTE AMARELO SUNSET;CORANTE;XAROPARIA;SAPORITI;45,62;228,1;MAI;2026;05/2026;
PR2;2701060008;PR22701060008;CORANTE AZUL BRILHANTE;CORANTE;ENERGÉTICO;SAPORITI;116;580;MAI;2026;05/2026;
PR2;2701060007;PR22701060007;CORANTE CARAMELO CLASE IV DPC;CORANTE;REFRIGERANTE;SAPORITI;7,5;9000;MAI;2026;05/2026;
PR2;2701050020;PR22701050020;EMULSÃO COLA E-0388 ADM (NOVO);EMULSAO;XAROPARIA;WILD;384,51;33836,879999999997;MAI;2026;05/2026;
PR2;2701050018;PR22701050018;EMULSAO LARANJA REFRIKO 98;EMULSAO;XAROPARIA;SAPORITI;32,8;11479,999999999998;MAI;2026;05/2026;
PR2;2701130006;PR22701130006;EXTRATO DE GUARANA 200% DUAS RODAS;AROMA;ENERG./DELÍR.;GERAL;49,93;7489,5;MAI;2026;05/2026;
PR2;2701070003;PR22701070003;NEOTAME;EDULCORANTE;XAROPARIA;SAPORITI;194,3;3886;MAI;2026;05/2026;
PR2;2701050023;PR22701050023;PREP ACIDO COLA ;CONCENT./KITs;KIT COLA;SAPORITI;25;10000;MAI;2026;05/2026;
PR2;2701070002;PR22701070002;SACARINA SÓDICA;EDULCORANTE;XAROPARIA;GERAL;29,65;2965;MAI;2026;05/2026;
PR2;2701100001;PR22701100001;SORBATO DE POTASSIO 25KG;ACID.E CONSERV.;REF/ENER/ROM/DEL;GERAL;15,72;1572;MAI;2026;05/2026;
PR2;2701130009;PR22701130009;SUCO CONCENTRADO DE MACA;SUCO;XAROPARIA;GERAL;12;9600;MAI;2026;05/2026;
PR2;2701130001;PR22701130001;SUCO CONCENTRADO LARANJA;SUCO;XAROPARIA;GERAL;12;1800;MAI;2026;05/2026;
PR2;2701130002;PR22701130002;SUCO CONCENTRADO LIMÃO;SUCO;XAROPARIA;INTERSUCOS;16,5;990;MAI;2026;05/2026;
PR2;2701130003;PR22701130003;SUCO CONCENTRADO UVA;SUCO;XAROPARIA;INTERSUCOS;13;8450;MAI;2026;05/2026;
PR2;2701070001;PR22701070001;SUCRALOSE;EDULCORANTE;XAROPARIA;WENDA;88;8800;MAI;2026;05/2026;
PR2;2701030037;PR22701030037;TAMPA AMARELA LISA;TAMPA;PET;GERAL;0,04445;107533,44;MAI;2026;05/2026;
PR2;2701030043;PR22701030043;TAMPA LARANJA REFRIKO;TAMPA;PET;GERAL;0,04445;67208,400000000009;MAI;2026;05/2026;
PR2;2701030044;PR22701030044;TAMPA LILAS LISA;TAMPA;PET;GERAL;0,04445;33604,200000000004;MAI;2026;05/2026;
PR2;2701030048;PR22701030048;TAMPA ROSA MAGENTA REFRIKO;TAMPA;PET;GERAL;0,04445;6720,84;MAI;2026;05/2026;
PR2;2701030049;PR22701030049;TAMPA VERDE REFRIKO;TAMPA;PET;OXFORD;0,04445;168021;MAI;2026;05/2026;
PR2;2701030050;PR22701030050;TAMPA VERMELHA LISA;TAMPA;PET;GERAL;0,04445;33604,200000000004;MAI;2026;05/2026;
PR2;2701200003;PR22701200003;LUPULO NUGGET;CERVEJARIA;LUPULO IMP;GERAL;37,63;188150;JUN;2026;06/2026;
MS;2701040008;MS2701040008;FILME TERMOENCOLHIVEL CER DEL P 269ML 350X0,06MM;FILME;PUERTO;GERAL;15;30000;JUN;2026;06/2026;
PR;2701040007;PR2701040007;FILME TERMO ENCOLHIVEL 860/0,06 MM;FILME;REFR/ENERG.;PATENA;23,575;47150;MAR;2026;03/2026;
PR2;2701020051;PR22701020051;PREFORMA PET 200 ML CRISTAL 12 g ;PREFORMA;REFRIKO 200ML;ENGEPACK;0,197948;654463,59552000009;MAI;2026;05/2026;
PR2;2801020035;PR22801020035;PREFORMA PET 200 ML CRISTAL 12 g;PREFORMA;REFRIKO 200ML;ENGEPACK;0,197948;59992,496256000006;MAI;2026;05/2026;
PR2;2701020097;PR22701020097;PREFORMA PET 200 ML VERDE 12 g ;PREFORMA;REFRIKO 200ML;ENGEPACK;0,197948;1036234,02624;MAI;2026;05/2026;
PR2;2801020053;PR22801020053;PREFORMA PET 200 ML VERDE 12 g;PREFORMA;PET 200 PA;ENGEPACK;0,197948;125438,85580800001;MAI;2026;05/2026;
PR2;2701020101;PR22701020101;PREFORMA 39,7G VERDE;PREFORMA;REFRISHOW;CRISTALPET;0,445;134995,20000000001;MAI;2026;05/2026;
PR2;2701020059;PR22701020059;PREFORMA 41 G CRISTAL;PREFORMA;REFRIKO 2L;CRISTALPET;0,5212;87061,247999999992;MAI;2026;05/2026;
PR2;2701020102;PR22701020102;PREFORMA 41 G VERDE;PREFORMA;REFRIKO 2L;CRISTALPET;0,5212;208946,9952;MAI;2026;05/2026;
PR2;2701020075;PR22701020075;PREFORMA PET 46,65GR CRISTAL;PREFORMA;REFRIKO 2L;ENGEPACK;0,687488;117477,94944;MAI;2026;05/2026;
MS;2701030037;MS2701030037;TAMPA AMARELA LISA;TAMPA;PET;VALGROUP;0,049;59270,400000000001;ABR;2026;04/2026;
MS;2701030043;MS2701030043;TAMPA LARANJA REFRIKO;TAMPA;PET;VALGROUP;0,049;7408,8;ABR;2026;04/2026;
MS;2701030049;MS2701030049;TAMPA VERDE REFRIKO;TAMPA;PET;VALGROUP;0,049;7408,8;ABR;2026;04/2026;
MS;2701030050;MS2701030050;TAMPA VERMELHA LISA;TAMPA;PET;VALGROUP;0,049;14817,6;ABR;2026;04/2026;
PR2;2701030027;PR22701030027;TAMPA - LATA METALICA 350/269/473ML - ISE;TAMPA;LATA;GERAL;0,24;2291328;MAI;2026;05/2026;
PR;2701090002;PR2701090002;ACIDO CITRICO;ACID.E CONSERV.;REF/ENER/ROM/DEL;PRIMIENT;8,95;152150;ABR;2026;04/2026;
MS;2701090003;MS2701090003;ACIDO LACTICO - IBC;CERVEJARIA;OUTROS;KALIUM;10,41;7287;ABR;2026;04/2026;
MS;2701090004;MS2701090004;ACIDO TARTARICO ;ACID.E CONSERV.;NOCH/TON/BEL;MCASSAB;35,5;5325;ABR;2026;04/2026;
PR;2701050010;PR2701050010;AROMA DE LARANJA IDENTICO AO NATURAL;AROMA;REFRIGERANTE;GERAL;75,22;1692,45;ABR;2026;04/2026;
PR;2701130007;PR2701130007;AROMA EXTRATO GUARANA REFRIKO 28;AROMA;REFRIGERANTE;SAPORITI;32,8;29519,999999999996;ABR;2026;04/2026;
PR;2801050006;PR2801050006;AROMA FRUTAS TROPICAIS;AROMA;ENERGÉTICO;MONARCH;149,57;29914;ABR;2026;04/2026;
PA;10020010;PA10020010;AROMA IDENTICO AO NATURAL MELANCIA;AROMA;ENERGÉTICO;DUAS RODAS;36,8;736;ABR;2026;04/2026;
MS;2701050017;MS2701050017;AROMA IDENTICO AO NATURAL MELANCIA;AROMA;ENERGÉTICO;DUAS RODAS;37,17;3717;ABR;2026;04/2026;
PR;2801050021;PR2801050021;AROMA IDENTICO AO NATURAL MELANCIA;AROMA;ENERGÉTICO;DUAS RODAS;37,17;13009,5;ABR;2026;04/2026;
PA;10020004;PA10020004;AROMA IDENTICO AO NATURAL MORANGO;AROMA;ENERGÉTICO;DUAS RODAS;72,77;3638,5;ABR;2026;04/2026;
PR;2801050025;PR2801050025;AROMA IDENTICO AO NATURAL MORANGO;AROMA;ENERGÉTICO;DUAS RODAS;75,88;7588;ABR;2026;04/2026;
PR;2701050011;PR2701050011;AROMA LIMAO REFRIKO 41;AROMA;REFRIGERANTE;SAPORITI;48;9600;ABR;2026;04/2026;
PA;10020006;PA10020006;AROMA MAÇA VERDE COD;AROMA;ENERGÉTICO;DUAS RODAS;47,96;815,32;ABR;2026;04/2026;
MS;2701050013;MS2701050013;AROMA MAÇA VERDE COD;AROMA;ENERGÉTICO;DUAS RODAS;46,45;2322,5;ABR;2026;04/2026;
PR;2801050015;PR2801050015;AROMA MAÇA VERDE COD;AROMA;ENERGÉTICO;DUAS RODAS;46,45;4645;ABR;2026;04/2026;
PR;2801050023;PR2801050023;AROMA MELAO;AROMA;ENERGÉTICO;DUAS RODAS;58,97;14742,5;ABR;2026;04/2026;
PA;10020009;PA10020009;AROMA UVA REFRIKO 84;AROMA;REFRIGERANTE;SAPORITI;23,5;18800;ABR;2026;04/2026;
PR;2701050027;PR2701050027;AROMA UVA REFRIKO 84;AROMA;REFRIGERANTE;SAPORITI;28;8400;ABR;2026;04/2026;
PA;10090100;PA10090100;ASPARTAME;EDULCORANTE;XAROPARIA;KONKRETA;70,39;10558,5;ABR;2026;04/2026;
PR;3002020007;PR3002020007;CARVÃO ATIVADO;TERRA;XAROPARIA;GERAL;12,5;6250;ABR;2026;04/2026;
PA;10100024;PA10100024;CICLAMATO DE SÓDIO ;EDULCORANTE;XAROPARIA;KONKRETA;19,87;7948;ABR;2026;04/2026;
PR;2801090005;PR2801090005;CITRATO DE SODIO;ACID.E CONSERV.;ENERG/DELIRIO;PRIMIENT;8,28;7451,9999999999991;ABR;2026;04/2026;
MS;2701250001;MS2701250001;CLORETO DE CALCIO - IBC;CERVEJARIA;OUTROS;BELA VISTA ;4,07;2035,0000000000002;ABR;2026;04/2026;
MS;2701050022;MS2701050022;CONCENTRADO DE GUARANA IAB 7205;AROMA;REFRIGERANTE;INTERAMERICA;25,87;12935;ABR;2026;04/2026;
PR;2701050022;PR2701050022;CONCENTRADO DE GUARANA IAB 7205;AROMA;REFRIGERANTE;INTERAMERICA;27,17;54340;ABR;2026;04/2026;
PA;10090292;PA10090292;CORANTE AMARANTO;CORANTE;REFRIGERANTE;SAPORITI;67,99;3399,4999999999995;ABR;2026;04/2026;
PR;2701060010;PR2701060010;CORANTE AMARANTO;CORANTE;REFRIGERANTE;SAPORITI;85,5;2565;ABR;2026;04/2026;
PA;10090056;PA10090056;CORANTE AMARELO SUNSET;CORANTE;XAROPARIA;SAPORITI;41,84;627,6;ABR;2026;04/2026;
PA;10090037;PA10090037;CORANTE AZUL BRILHANTE;CORANTE;ENERGÉTICO;SAPORITI;99,37;496,85;ABR;2026;04/2026;
MS;2701060007;MS2701060007;CORANTE CARAMELO CLASE IV DPC;CORANTE;REFRIGERANTE;SAPORITI;7,5;6000;ABR;2026;04/2026;
PR;2701060007;PR2701060007;CORANTE CARAMELO CLASE IV DPC;CORANTE;REFRIGERANTE;SAPORITI;7,5;3750;ABR;2026;04/2026;
PA;10090294;PA10090294;CORANTE CARAMELO CLASE IV DPC;CORANTE;REFRIGERANTE;SAPORITI;4,8;2400;ABR;2026;04/2026;
MS;2701050018;MS2701050018;EMULSAO LARANJA REFRIKO 98;EMULSAO;XAROPARIA;GERAL;32,8;6559,9999999999991;ABR;2026;04/2026;
PA;10090017;PA10090017;EMULSAO LARANJA REFRIKO 98;EMULSAO;XAROPARIA;SAPORITI;36;28800;ABR;2026;04/2026;
PR;2701050018;PR2701050018;EMULSAO LARANJA REFRIKO 98;EMULSAO;XAROPARIA;SAPORITI;32,8;16400;ABR;2026;04/2026;
MS;2701210004;MS2701210004;ENZIMA ULTRA FLOW;CERVEJARIA;OUTROS;PROZYN ;76,36;7636;ABR;2026;04/2026;
PA;10090291;PA10090291;EXTRATO DE GUARANA 200% DUAS RODAS;AROMA;REFRIGERANTE;DUAS RODAS;47,87;7180,5;ABR;2026;04/2026;
MS;2701130006;MS2701130006;EXTRATO DE GUARANA 200% DUAS RODAS;AROMA;ENERG./DELÍR.;DUAS RODAS;49,93;4993;ABR;2026;04/2026;
PR;2701130006;PR2701130006;EXTRATO DE GUARANA 200% DUAS RODAS;AROMA;ENERG./DELÍR.;SAPORITI;49,93;9986;ABR;2026;04/2026;
MS;2701150006;MS2701150006;VASILHAME AMBAR 300ML - LITRINHO;VASILHAME;NORMAL;VIDRO PORTO;0,74;75213,600000000006;ABR;2026;04/2026;
MS;2701150001;MS2701150001;VASILHAME GINGUALA 970ML;VASILHAME;NORMAL;VIDRO PORTO;1,57;132633,60000000001;ABR;2026;04/2026;
PR;2801130002;PR2801130002;POLPA DE AÇAI DESIDRATA SOL.;AROMA;ENERGÉTICO;SANRISIL;51,4;5140;ABR;2026;04/2026;
MS;2701050023;MS2701050023;PREP ACIDO COLA ;CONCENT./KITs;KIT COLA;SAPORITI;25;6250;ABR;2026;04/2026;
PR;2701050023;PR2701050023;PREP ACIDO COLA ;CONCENT./KITs;KIT COLA;SAPORITI;25;5000;ABR;2026;04/2026;
MS;2701010115;MS2701010115;ROTULO ADESIVO BELLA ROMA;ROTULO;ADESIVO;GRAFIMAX;0,1404;28080;ABR;2026;04/2026;
MS;2701010116;MS2701010116;ROTULO ADESIVO TUBAINA 300ML;ROTULO;ADESIVO;SRE ROTULOS;0,03998;13993;ABR;2026;04/2026;
PA;10090032;PA10090032;SACARINA SÓDICA;EDULCORANTE;XAROPARIA;KALIUM;38,4;3840;ABR;2026;04/2026;
PA;10100002;PA10100002;SORBATO DE POTASSIO 25KG;ACID.E CONSERV.;REF/ENER/ROM/DEL;KALIUM;18,55;1855;ABR;2026;04/2026;
MS;2701100001;MS2701100001;SORBATO DE POTASSIO 25KG;ACID.E CONSERV.;REF/ENER/ROM/DEL;GERAL;15,72;4716;ABR;2026;04/2026;
PR;2701100001;PR2701100001;SORBATO DE POTASSIO 25KG;ACID.E CONSERV.;REF/ENER/ROM/DEL;KONKRETA;15,72;9432;ABR;2026;04/2026;
PR;2701130009;PR2701130009;SUCO CONCENTRADO DE MACA;SUCO;XAROPARIA;INTERSUCOS;12;14400;ABR;2026;04/2026;
MS;2701130001;MS2701130001;SUCO CONCENTRADO LARANJA;SUCO;XAROPARIA;INTERSUCOS;12;1200;ABR;2026;04/2026;
PR;2701130001;PR2701130001;SUCO CONCENTRADO LARANJA;SUCO;XAROPARIA;INTERSUCOS;12;2400;ABR;2026;04/2026;
PR;2701130002;PR2701130002;SUCO CONCENTRADO LIMÃO;SUCO;XAROPARIA;INTERSUCOS;16,5;3300;ABR;2026;04/2026;
PR;2701030037;PR2701030037;TAMPA AMARELA LISA;TAMPA;PET;OXFORD;0,04445;53766,720000000001;ABR;2026;04/2026;
MS;2701030041;MS2701030041;TAMPA AZUL BAMBOA (VODKA BAMBOA);TAMPA;VIDRO NAC;BRASTAMPAS;0,3;90000;ABR;2026;04/2026;
PR;2701030043;PR2701030043;TAMPA LARANJA REFRIKO;TAMPA;PET;OXFORD;0,04445;26883,360000000001;ABR;2026;04/2026;
PR;2701030044;PR2701030044;TAMPA LILAS LISA;TAMPA;PET;OXFORD;0,04445;6720,84;ABR;2026;04/2026;
SP;2801030014;SP2801030014;TAMPA PLASTICA AZUL OMNI                             ;TAMPA;PET;OXFORD;0,043333;45863,647200000007;ABR;2026;04/2026;
SP;2801030017;SP2801030017;TAMPA PLASTICA PRETA OMNI 120 COM VEDANTE;TAMPA;PET;OXFORD;0,043333;32759,748000000003;ABR;2026;04/2026;
PR;2701030048;PR2701030048;TAMPA ROSA MAGENTA REFRIKO;TAMPA;PET;OXFORD;0,04445;6720,84;ABR;2026;04/2026;
PR;2701030049;PR2701030049;TAMPA VERDE REFRIKO;TAMPA;PET;OXFORD;0,04445;53766,720000000001;ABR;2026;04/2026;
PR;2701030050;PR2701030050;TAMPA VERMELHA LISA;TAMPA;PET;OXFORD;0,04445;13441,68;ABR;2026;04/2026;
MS;2701150004;MS2701150004;VASILHAME OW 600ML (BELLA ROMA);VASILHAME;NORMAL;VIDRO PORTO;1,13;128141,99999999999;ABR;2026;04/2026;
MS;2701070006;MS2701070006;ACESSULFAME DE POTASSIO;EDULCORANTE;XAROPARIA;KALIUM;28,53;2853;MAI;2026;05/2026;
PA;10090295;PA10090295;CONCENTRADO COLA IAB 7729 (NOVO);CONCENT./KITs;KIT COLA;INTERAMERICA;22,39;67170;MAI;2026;05/2026;
PA;10090290;PA10090290;PREMIX ENERG EMULVIT 8942 ADM;CONCENT./KITs;C.ENERGETICO;QUANTIQ;26,8;10720;MAI;2026;05/2026;
PA;11080241;PA11080241;RÓTULO MICOS COLA 2,5L;ROTULO;BOPP-PA;ELLOFLEX;0,03395;13580;MAI;2026;05/2026;
MS;2701050001;MS2701050001;AROMA NATURAL MOUTHFEEL FASV259 ADM;AROMA;REFRIGERANTE;ADM;165,4;8270;MAI;2026;05/2026;
PR;2701050001;PR2701050001;AROMA NATURAL MOUTHFEEL FASV259 ADM;AROMA;REFRIGERANTE;ADM;165,4;16540;JUN;2026;06/2026;
MS;2701070005;MS2701070005;ASPARTAME;EDULCORANTE;XAROPARIA;KONKRETA;61,26;6126;MAI;2026;05/2026;
PR;2701160004;PR2701160004;CAIXA PACK FURIOSO 4X250 ML ( PROPRIO);CAIXA;FURIOSO;BLUMEN;0,73;28032;MAI;2026;05/2026;
MS;2701070004;MS2701070004;CICLAMATO DE SÓDIO ;EDULCORANTE;XAROPARIA;KONKRETA;14,18;2836;MAI;2026;05/2026;
MS;2701210003;MS2701210003;CLEAR MAX PVPP;CERVEJARIA;OUTROS;PROZYN ;138,35;13835;MAI;2026;05/2026;
PR;2801050007;PR2801050007;CONCENTRADO B. ENERGETICA AÇAI;AROMA;KIT ENERGÉTICO;GERAL;2237,879;21898,427557069845;MAI;2026;05/2026;
PA;11080242;PA11080242;RÓTULO MICOS COLA 200ML;ROTULO;BOPP-PA;ELLOFLEX;0,0059;1770;MAI;2026;05/2026;
MS;2701050040;MS2701050040;CONCENTRADO BEBIDAS ENERGETICA;AROMA;KIT ENERGÉTICO;GERAL;2076,886;216944,91643454038;MAI;2026;05/2026;
PR;2801050003;PR2801050003;CONCENTRADO BEBIDAS ENERGETICA;AROMA;KIT ENERGÉTICO;GERAL;2044,7664;302585,55710306409;MAI;2026;05/2026;
PA;11080246;PA11080246;RÓTULO MICOS GUARANÁ 200ML;ROTULO;BOPP-PA;ELLOFLEX;0,0059;2360;MAI;2026;05/2026;
MS;2701160012;MS2701160012;CX 12X300ML - TUBAINA;CAIXA;TUBAINA;JAUENSE;1,69;33800;MAI;2026;05/2026;
PR;2701040009;PR2701040009;FILME STRETCH POLIETILENO 500X0023;FILME;STRETCH;GERAL;20;60000;MAI;2026;05/2026;
PA;11080252;PA11080252;ROTULO MICOS LARANJA 500ML;ROTULO;BOPP-PA;GERAL;0,03373;10119,000000000002;MAI;2026;05/2026;
PA;11080249;PA11080249;RÓTULO MICOS LARANJA 2,5L;ROTULO;BOPP-PA;ELLOFLEX;0,03395;10185;MAI;2026;05/2026;
MS;2701040001;MS2701040001;FILME TERMO ENCOLHIVEL 420 X 0,05;FILME;JUJ/TERN;EPA;21;63000;MAI;2026;05/2026;
PR;2701040007;PR2701040007;FILME TERMO ENCOLHIVEL 860/0,06 MM;FILME;REFR/ENERG.;EPA;23,575;259325;MAI;2026;05/2026;
MS;2701040003;MS2701040003;FILME TERMO ENCOLHÍVEL DE 560X006;FILME;DIVERSOS;EPA;23,5;141000;MAI;2026;05/2026;
SP;2801040018;SP2801040018;FILME TERMOENCOLHIVEL LISO 390X0,05MM                    ;FILME;ÁGUA 500;GERAL;23,575;141450;MAI;2026;05/2026;
PA;10090293;PA10090293;SUCO CONCENTRADO DE MACA;SUCO;XAROPARIA;INTERSUCOS;11,5;20700;MAI;2026;05/2026;
PR;2801120002;PR2801120002;PREMIX ENERG EMULVIT 8942;CONCENT./KITs;C.ENERGETICO;QUANTIQ;18,05;54150;MAI;2026;05/2026;
SP;2801010066;SP2801010066;ROTULO BOPP AGUA S/ GAS HIDRATAR 1,5L                    ;ROTULO;BOPP;GERAL;0,0199498;4987,45;MAI;2026;05/2026;
SP;2801010063;SP2801010063;ROTULO BOPP AGUA C/ GAS HIDRATAR 500ML                   ;ROTULO;BOPP;GERAL;0,01056;15840;MAI;2026;05/2026;
SP;2801010068;SP2801010068;ROTULO BOPP AGUA S/ GAS HIDRATAR 500ML                   ;ROTULO;BOPP;GERAL;0,01056;21120;MAI;2026;05/2026;
PR;2801010069;PR2801010069;ROTULO CACHACA CAIDEIRA 450ML;ROTULO;BOPP;ELLOFLEX;0,0157;3924,9999999999995;MAI;2026;05/2026;
PR;2801010093;PR2801010093;ROTULO FURIOSO AÇAI 250ML;ROTULO;SLEEVE;CCL;0,050377;5037,7;MAI;2026;05/2026;
PR;2801010094;PR2801010094;ROTULO FURIOSO CITRUS 250 ML;ROTULO;SLEEVE;CCL;0,050377;5037,7;MAI;2026;05/2026;
MS;2701010191;MS2701010191;ROTULO FURIOSO 2L;ROTULO;SLEEVE;CCL;0,2062;20620;MAI;2026;05/2026;
PR;2801010100;PR2801010100;ROTULO FURIOSO 2L;ROTULO;SLEEVE;CCL;0,2062;20620;MAI;2026;05/2026;
PR;2801010098;PR2801010098;ROTULO FURIOSO MELANCIA E MORANGO 2L;ROTULO;SLEEVE;CCL;0,2062;20620;MAI;2026;05/2026;
PR;2801010096;PR2801010096;ROTULO FURIOSO MELAO 2L;ROTULO;SLEEVE;CCL;0,2062;20620;MAI;2026;05/2026;
PR;2801010102;PR2801010102;ROTULO FURIOSO TROPICAL 2L;ROTULO;SLEEVE;CCL;0,2062;20620;MAI;2026;05/2026;
PA;10090090;PA10090090;SUCO CONCENTRADO LARANJA;SUCO;XAROPARIA;INTERSUCOS;10,5;3150;MAI;2026;05/2026;
PA;10090094;PA10090094;SUCO CONCENTRADO UVA;SUCO;XAROPARIA;INTERSUCOS;10,5;2625;MAI;2026;05/2026;
PA;10090274;PA10090274;CONCENTRADO BEBIDAS ENERGETICA;AROMA;KIT ENERGÉTICO;WILD;164,7247563;131779,8050139276;MAI;2026;05/2026;
PA;11040793;PA11040793;FILME TERMO - 480X0,06;FILME;REFRI;EPA;10,35;56925;MAI;2026;05/2026;
PA;11040007;PA11040007;FILME TERMO ENCOLHIVEL 420 X 0,06;FILME;REFR/ENERG.;E.P.A;10,35;31050;MAI;2026;05/2026;
PR;2701010144;PR2701010144;ROTULO REFRIKO LARANJA DQI1% 2L;ROTULO;BOPP;ELLOFLEX;0,0355;10649,999999999998;MAI;2026;05/2026;
MS;2701010151;MS2701010151;ROTULO TUBAINA 3L;ROTULO;BOPP;ELLOFLEX;0,038896;3889,6;MAI;2026;05/2026;
MS;2701010148;MS2701010148;ROTULO REFRIKO TUBAINA 2,5L;ROTULO;BOPP;GERAL;0,038903;3890,3;MAI;2026;05/2026;
PR;2701010160;PR2701010160;ROTULO TERNURA LARANJA S/ SUCO 2L;ROTULO;BOPP;ELLOFLEX;0,0355;3549,9999999999995;MAI;2026;05/2026;
MS;2701010163;MS2701010163;ROTULO TUBA JUJUBA 2L;ROTULO;BOPP;ELLOFLEX;0,0355;8875;MAI;2026;05/2026;
MS;2701010164;MS2701010164;ROTULO TUBAJUJUBA LARANJA S/SUCO 2L;ROTULO;BOPP;ELLOFLEX;0,0355;3549,9999999999995;MAI;2026;05/2026;
MS;2701040015;MS2701040015;SHRINK LISO - 380X0,06 ;FILME;VIDRO;EPA;21;63000;MAI;2026;05/2026;
PA;11090086;PA11090086;TAMPA AMARELA LISA;TAMPA;PET;RAVIBRAS;0,04667;7840,56;MAI;2026;05/2026;
PA;11090001;PA11090001;TAMPA LARANJA REFRIKO;TAMPA;PET;RAVIBRAS;0,04667;23521,68;MAI;2026;05/2026;
PA;11090034;PA11090034;TAMPA LILAS LISA;TAMPA;PET;RAVIBRAS;0,04667;23521,68;MAI;2026;05/2026;
PA;11090031;PA11090031;TAMPA VERMELHA LISA;TAMPA;PET;RAVIBRAS;0,04667;39202,800000000003;MAI;2026;05/2026;
PA;11070012;PA11070012;PREFORMA 46,0G CRISTAL OU 45,7 G;PREFORMA;PET 2L PA;BRASPET;0,49;94127,039999999994;MAI;2026;05/2026;
PA;10020012;PA10020012;AROMA DE GUARANA 31835 ADM;AROMA;REFRIGERANTE;YERBALATINA;120,2;36060;MAI;2026;05/2026;
PA;10020011;PA10020011;AROMA NATURAL MOUTHFEEL FASV259 ADM;AROMA;REFRIGERANTE;ADM;157,52;23628;MAI;2026;05/2026;
MS;3002020010;MS3002020010;TERRA CELITE DIATOMITA 2500/535;TERRA;CERVEJARIA;VENETO ;8,8;10986,800000000001;MAI;2026;05/2026;
MS;3002020009;MS3002020009;TERRA CELITE DIATOMITA SPEEDFLOW/STANDARD (VERMELHO);TERRA;CERVEJARIA;VENETO ;8,8;12784,640000000001;MAI;2026;05/2026;
MS;2701020115;MS2701020115;PREFORMA 18 A 20G VERDE 500 ML - DESCONTINUAR;PREFORMA;REFRIKO 500ML;BRASPET;0,204;21248,639999999999;ABR;2026;04/2026;
MS;2701020059;MS2701020059;PREFORMA 41 G CRISTAL;PREFORMA;REFRIKO 2L;BRASPET;0,5553;23722,416000000001;ABR;2026;04/2026;
MS;2701020102;MS2701020102;PREFORMA 41 G VERDE;PREFORMA;REFRIKO 2L;BRASPET;0,4013;44573,193599999999;ABR;2026;04/2026;
MS;2701020050;MS2701020050;PREFORMA 48G CRISTAL (COMPRAR 50 G);PREFORMA;PET 2,5L PA;BRASPET;0,644;30788,352000000003;ABR;2026;04/2026;
MS;2701020096;MS2701020096;PREFORMA 48G VERDE;PREFORMA;PET 2,5L PA;BRASPET;0,64422;71864,029439999998;ABR;2026;04/2026;
MS;2701020075;MS2701020075;PREFORMA PET 46,7GR CRISTAL;PREFORMA;FURIOSO 2L;BRASPET;0,594;44649,792000000001;ABR;2026;04/2026;
PA;11070041;PA11070041;PREFORMA PET 200 ML CRISTAL 12 G;PREFORMA;PET 200 PA;CRISTALPET;0,159;40926,6;ABR;2026;04/2026;
PA;11070048;PA11070048;PREFORMA PET 200 ML VERDE 12 G;PREFORMA;PET 200 PA;CRISTALPET;0,159;26044,2;ABR;2026;04/2026;
PA;11070046;PA11070046;PREFORMA 18 ou 20,6G CRISTAL;PREFORMA;PET 500 PA;CRISTALPET;0,236;55869,695999999996;ABR;2026;04/2026;
PA;11070047;PA11070047;PREFORMA 18 ou 20,6G VERDE;PREFORMA;PET 500 PA;CRISTALPET;0,236;9311,616;ABR;2026;04/2026;
PA;11070012;PA11070012;PREFORMA 46,0G CRISTAL OU 45,7 G;PREFORMA;PET 2L PA;BRASPET;0,49;99348,479999999996;ABR;2026;04/2026;
PA;11070013;PA11070013;PREFORMA 46,0G VERDE OU 45,7 G;PREFORMA;PET 2L PA;CRISTALPET;0,49;33116,159999999996;ABR;2026;04/2026;
PA;11070032;PA11070032;PREFORMA 48GR CRISTAL OU 50,7 G;PREFORMA;PET 2,5L PA;CRISTALPET;0,498;48190,464;ABR;2026;04/2026;
PA;11070033;PA11070033;PREFORMA 48GR VERDE OU 50,7 G;PREFORMA;PET 2,5L PA;AMCOR;0,498;232028,16;ABR;2026;04/2026;
PR;2701020051;PR2701020051;PREFORMA PET 200 ML CRISTAL 12 g ;PREFORMA;REFRIKO 200ML;ENGEPACK;0,197948;87261,812736000007;ABR;2026;04/2026;
PR;2701020097;PR2701020097;PREFORMA PET 200 ML VERDE 12 g ;PREFORMA;REFRIKO 200ML;ENGEPACK;0,197948;145472,776992;ABR;2026;04/2026;
PR;2801020053;PR2801020053;PREFORMA PET 200 ML VERDE 12 g;PREFORMA;REFRIKO 200ML;ENGEPACK;0,197948;49084,769664000007;ABR;2026;04/2026;
PR;2701020055;PR2701020055;PREFORMA 18G CRISTAL;PREFORMA;FURIOSO 250ML;ENGEPACK;0,25664;263275,68383999995;ABR;2026;04/2026;
PR;2701020055;PR2701020055;PREFORMA 18G CRISTAL;PREFORMA;FURIOSO 250ML;ENGEPACK;0,25664;278008,87295999995;ABR;2026;04/2026;
PR;2701020059;PR2701020059;PREFORMA 41G CRISTAL;PREFORMA;REFRIKO 2L;ENGEPACK;0,5212;122286,0288;ABR;2026;04/2026;
PR;2701020059;PR2701020059;PREFORMA 41G CRISTAL;PREFORMA;REFRIKO 2L;CRISTALPET;0,5212;226359,24479999999;ABR;2026;04/2026;
PR;2701020102;PR2701020102;PREFORMA 41G VERDE;PREFORMA;REFRIKO 2L;ENGEPACK;0,5212;489144,1152;ABR;2026;04/2026;
PR;2701020075;PR2701020075;PREFORMA PET 46,7GR CRISTAL ;PREFORMA;FURIOSO 2L;ENGEPACK;0,687488;305442,66854400001;ABR;2026;04/2026;
PR;2701020075;PR2701020075;PREFORMA PET 46,7GR CRISTAL ;PREFORMA;FURIOSO 2L;ENGEPACK;0,687488;76360,667136000004;ABR;2026;04/2026;
SP;2801020042;SP2801020042;PREFORMA 15G CRISTAL;PREFORMA;PET 500 PA;BRASPET;0,22133;239758,82112000001;ABR;2026;04/2026;
SP;2801020041;SP2801020041;PREFORMA 18G CRISTAL 500 ML;PREFORMA;PET 500 PA;CRISTALPET;0,25664;248086,70207999999;ABR;2026;04/2026;
SP;2801020032;SP2801020032;PREFORMA 31,7G CRISTAL;PREFORMA;ÁGUA 1,5L;CRISTALPET;0,41577;14099,59224;ABR;2026;04/2026;
PR;2801010090;PR2801010090;ROT SLEE NOCH LIMAO 270ML;ROTULO;SLEEVE;ALL4LABELL;0,12;24000;JUN;2026;06/2026;
PR;2801010091;PR2801010091;ROT SLEE NOCH MARACUJA 270ML;ROTULO;SLEEVE;ALL4LABELL;0,12;24000;JUN;2026;06/2026;
PR;2801010092;PR2801010092;ROT SLEE NOCH MELANCIA E MORAN 270ML-IND;ROTULO;SLEEVE;ALL4LABELL;0,12;24000;JUN;2026;06/2026;
PR;2801010099;PR2801010099;ROTULO FURIOSO 250ML;ROTULO;SLEEVE;CCL;0,050377;50377;JUN;2026;06/2026;
PR;2801010097;PR2801010097;ROTULO FURIOSO MELANCIA E MORANGO 250ML;ROTULO;SLEEVE;CCL;0,050377;15113,099999999999;JUN;2026;06/2026;
PR;2801010095;PR2801010095;ROTULO FURIOSO MELAO 250ML;ROTULO;SLEEVE;CCL;0,050377;15113,099999999999;JUN;2026;06/2026;
PR;2801010089;PR2801010089;ROTULO BOMBADÃO 2L;ROTULO;SLEEVE;GERAL;0,212856;21285,599999999999;JUN;2026;06/2026;
PR;2801010098;PR2801010098;ROTULO FURIOSO MELANCIA E MORANGO 2L;ROTULO;SLEEVE;CCL;0,2062;20620;JUN;2026;06/2026;
MS;2701010187;MS2701010187;ROTULO FURIOSO MELANCIA E MORANGO 2L;ROTULO;SLEEVE;CCL;0,2062;20620;JUN;2026;06/2026;
PR;2801010100;PR2801010100;ROTULO FURIOSO 2L;ROTULO;SLEEVE;CCL;0,2062;61860;JUN;2026;06/2026;
MS;2701010191;MS2701010191;ROTULO FURIOSO 2L;ROTULO;SLEEVE;CCL;0,2062;41240;JUN;2026;06/2026;
PA;11070013;PA11070013;PREFORMA 46,0G VERDE OU 45,7 G;PREFORMA;PET 2L PA;BRASPET;0,49;94127,039999999994;MAI;2026;05/2026;
PR;2701020097;PR2701020097;PREFORMA PET 200 ML VERDE 12 g ;PREFORMA;REFRIKO 200ML;ENGEPACK;0,197948;70900,222848000005;ABR;2026;04/2026;
PA;11070032;PA11070032;PREFORMA 48GR CRISTAL OU 50,7 G;PREFORMA;PET 2,5L PA;AMCOR;0,498;232028,16;ABR;2026;04/2026;
MS;2701150004;MS2701150004;VASILHAME OW 600ML (BELLA ROMA);VASILHAME;NORMAL;VIDRO PORTO;1,13;128141,99999999999;MAI;2026;05/2026;
PA;11070032;PA11070032;PREFORMA 48GR CRISTAL OU 50,7 G;PREFORMA;PET 2,5L PA;BRASPET;0,498;111105,792;ABR;2026;04/2026;
PR;2801090005;PR2801090005;CITRATO DE SODIO;ACID.E CONSERV.;ENERG/DELIRIO;PRIMARY;8,28;8280;MAI;2026;05/2026;
PA;11070032;PA11070032;PREFORMA 48GR CRISTAL OU 50,7 G;PREFORMA;PET 2,5L PA;AMCOR;0,498;232028,16;MAI;2026;05/2026;
MS;2701090006;MS2701090006;CITRATO DE SODIO;ACID.E CONSERV.;ENERG/DELIRIO;GERAL;8,28;4140;JUN;2026;06/2026;
PR;2801090005;PR2801090005;CITRATO DE SODIO;ACID.E CONSERV.;ENERG/DELIRIO;PRIMARY;8,28;5796;JUN;2026;06/2026;
PA;11070041;PA11070041;PREFORMA PET 200 ML CRISTAL 12 G;PREFORMA;PET 200 PA;CRISTALPET;0,159;81853,2;MAI;2026;05/2026;
PA;11070048;PA11070048;PREFORMA PET 200 ML VERDE 12 G;PREFORMA;PET 200 PA;CRISTALPET;0,159;40926,6;MAI;2026;05/2026;
PA;11070046;PA11070046;PREFORMA 18 ou 20,6G CRISTAL;PREFORMA;PET 500 PA;CRISTALPET;0,236;97770,08;MAI;2026;05/2026;
PA;11070047;PA11070047;PREFORMA 18 ou 20,6G VERDE;PREFORMA;PET 500 PA;CRISTALPET;0,236;27934,847999999998;MAI;2026;05/2026;
PA;11070033;PA11070033;PREFORMA 48GR VERDE OU 50,7 G;PREFORMA;PET 2,5L PA;BRASPET;0,498;23808,383999999998;MAI;2026;05/2026;
PA;10100003;PA10100003;ACIDO CITRICO;ACID.E CONSERV.;REF/ENER/ROM/DEL;PRIMARY;10,1;141400;MAI;2026;05/2026;
PA;10010001;PA10010001;ACUCAR CRISTAL;AÇUCAR;XAROPARIA;CERTANO;2,27792;569480;MAI;2026;05/2026;
PA;10090292;PA10090292;CORANTE AMARANTO;CORANTE;REFRIGERANTE;SAPORITI;67,99;3399,4999999999995;JUN;2026;06/2026;
PA;10090056;PA10090056;CORANTE AMARELO SUNSET;CORANTE;XAROPARIA;SAPORITI;41,84;1046;JUN;2026;06/2026;
PA;10090017;PA10090017;EMULSAO LARANJA REFRIKO 98;EMULSAO;XAROPARIA;SAPORITI;36;21600;MAI;2026;05/2026;
PA;10090037;PA10090037;CORANTE AZUL BRILHANTE;CORANTE;ENERGÉTICO;SAPORITI;99,37;496,85;JUN;2026;06/2026;
PA;10090294;PA10090294;CORANTE CARAMELO CLASE IV DPC;CORANTE;REFRIGERANTE;SAPORITI;4,8;2880;JUN;2026;06/2026;
PA;10100006;PA10100006;CITRATO DE SODIO;ACID.E CONSERV.;ENERG/DELIRIO;GERAL;10,37;2074;JUN;2026;06/2026;
PA;11080241;PA11080241;RÓTULO MICOS COLA 2,5L;ROTULO;BOPP-PA;ELLOFLEX;0,03395;13580;JUN;2026;06/2026;
PA;11080250;PA11080250;RÓTULO MICOS LARANJA 200ML;ROTULO;BOPP-PA;ELLOFLEX;0,0059;2950;JUN;2026;06/2026;
PA;11080248;PA11080248;ROTULO MICOS GUARANA 500ML;ROTULO;BOPP-PA;ELLOFLEX;0,03373;10119,000000000002;JUN;2026;06/2026;
PA;11080265;PA11080265;ROTULO TUCA LARANJA 500ML;ROTULO;BOPP-PA;ELLOFLEX;0,03373;3373,0000000000005;JUN;2026;06/2026;
PA;11080268;PA11080268;ROTULO TUCA UVA 500ML;ROTULO;BOPP-PA;ELLOFLEX;0,03373;3373,0000000000005;JUN;2026;06/2026;
PA;11080247;PA11080247;ROTULO MICOS GUARANA 2L;ROTULO;BOPP-PA;ELLOFLEX;0,04163;12489;JUN;2026;06/2026;
PA;11080255;PA11080255;ROTULO MICOS UVA 2L;ROTULO;BOPP-PA;ELLOFLEX;0,04163;12489;JUN;2026;06/2026;
PA;11080245;PA11080245;RÓTULO MICOS GUARANA 2,5L;ROTULO;BOPP-PA;ELLOFLEX;0,03395;13580;JUN;2026;06/2026;
PA;10090273;PA10090273;ACESSULFAME DE POTASSIO;EDULCORANTE;XAROPARIA;GERAL;34,9;6980;JUN;2026;06/2026;
PA;10090100;PA10090100;ASPARTAME;EDULCORANTE;XAROPARIA;QUANTIQ;70,39;14078;JUN;2026;06/2026;
PA;10100024;PA10100024;CICLAMATO DE SÓDIO ;EDULCORANTE;XAROPARIA;QUANTIQ;19,87;8941,5;JUN;2026;06/2026;
PA;10010001;PA10010001;ACUCAR CRISTAL;AÇUCAR;XAROPARIA;CERTANO;2,27792;455584;JUN;2026;06/2026;
PA;10020012;PA10020012;AROMA DE GUARANA 31835 ADM;AROMA;REFRIGERANTE;YERBALATINA;120,2;60100;JUN;2026;06/2026;
PA;10020001;PA10020001;AROMA DE LARANJA IDENTICO AO NATURAL;AROMA;REFRIGERANTE;DUAS RODAS;77,66;1786,1799999999998;JUN;2026;06/2026;
PA;10020010;PA10020010;AROMA IDENTICO AO NATURAL MELANCIA;AROMA;ENERGÉTICO;DUAS RODAS;36,8;736;JUN;2026;06/2026;
PA;10020003;PA10020003;AROMA FRUTAS TROPICAIS;AROMA;ENERGÉTICO;MONARCH;137,5;5500;JUN;2026;06/2026;
PA;10020006;PA10020006;AROMA MAÇA VERDE COD;AROMA;ENERGÉTICO;DUAS RODAS;47,96;1630,64;JUN;2026;06/2026;
PA;10020007;PA10020007;AROMA MELAO ;AROMA;ENERGÉTICO;DUAS RODAS;57,68;2941,68;JUN;2026;06/2026;
PA;10020009;PA10020009;AROMA UVA REFRIKO 84;AROMA;REFRIGERANTE;SAPORITI;23,5;14100;JUN;2026;06/2026;
PA;10090291;PA10090291;EXTRATO DE GUARANA 200% DUAS RODAS;AROMA;REFRIGERANTE;DUAS RODAS;47,87;14361;JUN;2026;06/2026;
PA;10090295;PA10090295;CONCENTRADO COLA IAB 7729 (NOVO);CONCENT./KITs;KIT COLA;INTERAMERICA;22,39;67170;JUN;2026;06/2026;
PA;11080233;PA11080233;ROTULO FURIOSO 2L;ROTULO;SLEEVE-PA;CCL;0,28732;28732,000000000004;JUN;2026;06/2026;
PA;12030001;PA12030001;FILME STRETCH POLIETILENO 500X0023;FILME;STRETCH;E.P.A;9,8;14700,000000000002;JUN;2026;06/2026;
PA;11040793;PA11040793;FILME TERMO - 480X0,06;FILME;REFRI;EPA;10,35;41400;JUN;2026;06/2026;
PA;11080236;PA11080236;ROTULO FURIOSO MELANCIA E MORANGO 2L;ROTULO;SLEEVE-PA;CCL;0,28732;14366,000000000002;AGO;2026;08/2026;
PA;11080238;PA11080238;ROTULO FURIOSO MELAO 2L;ROTULO;SLEEVE-PA;CCL;0,28732;14366,000000000002;JUN;2026;06/2026;
PA;10020009;PA10020009;AROMA UVA REFRIKO 84;AROMA;REFRIGERANTE;SAPORITI;23,5;14100;MAI;2026;05/2026;
PA;10090290;PA10090290;PREMIX ENERG EMULVIT 8942 ADM;CONCENT./KITs;C.ENERGETICO;QUANTIQ;26,8;13400;JUN;2026;06/2026;
MS;2701150001;MS2701150001;VASILHAME GINGUALA 970ML;VASILHAME;NORMAL;VIDRO PORTO;1,57;198950,39999999999;MAI;2026;05/2026;
MS;2701030035;MS2701030035;TAMPA METALICA PRETA LISA;TAMPA;VIDRO NAC;REUNIDAS;0,049;24500;JUN;2026;06/2026;
SP;2801020042;SP2801020042;PREFORMA 15G CRISTAL;PREFORMA;PET 500 PA;CRISTALPET;0,22133;497769,39935999998;MAI;2026;05/2026;
MS;2701160012;MS2701160012;CX 12X300ML - TUBAINA;CAIXA;TUBAINA;JAUENSE;1,69;33800;JUN;2026;06/2026;
MS;2701020075;MS2701020075;PREFORMA PET 46,7GR CRISTAL;PREFORMA;FURIOSO 2L;BRASPET;0,594;138910,46400000001;MAI;2026;05/2026;
PR;2701020051;PR2701020051;PREFORMA PET 200 ML CRISTAL 12 g ;PREFORMA;REFRIKO 200ML;ENGEPACK;0,197948;272693,16480000003;MAI;2026;05/2026;
PR;2701020097;PR2701020097;PREFORMA PET 200 ML VERDE 12 g ;PREFORMA;REFRIKO 200ML;ENGEPACK;0,197948;474486,10675200005;MAI;2026;05/2026;
PR;2701020075;PR2701020075;PREFORMA PET 46,7GR CRISTAL ;PREFORMA;FURIOSO 2L;ENGEPACK;0,687488;417046,72051199997;MAI;2026;05/2026;
SP;2801020041;SP2801020041;PREFORMA 18G CRISTAL 500 ML;PREFORMA;PET 500 PA;CRISTALPET;0,25664;425291,48927999998;MAI;2026;05/2026;
SP;2801020032;SP2801020032;PREFORMA 31,7G CRISTAL;PREFORMA;ÁGUA 1,5L;CRISTALPET;0,41577;46998,640799999994;MAI;2026;05/2026;
MS;2701050028;MS2701050028;AROMA NATURAL PARA VODKA ;AROMA;VODKA;DUAS RODAS;25,88;5176;MAI;2026;05/2026;
PR;2701030037;PR2701030037;TAMPA AMARELA LISA;TAMPA;PET;GERAL;0,04445;174741,84000000003;MAI;2026;05/2026;
PR;2801030015;PR2801030015;TAMPA DOURADA LISA;TAMPA;PET;OXFORD;0,043333;6551,9496000000008;MAI;2026;05/2026;
PR;2701030043;PR2701030043;TAMPA LARANJA REFRIKO;TAMPA;PET;OXFORD;0,04445;20162,52;MAI;2026;05/2026;
PR;2701030044;PR2701030044;TAMPA LILAS LISA;TAMPA;PET;OXFORD;0,04445;13441,68;MAI;2026;05/2026;
PR;2701030049;PR2701030049;TAMPA VERDE REFRIKO;TAMPA;PET;OXFORD;0,04445;87370,920000000013;MAI;2026;05/2026;
PR;2701030050;PR2701030050;TAMPA VERMELHA LISA;TAMPA;PET;OXFORD;0,04445;20162,52;MAI;2026;05/2026;
SP;2801030014;SP2801030014;TAMPA PLASTICA AZUL OMNI                             ;TAMPA;PET;OXFORD;0,043333;65519,496000000006;MAI;2026;05/2026;
SP;2801030017;SP2801030017;TAMPA PLASTICA PRETA OMNI 120 COM VEDANTE;TAMPA;PET;OXFORD;0,043333;91727,294400000013;MAI;2026;05/2026;
MS;2701130009;MS2701130009;SUCO CONCENTRADO DE MACA;SUCO;XAROPARIA;INTERSUCOS;12;6000;MAI;2026;05/2026;
PR;2701130009;PR2701130009;SUCO CONCENTRADO DE MACA;SUCO;XAROPARIA;INTERSUCOS;12;12000;MAI;2026;05/2026;
MS;2701090004;MS2701090004;ACIDO TARTARICO ;ACID.E CONSERV.;NOCH/TON/BEL;MCASSAB;35,5;5325;MAI;2026;05/2026;
MS;2701130007;MS2701130007;AROMA EXTRATO GUARANA REFRIKO 28;AROMA;REFRIGERANTE;SAPORITI;32,8;11479,999999999998;MAI;2026;05/2026;
MS;2701050036;MS2701050036;AROMA NATURAL DE TANGERINA DOHLER;AROMA;ENERGÉTICO;DOHLER;108;21600;MAI;2026;05/2026;
MS;2701050021;MS2701050021;AROMA IDENTICO AO NATURAL MORANGO;AROMA;ENERGÉTICO;DUAS RODAS;75,88;3794;MAI;2026;05/2026;
MS;2701050019;MS2701050019;AROMA MELAO ;AROMA;ENERGÉTICO;DUAS RODAS;58,97;5897;MAI;2026;05/2026;
MS;2701050027;MS2701050027;AROMA UVA REFRIKO 84;AROMA;REFRIGERANTE;SAPORITI;28;4200;MAI;2026;05/2026;
MS;3002020007;MS3002020007;CARVÃO ATIVADO;TERRA;XAROPARIA;GUARAMEX;12,5;2500;MAI;2026;05/2026;
MS;2701050022;MS2701050022;CONCENTRADO DE GUARANA IAB 7205;AROMA;REFRIGERANTE;INTERAMERICA;25,87;20696;MAI;2026;05/2026;
MS;2701060009;MS2701060009;CORANTE AMARELO SUNSET;CORANTE;XAROPARIA;SAPORITI;45,62;684,3;MAI;2026;05/2026;
MS;2701060003;MS2701060003;CORANTE TARTRAZINA;CORANTE;ENERGÉTICO;SAPORITI;49;245;MAI;2026;05/2026;
MS;2701050002;MS2701050002;DESTILADO DE ERVAS AROMÁT PARA GIN;AROMA;JAMES COOK;GERAL;19,2;19200;MAI;2026;05/2026;
MS;2701020059;MS2701020059;PREFORMA 41 G CRISTAL;PREFORMA;REFRIKO 2L;BRASPET;0,5553;47444,832000000002;MAI;2026;05/2026;
MS;2701020050;MS2701020050;PREFORMA 48G CRISTAL (COMPRAR 50 G);PREFORMA;PET 2,5L PA;BRASPET;0,644;25656,959999999999;MAI;2026;05/2026;
MS;2701020096;MS2701020096;PREFORMA 48G VERDE;PREFORMA;PET 2,5L PA;BRASPET;0,64422;46198,304640000002;MAI;2026;05/2026;
MS;2701050023;MS2701050023;PREP ACIDO COLA ;CONCENT./KITs;KIT COLA;SAPORITI;25;5000;MAI;2026;05/2026;
MS;2701150009;MS2701150009;VASILHAME TUBAINA CRISTAL LONGNECK 355ML;VASILHAME;NORMAL;VIDRO PORTO;0,53;48972;MAI;2026;05/2026;
PR;2801090003;PR2801090003;ACIDO TARTARICO;ACID.E CONSERV.;NOCH/TON/BEL;M CASSAB;35,5;1775;MAI;2026;05/2026;
PR;2801120003;PR2801120003;PREMIX ENERG EMULVIT 8959 - BOMBADÃO SAPORITI -IND;CONCENT./KITs;C.ENERGETICO;DUAS RODAS;180;18000;MAI;2026;05/2026;
PR;2701050035;PR2701050035;AROMA ARTIFICIAL GUARANA IFB (PED. KOMPLETO);AROMA;REFRIGERANTE;KOMPLETO;22,75;18200;MAI;2026;05/2026;
PR;2701130007;PR2701130007;AROMA EXTRATO GUARANA REFRIKO 28;AROMA;REFRIGERANTE;SAPORITI;32,8;13119,999999999998;MAI;2026;05/2026;
PR;2801050006;PR2801050006;AROMA FRUTAS TROPICAIS;AROMA;ENERGÉTICO;MONARCH;149,57;29914;MAI;2026;05/2026;
PR;2801050021;PR2801050021;AROMA IDENTICO AO NATURAL MELANCIA;AROMA;ENERGÉTICO;DUAS RODAS;37,17;9292,5;MAI;2026;05/2026;
PR;2801050025;PR2801050025;AROMA IDENTICO AO NATURAL MORANGO;AROMA;ENERGÉTICO;DUAS RODAS;75,88;11382;MAI;2026;05/2026;
PR;2801050023;PR2801050023;AROMA MELAO;AROMA;ENERGÉTICO;DUAS RODAS;58,97;8845,5;MAI;2026;05/2026;
PR;2801050004;PR2801050004;AROMA NATURA DE CITRUS RB 25395;AROMA;ENERGÉTICO;SAPORITI;105;1890;MAI;2026;05/2026;
PR;2701050027;PR2701050027;AROMA UVA REFRIKO 84;AROMA;REFRIGERANTE;SAPORITI;28;5600;MAI;2026;05/2026;
PR;3002020007;PR3002020007;CARVÃO ATIVADO;TERRA;XAROPARIA;GUARAMEX;12,5;2500;MAI;2026;05/2026;
PR;2701050022;PR2701050022;CONCENTRADO DE GUARANA IAB 7205;AROMA;REFRIGERANTE;INTERAMERICA;27,17;27170;MAI;2026;05/2026;
PR;2701060009;PR2701060009;CORANTE AMARELO SUNSET;CORANTE;XAROPARIA;SAPORITI;45,62;456,2;MAI;2026;05/2026;
PR;2701060008;PR2701060008;CORANTE AZUL BRILHANTE;CORANTE;ENERGÉTICO;SAPORITI;116;1160;MAI;2026;05/2026;
PR;2701060007;PR2701060007;CORANTE CARAMELO CLASE IV DPC;CORANTE;REFRIGERANTE;SAPORITI;7,5;4500;MAI;2026;05/2026;
PR;2701060001;PR2701060001;CORANTE PONCEAU ;CORANTE;ENERGÉTICO;SAPORITI;67;1005;MAI;2026;05/2026;
PR;2701060003;PR2701060003;CORANTE TARTRAZINA;CORANTE;ENERGÉTICO;SAPORITI;49;490;MAI;2026;05/2026;
PR;2701050018;PR2701050018;EMULSAO LARANJA REFRIKO 98;EMULSAO;XAROPARIA;SAPORITI;32,8;19680;MAI;2026;05/2026;
PR;2701130006;PR2701130006;EXTRATO DE GUARANA 200% DUAS RODAS;AROMA;ENERG./DELÍR.;DUAS RODAS;49,93;4993;MAI;2026;05/2026;
PR;2701020055;PR2701020055;PREFORMA 18G CRISTAL;PREFORMA;FURIOSO 250ML;CRISTALPET;0,25664;167078,79935999998;MAI;2026;05/2026;
PR;2701020059;PR2701020059;PREFORMA 41G CRISTAL;PREFORMA;REFRIKO 2L;CRISTALPET;0,5212;82708,185599999997;MAI;2026;05/2026;
PR;2701020102;PR2701020102;PREFORMA 41G VERDE;PREFORMA;REFRIKO 2L;CRISTALPET;0,5212;452718,48959999997;MAI;2026;05/2026;
PR;2701010161;PR2701010161;ROTULO TERNURA TUBAINA 2L;ROTULO;BOPP;ELLOFLEX;0,0355;14199,999999999998;MAI;2026;05/2026;
MS;2701150006;MS2701150006;VASILHAME AMBAR 300ML - LITRINHO;VASILHAME;NORMAL;VIDRO PORTO;0,74;75213,600000000006;MAI;2026;05/2026;
PR;2701010138;PR2701010138;ROTULO GUARANA 2L;ROTULO;BOPP;ELLOFLEX;0,0355;14199,999999999998;JUN;2026;06/2026;
MS;2701040009;MS2701040009;FILME STRETCH POLIETILENO 500X0023;FILME;STRETCH;EPA;22,85;68550;JUN;2026;06/2026;
MS;2701040002;MS2701040002;FILME TERMO ENCOLHIVEL 420 X 0,06;FILME;REFR/ENERG.;EPA;23,5;70500;JUN;2026;06/2026;
MS;2701040003;MS2701040003;FILME TERMO ENCOLHÍVEL DE 560X006;FILME;DIVERSOS;EPA;23,5;117500;JUN;2026;06/2026;
MS;2701010115;MS2701010115;ROTULO ADESIVO BELLA ROMA;ROTULO;ADESIVO;GRAFIMAX;0,1404;28080;JUN;2026;06/2026;
MS;2701010116;MS2701010116;ROTULO ADESIVO TUBAINA 300ML;ROTULO;ADESIVO;SRE ROTULOS;0,03998;14392,800000000001;JUN;2026;06/2026;
PR;2701040005;PR2701040005;FILME TERMO ENCOLHIVEL 660 MM X 0,04;FILME;ENERGÉTICO;EPA;23,5;70500;JUN;2026;06/2026;
PR;2701040007;PR2701040007;FILME TERMO ENCOLHIVEL 860/0,06 MM;FILME;REFR/ENERG.;GERAL;23,575;153237,5;JUN;2026;06/2026;
PR;2701040007;PR2701040007;FILME TERMO ENCOLHIVEL 860/0,06 MM;FILME;REFR/ENERG.;PATENA;23,575;94300;MAI;2026;05/2026;
SP;2801040014;SP2801040014;FILME STRETCH POLIETILENO 500X0023;FILME;STRETCH;GERAL;22,85;0;JUN;2026;06/2026;
SP;2801040018;SP2801040018;FILME TERMOENCOLHIVEL LISO 390X0,05MM                    ;FILME;ÁGUA 500;GERAL;23,575;70725;JUN;2026;06/2026;
PR2;2701070006;PR22701070006;ACESSULFAME DE POTASSIO;EDULCORANTE;XAROPARIA;KONKRETA;28,53;1426,5;JUL;2026;07/2026;
PR;2701070006;PR2701070006;ACESSULFAME DE POTASSIO;EDULCORANTE;XAROPARIA;KONKRETA;28,53;4279,5;JUN;2026;06/2026;
PR;2701070004;PR2701070004;CICLAMATO DE SÓDIO ;EDULCORANTE;XAROPARIA;PARKER;14,18;4254;JUN;2026;06/2026;
MS;2701010138;MS2701010138;ROTULO GUARANA 2L;ROTULO;BOPP;ELLOFLEX;0,0355;3549,9999999999995;JUN;2026;06/2026;
MS;2701010155;MS2701010155;ROTULO REFRIKO UVA DQI1% 2L;ROTULO;BOPP;ELLOFLEX;0,0355;3549,9999999999995;JUN;2026;06/2026;
PR;2701090002;PR2701090002;ACIDO CITRICO;ACID.E CONSERV.;REF/ENER/ROM/DEL;KONKRETA;8,95;123062,49999999999;JUN;2026;06/2026;
PR;2701010147;PR2701010147;ROTULO REFRIKO LIMÃO DQI1% 2L;ROTULO;BOPP;ELLOFLEX;0,0355;10649,999999999998;JUN;2026;06/2026;
PR;2701010155;PR2701010155;ROTULO REFRIKO UVA DQI1% 2L;ROTULO;BOPP;ELLOFLEX;0,0355;10649,999999999998;JUN;2026;06/2026;
PR;2701010156;PR2701010156;ROTULO BOPP REFRISHOW GUARANA 2 L;ROTULO;BOPP;CACELADO POR ATRAZO;0,0355;0;JUN;2026;06/2026;
SP;2801010068;SP2801010068;ROTULO BOPP AGUA S/ GAS HIDRATAR 500ML                   ;ROTULO;BOPP;GERAL;0,01056;15840;JUN;2026;06/2026;
MS;2701050020;MS2701050020;EMULSÃO COLA E-0388 ADM (NOVO);EMULSAO;XAROPARIA;ADM;384,51;19225,5;JUN;2026;06/2026;
PR;2801010088;PR2801010088;ROTULO AGUA TONICA MALDIVES 250 ML;ROTULO;SLEEVE;MABFLEX;0,05071;10142;JUN;2026;06/2026;
PR;2801010093;PR2801010093;ROTULO FURIOSO AÇAI 250ML;ROTULO;SLEEVE;CCL;0,050377;10075,4;JUN;2026;06/2026;
MS;2701120001;MS2701120001;PREMIX ENERG EMULVIT 8942;CONCENT./KITs;C.ENERGETICO;CALDIC;18,05;27075;JUN;2026;06/2026;
PR;2801120002;PR2801120002;PREMIX ENERG EMULVIT 8942;CONCENT./KITs;C.ENERGETICO;KONKRETA;18,05;45125;JUN;2026;06/2026;
MS;2701050001;MS2701050001;AROMA NATURAL MOUTHFEEL FASV259 ADM;AROMA;REFRIGERANTE;ADM;165,4;8270;JUN;2026;06/2026;
MS;2701050040;MS2701050040;CONCENTRADO BEBIDAS ENERGETICA;AROMA;KIT ENERGÉTICO;ADM;2076,886;216944,91643454038;JUN;2026;06/2026;
MS;2701070006;MS2701070006;ACESSULFAME DE POTASSIO;EDULCORANTE;XAROPARIA;GERAL;28,53;2853;SET;2026;09/2026;
PR;2801050003;PR2801050003;CONCENTRADO BEBIDAS ENERGETICA;AROMA;KIT ENERGÉTICO;ADM;2044,7664;320384,70752089139;JUN;2026;06/2026;
MS;2701030028;MS2701030028;TAMPA ABRE FACIL AMARELA;TAMPA;VIDRO IMP;GERAL;0,1108;99720;SET;2026;09/2026;
MS;2701030029;MS2701030029;TAMPA ABRE FACIL BRANCA LISA;TAMPA;VIDRO IMP;GERAL;0,1108;121880;SET;2026;09/2026;
MS;2701220001;MS2701220001;FERMENTO CERVEJEIRO FERMENTIS;CERVEJARIA;OUTROS;LNF LATINO;953,21;9532,1;MAI;2026;05/2026;
MS;2701140029;MS2701140029;TAMPA - LATA 350/269/473ML - B64;TAMPA;LATA;CROWN;0,24;862617,59999999998;ABR;2026;04/2026;
MS;2701140029;MS2701140029;TAMPA - LATA 350/269/473ML - B64;TAMPA;LATA;CROWN;0,24;862617,59999999998;MAI;2026;05/2026;
MS;2701160009;MS2701160009;CX 12X300ML - TUBAINA S/AÇUCAR;CAIXA;TUBAINA;JAUENSE;1,69;50700;MAI;2026;05/2026;
MS;2701010117;MS2701010117;ROTULO ADESIVO TUBAINA 300ML S/ AÇUCAR;ROTULO;ADESIVO;SRE ROTULOS;0,03998;14392,800000000001;JUN;2026;06/2026;
MS;2701010153;MS2701010153;ROTULO TUBAINA 2L S/ AÇUCAR;ROTULO;BOPP;TRIA;0,05448;5448;JUN;2026;06/2026;
PR;2701010153;PR2701010153;ROTULO TUBAINA 2L S/ AÇUCAR;ROTULO;BOPP;TRIA;0,05448;10896;JUN;2026;06/2026;
PR2;2701220001;PR22701220001;FERMENTO CERVEJEIRO FERMENTIS;CERVEJARIA;OUTROS;LNF LATINO;953,21;95321;MAI;2026;05/2026;
MS;2701040003;MS2701040003;FILME TERMO ENCOLHÍVEL DE 560X006;FILME;DIVERSOS;PATENA;23,5;70500;MAI;2026;05/2026;
PA;11090086;PA11090086;TAMPA AMARELA LISA;TAMPA;PET;RAVIBRAS;0,04667;7840,56;JUN;2026;06/2026;
PA;11090001;PA11090001;TAMPA LARANJA REFRIKO;TAMPA;PET;RAVIBRAS;0,04667;15681,12;JUN;2026;06/2026;
PA;11090034;PA11090034;TAMPA LILAS LISA;TAMPA;PET;RAVIBRAS;0,04667;15681,12;JUN;2026;06/2026;
PA;11090031;PA11090031;TAMPA VERMELHA LISA;TAMPA;PET;RAVIBRAS;0,04667;70565,040000000008;JUN;2026;06/2026;
PR;3002020007;PR3002020007;CARVÃO ATIVADO;TERRA;XAROPARIA;GUARAMEX;12,5;6250;JUN;2026;06/2026;
PR2;3002020007;PR23002020007;CARVÃO ATIVADO;TERRA;XAROPARIA;GERAL;12,5;3750;JUN;2026;06/2026;
MS;2701010174;MS2701010174;ROTULO TUBAINA 600ML;ROTULO;PAPEL;KEOPS;0,0258;5160;JUN;2026;06/2026;
MS;2701040010;MS2701040010;SHRINK MOEMA 473ML - 400X0,06;FILME;MOEMA;PATENA;14,5;29000;JUN;2026;06/2026;
MS;2701050018;MS2701050018;EMULSAO LARANJA REFRIKO 98;EMULSAO;XAROPARIA;SAPORITI;32,8;4920;JUN;2026;06/2026;
PR;2701050018;PR2701050018;EMULSAO LARANJA REFRIKO 98;EMULSAO;XAROPARIA;SAPORITI;32,8;19680;JUN;2026;06/2026;
MS;2701010118;MS2701010118;ROTULO ADESIVO TUBAINA 355ML  ;ROTULO;ADESIVO;SAPORATI;0,05095;15285;JUN;2026;06/2026;
MS;2701010119;MS2701010119;ROTULO BAMBOA TRADICIONAL VODKA;ROTULO;ADESIVO;GRAFIMAX;0,077;23100;JUN;2026;06/2026;
MS;2701030037;MS2701030037;TAMPA AMARELA LISA;TAMPA;PET;VALGROUP;0,049;22226,400000000001;JUN;2026;06/2026;
PR;2701030037;PR2701030037;TAMPA AMARELA LISA;TAMPA;PET;OXFORD;0,04445;127695,96;JUN;2026;06/2026;
PR;2801030013;PR2801030013;TAMPA AZUL LISA;TAMPA;PET;OXFORD;0,043333;6551,9496000000008;JUN;2026;06/2026;
PR;2801030015;PR2801030015;TAMPA DOURADA LISA;TAMPA;PET;OXFORD;0,043333;13103,899200000002;JUN;2026;06/2026;
PR;2701030043;PR2701030043;TAMPA LARANJA REFRIKO;TAMPA;PET;OXFORD;0,04445;20162,52;JUN;2026;06/2026;
SP;2801030014;SP2801030014;TAMPA PLASTICA AZUL OMNI                             ;TAMPA;PET;GERAL;0,043333;70771,455600000001;JUN;2026;06/2026;
SP;2801030017;SP2801030017;TAMPA PLASTICA PRETA OMNI 120 COM VEDANTE;TAMPA;PET;OXFORD;0,043333;85175,344800000006;JUN;2026;06/2026;
PR;2701030049;PR2701030049;TAMPA VERDE REFRIKO;TAMPA;PET;OXFORD;0,04445;26883,360000000001;JUN;2026;06/2026;
MS;2701150006;MS2701150006;VASILHAME AMBAR 300ML - LITRINHO;VASILHAME;NORMAL;VIDRO PORTO;0,74;150427,20000000001;JUN;2026;06/2026;
MS;2701150001;MS2701150001;VASILHAME GINGUALA 970ML;VASILHAME;NORMAL;VIDRO PORTO;1,57;198950,39999999999;JUN;2026;06/2026;
MS;2701150005;MS2701150005;VASILHAME SPIDER 900ML GIN/VODKA;VASILHAME;JAMES COOK;VIDRO PORTO;2,3;90675,199999999997;JUN;2026;06/2026;
PR;2701070006;PR2701070006;ACESSULFAME DE POTASSIO;EDULCORANTE;XAROPARIA;KONKRETA;28,53;2853;AGO;2026;08/2026;
PR;2801120003;PR2801120003;PREMIX ENERG EMULVIT 8959 - BOMBADÃO SAPORITI -IND;CONCENT./KITs;C.ENERGETICO;DUAS RODAS;180;18000;JUN;2026;06/2026;
PR;2701050010;PR2701050010;AROMA DE LARANJA IDENTICO AO NATURAL;AROMA;REFRIGERANTE;DUAS RODAS;75,22;1015,47;JUN;2026;06/2026;
PR2;2701050010;PR22701050010;AROMA DE LARANJA IDENTICO AO NATURAL;AROMA;REFRIGERANTE;GERAL;75,22;0;JUN;2026;06/2026;
MS;2701130007;MS2701130007;AROMA EXTRATO GUARANA REFRIKO 28;AROMA;REFRIGERANTE;SAPORITI;32,8;11479,999999999998;JUN;2026;06/2026;
PR;2701130007;PR2701130007;AROMA EXTRATO GUARANA REFRIKO 28;AROMA;REFRIGERANTE;DUAS RODAS;32,8;9840;JUN;2026;06/2026;
PR;2801050006;PR2801050006;AROMA FRUTAS TROPICAIS;AROMA;ENERGÉTICO;MONARCH;149,57;14957;JUN;2026;06/2026;
PR;2801050027;PR2801050027;AROMA IDENTICO AO NATURAL DE PESSEGO;AROMA;NOCH DEMAIS;SAPORITI;58;2900;JUN;2026;06/2026;
PR;2801050019;PR2801050019;AROMA IDENTICO AO NATURAL MARACUJA;AROMA;NOCH DEMAIS;DUAS RODAS;54,21;2710,5;JUN;2026;06/2026;
MS;2701050017;MS2701050017;AROMA IDENTICO AO NATURAL MELANCIA;AROMA;ENERGÉTICO;DUAS RODAS;37,17;3717;JUN;2026;06/2026;
PR;2801050021;PR2801050021;AROMA IDENTICO AO NATURAL MELANCIA;AROMA;ENERGÉTICO;DUAS RODAS;37,17;9292,5;JUN;2026;06/2026;
MS;2701050021;MS2701050021;AROMA IDENTICO AO NATURAL MORANGO;AROMA;ENERGÉTICO;DUAS RODAS;75,88;3794;JUN;2026;06/2026;
PR;2801050025;PR2801050025;AROMA IDENTICO AO NATURAL MORANGO;AROMA;ENERGÉTICO;DUAS RODAS;75,88;11382;JUN;2026;06/2026;
MS;2701050011;MS2701050011;AROMA LIMAO REFRIKO 41;AROMA;REFRIGERANTE;SAPORITI;48;2400;JUN;2026;06/2026;
PR;2701050011;PR2701050011;AROMA LIMAO REFRIKO 41;AROMA;REFRIGERANTE;SAPORITI;48;4800;JUN;2026;06/2026;
MS;2701050013;MS2701050013;AROMA MAÇA VERDE COD;AROMA;ENERGÉTICO;DUAS RODAS;46,45;3483,75;JUN;2026;06/2026;
PR;2801050015;PR2801050015;AROMA MAÇA VERDE COD;AROMA;ENERGÉTICO;DUAS RODAS;46,45;4645;JUN;2026;06/2026;
MS;2701050019;MS2701050019;AROMA MELAO ;AROMA;ENERGÉTICO;DUAS RODAS;58,97;5897;JUN;2026;06/2026;
PR;2801050023;PR2801050023;AROMA MELAO;AROMA;ENERGÉTICO;DUAS RODAS;58,97;5897;JUN;2026;06/2026;
MS;2701050028;MS2701050028;AROMA NATURAL PARA VODKA ;AROMA;VODKA;DUAS RODAS;25,88;7764;JUN;2026;06/2026;
MS;2701050027;MS2701050027;AROMA UVA REFRIKO 84;AROMA;REFRIGERANTE;SAPORITI;28;2800;JUN;2026;06/2026;
PR;2701050027;PR2701050027;AROMA UVA REFRIKO 84;AROMA;REFRIGERANTE;SAPORITI;28;2800;JUN;2026;06/2026;
MS;2701240002;MS2701240002;CANTONEIRA DE PAPELAO 110x110x1580;CANTONEIRA;CANTONEIRA;SAO JOSE C.;1,62;8100,0000000000009;JUN;2026;06/2026;
MS;2701050022;MS2701050022;CONCENTRADO DE GUARANA IAB 7205;AROMA;REFRIGERANTE;INTERAMERICA;25,87;28457;JUN;2026;06/2026;
PR;2701050022;PR2701050022;CONCENTRADO DE GUARANA IAB 7205;AROMA;REFRIGERANTE;INTERAMERICA;27,17;24453;JUN;2026;06/2026;
PA;11070041;PA11070041;PREFORMA PET 200 ML CRISTAL 12 G;PREFORMA;PET 200 PA;CRISTALPET;0,159;93015;JUN;2026;06/2026;
MS;2701130006;MS2701130006;EXTRATO DE GUARANA 200% DUAS RODAS;AROMA;ENERG./DELÍR.;DUAS RODAS;49,93;2496,5;JUN;2026;06/2026;
PR;2701130006;PR2701130006;EXTRATO DE GUARANA 200% DUAS RODAS;AROMA;ENERG./DELÍR.;DUAS RODAS;49,93;10984,6;JUN;2026;06/2026;
MS;2701010172;MS2701010172;ROTULO REFRIKO LARANJA DQI1% 600 ML;ROTULO;PAPEL;KEOPS;0,0258;5160;JUN;2026;06/2026;
MS;2701160013;MS2701160013;CAIXA TUBAÍNA 12X355ML;CAIXA;TUBAINA;CARTONAGEM;1,97;39400;JUN;2026;06/2026;
MS;2701090003;MS2701090003;ACIDO LACTICO - IBC;CERVEJARIA;OUTROS;KALIUM;10,41;10410;JUN;2026;06/2026;
PR2;2701090003;PR22701090003;ACIDO LACTICO - IBC;CERVEJARIA;OUTROS;KALIUM;10,41;10410;JUN;2026;06/2026;
PR2;2701210005;PR22701210005;ALGINATO DE PROPILENO GLICOL;CERVEJARIA;OUTROS;PROZYN ;283,79;42568,5;JUN;2026;06/2026;
PR2;2701090005;PR22701090005;ANTIOXIDANTE;CERVEJARIA;OUTROS;AEB;29,94;5988;JUN;2026;06/2026;
MS;2701250001;MS2701250001;CLORETO DE CALCIO - IBC;CERVEJARIA;OUTROS;BELA VISTA ;4,07;4070,0000000000005;JUN;2026;06/2026;
PR2;2701250001;PR22701250001;CLORETO DE CALCIO - IBC;CERVEJARIA;OUTROS;BELA VISTA ;4,07;4070,0000000000005;JUN;2026;06/2026;
PR;2701070006;PR2701070006;ACESSULFAME DE POTASSIO;EDULCORANTE;XAROPARIA;GERAL;28,53;2853;SET;2026;09/2026;
PR2;2701210004;PR22701210004;ENZIMA ULTRA FLOW;CERVEJARIA;OUTROS;PROZYN ;76,36;9163,2000000000007;JUN;2026;06/2026;
PR;2701010160;PR2701010160;ROTULO TERNURA LARANJA S/ SUCO 2L;ROTULO;BOPP;ELLOPRINT;0,0355;7099,9999999999991;JUN;2026;06/2026;
MS;2701040011;MS2701040011;SHRINK MOEMA 350ML - 390X60X3;FILME;MOEMA;PATENA;31,51;157550;JUN;2026;06/2026;
MS;2701030041;MS2701030041;TAMPA AZUL BAMBOA (VODKA BAMBOA);TAMPA;VIDRO NAC;BRASTAMPAS;0,3;120000;JUN;2026;06/2026;
MS;3002020010;MS3002020010;TERRA CELITE DIATOMITA 2500/535;TERRA;CERVEJARIA;VENETO ;8,8;8989,2000000000007;JUN;2026;06/2026;
MS;3002020009;MS3002020009;TERRA CELITE DIATOMITA SPEEDFLOW/STANDARD (VERMELHO);TERRA;CERVEJARIA;VENETO ;8,8;12185,36;JUN;2026;06/2026;
MS;3002020011;MS3002020011;TERRA DIATOMITA 341/HYFLOW (AZUL);TERRA;XAROPARIA;VENETO ;8,8;2197,36;JUN;2026;06/2026;
PR2;2701070006;PR22701070006;ACESSULFAME DE POTASSIO;EDULCORANTE;XAROPARIA;GERAL;28,53;1426,5;SET;2026;09/2026;
MS;2701090004;MS2701090004;ACIDO TARTARICO ;ACID.E CONSERV.;NOCH/TON/BEL;MCASSAB;35,5;3550;JUL;2026;07/2026;
PA;10020012;PA10020012;AROMA DE GUARANA 31835 ADM;AROMA;REFRIGERANTE;YERBALATINA;120,2;42070;JUL;2026;07/2026;
PA;10020011;PA10020011;AROMA NATURAL MOUTHFEEL FASV259 ADM;AROMA;REFRIGERANTE;ADM;157,52;47256;JUL;2026;07/2026;
MS;2701100002;MS2701100002;BENZOATO DE SODIO;ACID.E CONSERV.;REF/ENER/NOCH/TON;GERAL;12,1;12100;JUL;2026;07/2026;
MS;2701090002;MS2701090002;ACIDO CITRICO;ACID.E CONSERV.;REF/ENER/ROM/DEL;PRIMARY;8,95;123062,49999999999;JUL;2026;07/2026;
PR;2701060010;PR2701060010;CORANTE AMARANTO;CORANTE;REFRIGERANTE;SAPORITI;85,5;2137,5;JUL;2026;07/2026;
MS;2701060007;MS2701060007;CORANTE CARAMELO CLASE IV DPC;CORANTE;REFRIGERANTE;SAPORITI;7,5;7500;JUL;2026;07/2026;
PR;2701060007;PR2701060007;CORANTE CARAMELO CLASE IV DPC;CORANTE;REFRIGERANTE;SAPORITI;7,5;1500;JUL;2026;07/2026;
MS;2701050020;MS2701050020;EMULSÃO COLA E-0388 ADM (NOVO);EMULSAO;XAROPARIA;ADM;384,51;38451;JUL;2026;07/2026;
PR2;2701050020;PR22701050020;EMULSÃO COLA E-0388 ADM (NOVO);EMULSAO;XAROPARIA;ADM;384,51;19225,5;JUL;2026;07/2026;
PA;10090291;PA10090291;EXTRATO DE GUARANA 200% DUAS RODAS;AROMA;REFRIGERANTE;DUAS RODAS;47,87;9574;JUL;2026;07/2026;
MS;2701050023;MS2701050023;PREP ACIDO COLA ;CONCENT./KITs;KIT COLA;SAPORITI;25;8750;JUL;2026;07/2026;
SP;2801010063;SP2801010063;ROTULO BOPP AGUA C/ GAS HIDRATAR 500ML                   ;ROTULO;BOPP;GERAL;0,01056;31680;JUL;2026;07/2026;
PR;2801010069;PR2801010069;ROTULO CACHACA CAIDEIRA 450ML;ROTULO;BOPP;ELLOFLEX;0,0157;3139,9999999999995;JUL;2026;07/2026;
PR;2701090002;PR2701090002;ACIDO CITRICO;ACID.E CONSERV.;REF/ENER/ROM/DEL;GERAL;8,95;78312,5;SET;2026;09/2026;
PR2;2701090002;PR22701090002;ACIDO CITRICO;ACID.E CONSERV.;REF/ENER/ROM/DEL;GERAL;8,95;44750;SET;2026;09/2026;
PR2;2701090003;PR22701090003;ACIDO LACTICO - IBC;CERVEJARIA;OUTROS;KALIUM;10,41;10410;JUL;2026;07/2026;
PA;10090100;PA10090100;ASPARTAME;EDULCORANTE;XAROPARIA;GERAL;70,39;8446,7999999999993;JUL;2026;07/2026;
PA;10100024;PA10100024;CICLAMATO DE SÓDIO ;EDULCORANTE;XAROPARIA;PARKER;19,87;4967,5;JUL;2026;07/2026;
PA;10090295;PA10090295;CONCENTRADO COLA IAB 7729 (NOVO);CONCENT./KITs;KIT COLA;INTERAMERICA;22,39;78365;JUL;2026;07/2026;
PA;12030001;PA12030001;FILME STRETCH POLIETILENO 500X0023;FILME;STRETCH;E.P.A;9,8;9800;JUL;2026;07/2026;
PA;11040793;PA11040793;FILME TERMO - 480X0,06;FILME;REFRI;EPA;10,35;56925;JUL;2026;07/2026;
PA;11040007;PA11040007;FILME TERMO ENCOLHIVEL 420 X 0,06;FILME;REFR/ENERG.;E.P.A;10,35;31050;JUL;2026;07/2026;
PA;11080249;PA11080249;RÓTULO MICOS LARANJA 2,5L;ROTULO;BOPP-PA;ELLOFLEX;0,03395;13580;JUL;2026;07/2026;
MS;2701090003;MS2701090003;ACIDO LACTICO - IBC;CERVEJARIA;OUTROS;KALIUM;10,41;10410;AGO;2026;08/2026;
PR2;2701090003;PR22701090003;ACIDO LACTICO - IBC;CERVEJARIA;OUTROS;KALIUM;10,41;15615;SET;2026;09/2026;
MS;2701080001;MS2701080001;ACUCAR CRISTAL;AÇUCAR;XAROPARIA;GERAL;1,84;287040;JUL;2026;07/2026;
PR2;2701080001;PR22701080001;ACUCAR CRISTAL;AÇUCAR;XAROPARIA;GERAL;1,84;375360;JUL;2026;07/2026;
PR;2701080001;PR2701080001;ACUCAR CRISTAL;AÇUCAR;XAROPARIA;COOPERATIVA;1,84;483552;JUL;2026;07/2026;
PA;10020003;PA10020003;AROMA FRUTAS TROPICAIS;AROMA;ENERGÉTICO;MONARCH;137,5;2750;JUL;2026;07/2026;
PA;10020010;PA10020010;AROMA IDENTICO AO NATURAL MELANCIA;AROMA;ENERGÉTICO;DUAS RODAS;36,8;3679,9999999999995;JUL;2026;07/2026;
PA;10020004;PA10020004;AROMA IDENTICO AO NATURAL MORANGO;AROMA;ENERGÉTICO;DUAS RODAS;72,77;1819,25;JUL;2026;07/2026;
PA;10020007;PA10020007;AROMA MELAO ;AROMA;ENERGÉTICO;DUAS RODAS;57,68;3922,24;JUL;2026;07/2026;
PA;10020009;PA10020009;AROMA UVA REFRIKO 84;AROMA;REFRIGERANTE;SAPORITI;23,5;12925;JUL;2026;07/2026;
PR2;2701080001;PR22701080001;ACUCAR CRISTAL;AÇUCAR;XAROPARIA;GERAL;1,84;344448;JUL;2026;07/2026;
MS;2701080001;MS2701080001;ACUCAR CRISTAL;AÇUCAR;XAROPARIA;SONORA;1,84;287040;AGO;2026;08/2026;
PR;2701080001;PR2701080001;ACUCAR CRISTAL;AÇUCAR;XAROPARIA;GERAL;1,84;381984;AGO;2026;08/2026;
PR2;2701080001;PR22701080001;ACUCAR CRISTAL;AÇUCAR;XAROPARIA;GERAL;1,84;112608;AGO;2026;08/2026;
PA;10090274;PA10090274;CONCENTRADO BEBIDAS ENERGETICA;AROMA;KIT ENERGÉTICO;WILD;164,7247563;164724,75626740951;JUL;2026;07/2026;
MS;2701010089;MS2701010089;GARGALO MOEMA 1LT/600ML;ROTULO;PAPEL;KEOPS;0,017;3400,0000000000005;JUL;2026;07/2026;
PR;2801010091;PR2801010091;ROT SLEE NOCH MARACUJA 270ML;ROTULO;SLEEVE;ALL4LABELL;0,12;18000;JUL;2026;07/2026;
MS;2701010116;MS2701010116;ROTULO ADESIVO TUBAINA 300ML;ROTULO;ADESIVO;SAPORATI;0,03998;9995;AGO;2026;08/2026;
PR;2801010099;PR2801010099;ROTULO FURIOSO 250ML;ROTULO;SLEEVE;CCL;0,050377;60452,399999999994;JUL;2026;07/2026;
PR;2801010100;PR2801010100;ROTULO FURIOSO 2L;ROTULO;SLEEVE;CCL;0,2062;61860;JUL;2026;07/2026;
PR2;2701010149;PR22701010149;ROTULO REFRIKO TUBAÍNA 200 ML ;ROTULO;BOPP;TRIA;0,008;13600;AGO;2026;08/2026;
PR2;2801010078;PR22801010078;ROTULO REFRIKO TUBAÍNA 200 ML ;ROTULO;BOPP;TRIA;0,008;2400;AGO;2026;08/2026;
PR2;2701010137;PR22701010137;ROTULO GUARANA REDUZIDO 200 ML ;ROTULO;BOPP;TRIA;0,008;16000;AGO;2026;08/2026;
PR2;2801010072;PR22801010072;ROTULO GUARANA REDUZIDO 200 ML ;ROTULO;BOPP;TRIA;0,008;2000;AGO;2026;08/2026;
PR;2701010138;PR2701010138;ROTULO GUARANA 2L;ROTULO;BOPP;MABFLEX;0,0355;10649,999999999998;JUL;2026;07/2026;
PA;11080241;PA11080241;RÓTULO MICOS COLA 2,5L;ROTULO;BOPP-PA;ELLOFLEX;0,03395;13580;JUL;2026;07/2026;
PA;11080246;PA11080246;RÓTULO MICOS GUARANÁ 200ML;ROTULO;BOPP-PA;ELLOFLEX;0,0059;2360;JUL;2026;07/2026;
PA;11080254;PA11080254;RÓTULO MICOS UVA 200ML;ROTULO;BOPP-PA;ELLOFLEX;0,0059;2360;JUL;2026;07/2026;
PA;11080244;PA11080244;ROTULO MICOS COLA 500ML;ROTULO;BOPP-PA;ELLOFLEX;0,03373;10119,000000000002;JUL;2026;07/2026;
PA;11080243;PA11080243;ROTULO MICOS COLA 2L;ROTULO;BOPP-PA;ELLOFLEX;0,04163;16652;JUL;2026;07/2026;
PA;11080253;PA11080253;RÓTULO MICOS UVA 2,5L;ROTULO;BOPP-PA;ELLOFLEX;0,03395;13580;JUL;2026;07/2026;
PR;2701010156;PR2701010156;ROTULO BOPP REFRISHOW GUARANA 2 L;ROTULO;BOPP;ELLOPRINT;0,0355;14199,999999999998;JUL;2026;07/2026;
PR;2701010158;PR2701010158;ROTULO REFRISHOW LARANJA S/ SUCO 2L;ROTULO;BOPP;ELLOPRINT;0,0355;8875;JUL;2026;07/2026;
PR;2701010161;PR2701010161;ROTULO TERNURA TUBAINA 2L;ROTULO;BOPP;ELLOFLEX;0,0355;8875;JUL;2026;07/2026;
MS;2701010163;MS2701010163;ROTULO TUBA JUJUBA 2L;ROTULO;BOPP;ELLOFLEX;0,0355;10649,999999999998;JUL;2026;07/2026;
PR2;2701210005;PR22701210005;ALGINATO DE PROPILENO GLICOL;CERVEJARIA;OUTROS;PROZYN ;283,79;56758,000000000007;JUL;2026;07/2026;
MS;2701090005;MS2701090005;ANTIOXIDANTE;CERVEJARIA;OUTROS;AEB;30,22;3022;JUL;2026;07/2026;
PR2;2701090005;PR22701090005;ANTIOXIDANTE;CERVEJARIA;OUTROS;AEB;29,94;4491;JUL;2026;07/2026;
MS;2701090005;MS2701090005;ANTIOXIDANTE;CERVEJARIA;OUTROS;GERAL;30,22;0;AGO;2026;08/2026;
PR;2701050035;PR2701050035;AROMA ARTIFICIAL GUARANA IFB (PED. KOMPLETO);AROMA;REFRIGERANTE;IFB;22,75;18200;JUL;2026;07/2026;
PR;2701050010;PR2701050010;AROMA DE LARANJA IDENTICO AO NATURAL;AROMA;REFRIGERANTE;GERAL;75,22;2256,6;AGO;2026;08/2026;
MS;2701130007;MS2701130007;AROMA EXTRATO GUARANA REFRIKO 28;AROMA;REFRIGERANTE;GERAL;32,8;9840;SET;2026;09/2026;
PR;2701130007;PR2701130007;AROMA EXTRATO GUARANA REFRIKO 28;AROMA;REFRIGERANTE;SAPORITI;32,8;21319,999999999996;AGO;2026;08/2026;
PR2;2701130007;PR22701130007;AROMA EXTRATO GUARANA REFRIKO 28;AROMA;REFRIGERANTE;GERAL;32,8;0;AGO;2026;08/2026;
PR;2801050039;PR2801050039;AROMA ID. AO NATURAL DE UVA VERDE SAPORITI;AROMA;ENERGÉTICO;GERAL;108;10800;AGO;2026;08/2026;
MS;2701050042;MS2701050042;AROMA IDENTICO AO NATURAL CITRUS BRANCO RAI;AROMA;ENERGÉTICO;RAI INGREDIENTES;64,38;3219;JUL;2026;07/2026;
MS;2701050026;MS2701050026;AROMA IDENTICO AO NATURAL DE PESSEGO;AROMA;NOCH DEMAIS;GERAL;58;5800;SET;2026;09/2026;
MS;2701050017;MS2701050017;AROMA IDENTICO AO NATURAL MELANCIA;AROMA;ENERGÉTICO;DUAS RODAS;37,17;3717;AGO;2026;08/2026;
PR;2801050021;PR2801050021;AROMA IDENTICO AO NATURAL MELANCIA;AROMA;ENERGÉTICO;GERAL;37,17;11151;AGO;2026;08/2026;
MS;2701050021;MS2701050021;AROMA IDENTICO AO NATURAL MORANGO;AROMA;ENERGÉTICO;DUAS RODAS;75,88;3794;AGO;2026;08/2026;
PR;2801050025;PR2801050025;AROMA IDENTICO AO NATURAL MORANGO;AROMA;ENERGÉTICO;GERAL;75,88;11382;AGO;2026;08/2026;
MS;2701050039;MS2701050039;AROMA IDENTICO AO NATURAL PESSEGO MATRIX;AROMA;ENERGÉTICO;MATRIX;108,9;21780;JUL;2026;07/2026;
PR;2701050011;PR2701050011;AROMA LIMAO REFRIKO 41;AROMA;REFRIGERANTE;SAPORITI;48;7200;JUL;2026;07/2026;
PA;10010001;PA10010001;ACUCAR CRISTAL;AÇUCAR;XAROPARIA;CERTANO;2,27792;455584;JUL;2026;07/2026;
PR;2701050011;PR2701050011;AROMA LIMAO REFRIKO 41;AROMA;REFRIGERANTE;SAPORITI;48;7200;AGO;2026;08/2026;
PR2;2701050011;PR22701050011;AROMA LIMAO REFRIKO 41;AROMA;REFRIGERANTE;GERAL;48;4800;AGO;2026;08/2026;
SP;2801010068;SP2801010068;ROTULO BOPP AGUA S/ GAS HIDRATAR 500ML                   ;ROTULO;BOPP;GERAL;0,01056;31680;JUL;2026;07/2026;
PR;2701010144;PR2701010144;ROTULO REFRIKO LARANJA DQI1% 2L;ROTULO;BOPP;MABFLEX;0,0355;10649,999999999998;JUL;2026;07/2026;
PR;2701010150;PR2701010150;ROTULO TUBAINA 2L;ROTULO;BOPP;MABFLEX;0,0355;10649,999999999998;JUL;2026;07/2026;
PR;2701020097;PR2701020097;PREFORMA PET 200 ML VERDE 12 g ;PREFORMA;REFRIKO 200ML;ENGEPACK;0,197948;147254,30899200001;JUN;2026;06/2026;
PR;2801020053;PR2801020053;PREFORMA PET 200 ML VERDE 12 g;PREFORMA;REFRIKO 200ML;ENGEPACK;0,197948;43630,906368000004;JUN;2026;06/2026;
PA;11070048;PA11070048;PREFORMA PET 200 ML VERDE 12 G;PREFORMA;PET 200 PA;CRISTALPET;0,159;55809;JUN;2026;06/2026;
PA;11070046;PA11070046;PREFORMA 18 ou 20,6G CRISTAL;PREFORMA;PET 500 PA;CRISTALPET;0,236;32590,655999999999;JUN;2026;06/2026;
PR;2701020085;PR2701020085;PREFORMA 15G CRISTAL;PREFORMA;CAIDEIRA;ENGEPACK;0,22133;78595,168319999997;JUN;2026;06/2026;
SP;2801020042;SP2801020042;PREFORMA 15G CRISTAL;PREFORMA;PET 500 PA;ENVASES;0,22133;240151,9032;JUN;2026;06/2026;
PR;2701020115;PR2701020115;PREFORMA 18 A 20G VERDE 500 ML ;PREFORMA;REFRIKO 500ML;ENGEPACK;0,204;32196,095999999998;JUN;2026;06/2026;
PR;2801020057;PR2801020057;PREFORMA 18 A 20G VERDE 500 ML;PREFORMA;REFRIKO 500ML;GERAL;0,204;20122,559999999998;JUN;2026;06/2026;
PA;11070047;PA11070047;PREFORMA 18 ou 20,6G VERDE;PREFORMA;PET 500 PA;CRISTALPET;0,236;23279,039999999997;JUN;2026;06/2026;
PA;11070012;PA11070012;PREFORMA 46,0G CRISTAL OU 45,7 G;PREFORMA;PET 2L PA;BRASPET;0,49;143236,79999999999;JUN;2026;06/2026;
PR;2701020055;PR2701020055;PREFORMA 18G CRISTAL;PREFORMA;FURIOSO 250ML;GERAL;0,25664;561364,07039999997;JUN;2026;06/2026;
SP;2801020041;SP2801020041;PREFORMA 18G CRISTAL 500 ML;PREFORMA;PET 500 PA;ENVASES;0,25664;465795,44063999999;JUN;2026;06/2026;
SP;2801020032;SP2801020032;PREFORMA 31,7G CRISTAL;PREFORMA;ÁGUA 1,5L;GERAL;0,41577;38197,621439999995;JUN;2026;06/2026;
MS;2701020059;MS2701020059;PREFORMA 41 G CRISTAL;PREFORMA;REFRIKO 2L;CRISTALPET;0,5553;78843,715200000006;JUN;2026;06/2026;
PR;2701020059;PR2701020059;PREFORMA 41G CRISTAL;PREFORMA;REFRIKO 2L;GERAL;0,5212;150505,88159999999;JUN;2026;06/2026;
MS;2701020102;MS2701020102;PREFORMA 41 G VERDE;PREFORMA;REFRIKO 2L;CRISTALPET;0,4013;117308,016;JUN;2026;06/2026;
PR;2701020102;PR2701020102;PREFORMA 41G VERDE;PREFORMA;REFRIKO 2L;GERAL;0,5212;493847,424;JUN;2026;06/2026;
PA;11070013;PA11070013;PREFORMA 46,0G VERDE OU 45,7 G;PREFORMA;PET 2L PA;BRASPET;0,49;69572,160000000003;JUN;2026;06/2026;
PA;11070032;PA11070032;PREFORMA 48GR CRISTAL OU 50,7 G;PREFORMA;PET 2,5L PA;AMCOR;0,498;379276,79999999999;JUN;2026;06/2026;
MS;2701020050;MS2701020050;PREFORMA 48G CRISTAL (COMPRAR 50 G);PREFORMA;PET 2,5L PA;BRASPET;0,644;25656,959999999999;JUN;2026;06/2026;
PA;11070033;PA11070033;PREFORMA 48GR VERDE OU 50,7 G;PREFORMA;PET 2,5L PA;AMCOR;0,498;124938,24000000001;JUN;2026;06/2026;
PA;10090017;PA10090017;EMULSAO LARANJA REFRIKO 98;EMULSAO;XAROPARIA;SAPORITI;36;19800;JUN;2026;06/2026;
MS;2701020081;MS2701020081;PREFORMA 54,4GR CRISTAL SHORT;PREFORMA;REFRIKO 3L;BRASPET;0,55922;21742,473600000001;JUN;2026;06/2026;
MS;2701020109;MS2701020109;PREFORMA 54,4GR VERDE SHORT;PREFORMA;REFRIKO 3L;BRASPET;0,55922;60878,926080000005;JUN;2026;06/2026;
MS;2701020075;MS2701020075;PREFORMA PET 46,7GR CRISTAL;PREFORMA;FURIOSO 2L;BRASPET;0,594;138910,46400000001;JUN;2026;06/2026;
PR;2701020075;PR2701020075;PREFORMA PET 46,7GR CRISTAL ;PREFORMA;FURIOSO 2L;GERAL;0,687488;328938,258432;JUN;2026;06/2026;
MS;2701210004;MS2701210004;ENZIMA ULTRA FLOW;CERVEJARIA;OUTROS;PROZYN ;76,36;11454;JUN;2026;06/2026;
PR;2801170001;PR2801170001;AGUARDENTE DE CANA CACHACA LT;CACHAÇA;TANQUE;COOP ;2,26;180732,19999999998;JUN;2026;06/2026;
MS;2701170002;MS2701170002;ETANOL NEUTRO ALCOOL ETILICO POT 96º-IND;ETANOL;TANQUE;GERAL;4,474;206144,024;JUN;2026;06/2026;
MS;2701170002;MS2701170002;ETANOL NEUTRO ALCOOL ETILICO POT 96º-IND;ETANOL;TANQUE;GERAL;4,474;205759,26;JUN;2026;06/2026;
PR;2701010143;PR2701010143;ROTULO REFRIKO LARANJA DQI1% 200 ML ;ROTULO;BOPP;TRIA;0,008;6400;JUN;2026;06/2026;
PR;2701010149;PR2701010149;ROTULO REFRIKO TUBAÍNA 200 ML ;ROTULO;BOPP;TRIA;0,008;9600;JUN;2026;06/2026;
MS;2701150004;MS2701150004;VASILHAME OW 600ML (BELLA ROMA);VASILHAME;NORMAL;VIDRO PORTO;1,13;64070,999999999993;JUN;2026;06/2026;
MS;2701170003;MS2701170003;VINHO DE MESA TINTO SECO GRANEL;VINHO;TANQUE; GAZZI;4,2;705600;JUN;2026;06/2026;
MS;2701140029;MS2701140029;TAMPA - LATA 350/269/473ML - B64;TAMPA;LATA;CROWN;0,24;862617,59999999998;JUN;2026;06/2026;
MS;2701050013;MS2701050013;AROMA MAÇA VERDE COD;AROMA;ENERGÉTICO;GERAL;46,45;4645;SET;2026;09/2026;
PR;2801050015;PR2801050015;AROMA MAÇA VERDE COD;AROMA;ENERGÉTICO;GERAL;46,45;4645;AGO;2026;08/2026;
MS;2701050019;MS2701050019;AROMA MELAO ;AROMA;ENERGÉTICO;DUAS RODAS;58,97;5897;AGO;2026;08/2026;
PR;2801050023;PR2801050023;AROMA MELAO;AROMA;ENERGÉTICO;DUAS RODAS;58,97;8845,5;JUL;2026;07/2026;
MS;2701080001;MS2701080001;ACUCAR CRISTAL;AÇUCAR;XAROPARIA;GERAL;1,84;276000;JUN;2026;06/2026;
PR;2701080001;PR2701080001;ACUCAR CRISTAL;AÇUCAR;XAROPARIA;GERAL;1,84;170016;JUN;2026;06/2026;
PR2;2701080001;PR22701080001;ACUCAR CRISTAL;AÇUCAR;XAROPARIA;GERAL;1,84;317952;JUN;2026;06/2026;
PR;2801050023;PR2801050023;AROMA MELAO;AROMA;ENERGÉTICO;GERAL;58,97;8845,5;AGO;2026;08/2026;
PR;2801050004;PR2801050004;AROMA NATURA DE CITRUS RB 25395;AROMA;ENERGÉTICO;GERAL;105;3780;AGO;2026;08/2026;
PR2;2701050001;PR22701050001;AROMA NATURAL MOUTHFEEL FASV259 ADM;AROMA;REFRIGERANTE;GERAL;165,4;33080;MAI;2026;05/2026;
PR;2701050001;PR2701050001;AROMA NATURAL MOUTHFEEL FASV259 ADM;AROMA;REFRIGERANTE;ADM;165,4;16540;JUN;2026;06/2026;
PR;2701050001;PR2701050001;AROMA NATURAL MOUTHFEEL FASV259 ADM;AROMA;REFRIGERANTE;ADM;165,4;16540;JUL;2026;07/2026;
PR2;2701050001;PR22701050001;AROMA NATURAL MOUTHFEEL FASV259 ADM;AROMA;REFRIGERANTE;ADM;165,4;16540;JUL;2026;07/2026;
MS;2701050001;MS2701050001;AROMA NATURAL MOUTHFEEL FASV259 ADM;AROMA;REFRIGERANTE;ADM;165,4;16540;AGO;2026;08/2026;
PR;2701050001;PR2701050001;AROMA NATURAL MOUTHFEEL FASV259 ADM;AROMA;REFRIGERANTE;ADM;165,4;16540;AGO;2026;08/2026;
PR;2701050001;PR2701050001;AROMA NATURAL MOUTHFEEL FASV259 ADM;AROMA;REFRIGERANTE;GERAL;165,4;0;SET;2026;09/2026;
PR2;2701050001;PR22701050001;AROMA NATURAL MOUTHFEEL FASV259 ADM;AROMA;REFRIGERANTE;GERAL;165,4;0;SET;2026;09/2026;
MS;2701050044;MS2701050044;AROMA NATURAL NOTA MADURA IMCD;AROMA;ENERGÉTICO;IMCD;215,16;5379;JUL;2026;07/2026;
MS;2701050028;MS2701050028;AROMA NATURAL PARA VODKA ;AROMA;VODKA;DUAS RODAS;25,88;3882;JUL;2026;07/2026;
MS;2701050028;MS2701050028;AROMA NATURAL PARA VODKA ;AROMA;VODKA;GERAL;25,88;3882;SET;2026;09/2026;
MS;2701050043;MS2701050043;AROMA NATURAL TURVO NEUTRO MATRIX;AROMA;ENERGÉTICO;MATRIX;88,5;7080;JUL;2026;07/2026;
PR;2701020097;PR2701020097;PREFORMA PET 200 ML VERDE 12 g ;PREFORMA;REFRIKO 200ML;ENGEPACK;0,197948;283600,89139200002;JUN;2026;06/2026;
PA;10090273;PA10090273;ACESSULFAME DE POTASSIO;EDULCORANTE;XAROPARIA;GERAL;34,9;3490;SET;2026;09/2026;
PA;10090100;PA10090100;ASPARTAME;EDULCORANTE;XAROPARIA;GERAL;70,39;7039;AGO;2026;08/2026;
PA;10090100;PA10090100;ASPARTAME;EDULCORANTE;XAROPARIA;GERAL;70,39;7039;SET;2026;09/2026;
PA;10090071;PA10090071;SUCRALOSE;EDULCORANTE;XAROPARIA;GERAL;114,06;11406;AGO;2026;08/2026;
PA;10090071;PA10090071;SUCRALOSE;EDULCORANTE;XAROPARIA;GERAL;114,06;17109;SET;2026;09/2026;
PR;2701050027;PR2701050027;AROMA UVA REFRIKO 84;AROMA;REFRIGERANTE;SAPORITI;28;4200;JUL;2026;07/2026;
MS;2701050027;MS2701050027;AROMA UVA REFRIKO 84;AROMA;REFRIGERANTE;GERAL;28;1400;SET;2026;09/2026;
PR;2701050027;PR2701050027;AROMA UVA REFRIKO 84;AROMA;REFRIGERANTE;SAPORITI;28;8400;AGO;2026;08/2026;
PR2;2701070005;PR22701070005;ASPARTAME;EDULCORANTE;XAROPARIA;GERAL;61,26;6126;JUL;2026;07/2026;
MS;2701070005;MS2701070005;ASPARTAME;EDULCORANTE;XAROPARIA;BUSCHLE;61,26;6126;JUL;2026;07/2026;
MS;2701070005;MS2701070005;ASPARTAME;EDULCORANTE;XAROPARIA;GERAL;61,26;3063;SET;2026;09/2026;
PR;2701070005;PR2701070005;ASPARTAME;EDULCORANTE;XAROPARIA;BUSCHLE;61,26;3063;JUL;2026;07/2026;
PR2;2701070005;PR22701070005;ASPARTAME;EDULCORANTE;XAROPARIA;BUSCHLE;61,26;6126;AGO;2026;08/2026;
PR;2701070005;PR2701070005;ASPARTAME;EDULCORANTE;XAROPARIA;GERAL;61,26;3063;SET;2026;09/2026;
PR2;2701070005;PR22701070005;ASPARTAME;EDULCORANTE;XAROPARIA;GERAL;61,26;0;SET;2026;09/2026;
MS;2701100002;MS2701100002;BENZOATO DE SODIO;ACID.E CONSERV.;REF/ENER/NOCH/TON;PARKER;12,1;12100;AGO;2026;08/2026;
PR;2701100002;PR2701100002;BENZOATO DE SODIO;ACID.E CONSERV.;REF/ENER/NOCH/TON;BIO CHEMICALS;12,1;18150;JUL;2026;07/2026;
PR;2701030043;PR2701030043;TAMPA LARANJA REFRIKO;TAMPA;PET;OXFORD PACKAGING;0,04445;73929,240000000005;JUL;2026;07/2026;
PR;2701100002;PR2701100002;BENZOATO DE SODIO;ACID.E CONSERV.;REF/ENER/NOCH/TON;GERAL;12,1;16940;AGO;2026;08/2026;
PR2;2701100002;PR22701100002;BENZOATO DE SODIO;ACID.E CONSERV.;REF/ENER/NOCH/TON;DAXIA;12,1;14520;JUL;2026;07/2026;
PR;2701100002;PR2701100002;BENZOATO DE SODIO;ACID.E CONSERV.;REF/ENER/NOCH/TON;GERAL;12,1;14520;SET;2026;09/2026;
PR2;2701100002;PR22701100002;BENZOATO DE SODIO;ACID.E CONSERV.;REF/ENER/NOCH/TON;DAXIA;12,1;15125;JUL;2026;07/2026;
PR2;2701100002;PR22701100002;BENZOATO DE SODIO;ACID.E CONSERV.;REF/ENER/NOCH/TON;GERAL;12,1;18150;SET;2026;09/2026;
MS;2701100002;MS2701100002;BENZOATO DE SODIO;ACID.E CONSERV.;REF/ENER/NOCH/TON;GERAL;12,1;12100;SET;2026;09/2026;
PR2;2701100002;PR22701100002;BENZOATO DE SODIO;ACID.E CONSERV.;REF/ENER/NOCH/TON;GERAL;12,1;24200;OUT;2026;10/2026;
MS;2701160013;MS2701160013;CAIXA TUBAÍNA 12X355ML;CAIXA;TUBAINA;GERAL;1,97;39400;OUT;2026;10/2026;
PR2;2701240004;PR22701240004;CHAPA SEM IMPRESSAO 1000X1200 (NOVA);SEPARADOR DE CAMADAS;CHAPA;GERAL;1,19;48790;JUL;2026;07/2026;
PA;10100012;PA10100012;BENZOATO DE SODIO;ACID.E CONSERV.;REF/ENER/NOCH/TON;STAR;10,352;10352;JUL;2026;07/2026;
PA;10100006;PA10100006;CITRATO DE SODIO;ACID.E CONSERV.;ENERG/DELIRIO;KONKRETA;10,37;1037;JUL;2026;07/2026;
MS;2701240004;MS2701240004;CHAPA SEM IMPRESSAO 1000X1200 (NOVA);SEPARADOR DE CAMADAS;CHAPA;CPEL;1,25;51250;JUL;2026;07/2026;
MS;2701240004;MS2701240004;CHAPA SEM IMPRESSAO 1000X1200 (NOVA);SEPARADOR DE CAMADAS;CHAPA;GERAL;1,25;50000;JUL;2026;07/2026;
PR2;2701240004;PR22701240004;CHAPA SEM IMPRESSAO 1000X1200 (NOVA);SEPARADOR DE CAMADAS;CHAPA;GERAL;1,19;48790;SET;2026;09/2026;
MS;2701070004;MS2701070004;CICLAMATO DE SÓDIO ;EDULCORANTE;XAROPARIA;PARKER;14,18;2836;JUL;2026;07/2026;
PA;10090017;PA10090017;EMULSAO LARANJA REFRIKO 98;EMULSAO;XAROPARIA;SAPORITI;36;18000;JUL;2026;07/2026;
PR;2701070004;PR2701070004;CICLAMATO DE SÓDIO ;EDULCORANTE;XAROPARIA;PARKER;14,18;2836;JUL;2026;07/2026;
PR2;2701070004;PR22701070004;CICLAMATO DE SÓDIO ;EDULCORANTE;XAROPARIA;GERAL;14,18;2836;JUL;2026;07/2026;
MS;2701070004;MS2701070004;CICLAMATO DE SÓDIO ;EDULCORANTE;XAROPARIA;GERAL;14,18;2836;AGO;2026;08/2026;
PR;2701070004;PR2701070004;CICLAMATO DE SÓDIO ;EDULCORANTE;XAROPARIA;GERAL;14,18;2836;AGO;2026;08/2026;
PR;2701020051;PR2701020051;PREFORMA PET 200 ML CRISTAL 12 g ;PREFORMA;REFRIKO 200ML;ENGEPACK;0,197948;349047,25094400003;JUL;2026;07/2026;
PR;2701020097;PR2701020097;PREFORMA PET 200 ML VERDE 12 g ;PREFORMA;REFRIKO 200ML;ENGEPACK;0,197948;327231,79776000004;JUL;2026;07/2026;
PA;11070041;PA11070041;PREFORMA PET 200 ML CRISTAL 12 G;PREFORMA;PET 200 PA;CRISTALPET;0,159;48367,8;JUL;2026;07/2026;
PA;11070048;PA11070048;PREFORMA PET 200 ML VERDE 12 G;PREFORMA;PET 200 PA;CRISTALPET;0,159;55809;JUL;2026;07/2026;
SP;2801020042;SP2801020042;PREFORMA 15G CRISTAL;PREFORMA;PET 500 PA;CRISTALPET;0,22133;0;JUL;2026;07/2026;
SP;2801020042;SP2801020042;PREFORMA 15G CRISTAL;PREFORMA;PET 500 PA;CRISTALPET;0,22133;96060,761280000006;JUL;2026;07/2026;
PA;11070046;PA11070046;PREFORMA 18 ou 20,6G CRISTAL;PREFORMA;PET 500 PA;CRISTALPET;0,236;19665,407999999999;JUL;2026;07/2026;
PR;2701020055;PR2701020055;PREFORMA 18G CRISTAL;PREFORMA;FURIOSO 250ML;CRISTALPET;0,25664;263275,68383999995;JUL;2026;07/2026;
SP;2801020041;SP2801020041;PREFORMA 18G CRISTAL 500 ML;PREFORMA;PET 500 PA;CRISTALPET;0,25664;126574,84799999998;JUL;2026;07/2026;
SP;2801020032;SP2801020032;PREFORMA 31,7G CRISTAL;PREFORMA;ÁGUA 1,5L;CRISTALPET;0,41577;23499,320399999997;JUL;2026;07/2026;
MS;2701020059;MS2701020059;PREFORMA 41 G CRISTAL;PREFORMA;REFRIKO 2L;CRISTALPET;0,5553;32465,0592;JUL;2026;07/2026;
PR;2701020059;PR2701020059;PREFORMA 41G CRISTAL;PREFORMA;REFRIKO 2L;ENGEPACK;0,5212;37626,470399999998;JUL;2026;07/2026;
MS;2701020102;MS2701020102;PREFORMA 41 G VERDE;PREFORMA;REFRIKO 2L;CRISTALPET;0,4013;87143,097599999994;JUL;2026;07/2026;
PR;2701020102;PR2701020102;PREFORMA 41G VERDE;PREFORMA;REFRIKO 2L;GERAL;0,5212;0;JUL;2026;07/2026;
PA;11070012;PA11070012;PREFORMA 46,0G CRISTAL OU 45,7 G;PREFORMA;PET 2L PA;CRISTALPET;0,49;81849,599999999991;JUL;2026;07/2026;
MS;2701020096;MS2701020096;PREFORMA 48G VERDE;PREFORMA;PET 2,5L PA;GERAL;0,64422;0;JUL;2026;07/2026;
PA;11070032;PA11070032;PREFORMA 48GR CRISTAL OU 50,7 G;PREFORMA;PET 2,5L PA;AMCOR;0,498;383738,88;JUL;2026;07/2026;
PA;11070033;PA11070033;PREFORMA 48GR VERDE OU 50,7 G;PREFORMA;PET 2,5L PA;AMCOR;0,498;80317,440000000002;JUL;2026;07/2026;
MS;2701020075;MS2701020075;PREFORMA PET 46,7GR CRISTAL;PREFORMA;FURIOSO 2L;BRASPET;0,594;94260,671999999991;JUL;2026;07/2026;
PR;2701020075;PR2701020075;PREFORMA PET 46,7GR CRISTAL ;PREFORMA;FURIOSO 2L;GERAL;0,687488;0;JUL;2026;07/2026;
MS;2701010132;MS2701010132;ROTULO REFRIKO COLA 2L;ROTULO;BOPP;ELLOFLEX;0,0355;6885,0119999999997;JUL;2026;07/2026;
PR;2701010132;PR2701010132;ROTULO REFRIKO COLA 2L;ROTULO;BOPP;ELLOPRINT;0,0355;3549,9999999999995;JUL;2026;07/2026;
PA;10090293;PA10090293;SUCO CONCENTRADO DE MACA;SUCO;XAROPARIA;INTERSUCOS;11,5;28750;JUL;2026;07/2026;
PR;2701070004;PR2701070004;CICLAMATO DE SÓDIO ;EDULCORANTE;XAROPARIA;GERAL;14,18;2836;OUT;2026;10/2026;
PR;2801090005;PR2801090005;CITRATO DE SODIO;ACID.E CONSERV.;ENERG/DELIRIO;PRIMARY;8,28;8280;AGO;2026;08/2026;
PA;10090090;PA10090090;SUCO CONCENTRADO LARANJA;SUCO;XAROPARIA;INTERSUCOS;10,5;4200;JUL;2026;07/2026;
MS;2701210003;MS2701210003;CLEAR MAX PVPP;CERVEJARIA;OUTROS;CLEAR MAX;138,35;9684,5;AGO;2026;08/2026;
PR2;2701210003;PR22701210003;CLEAR MAX PVPP;CERVEJARIA;OUTROS;GERAL;138,35;24903;AGO;2026;08/2026;
PA;10090094;PA10090094;SUCO CONCENTRADO UVA;SUCO;XAROPARIA;INTERSUCOS;10,5;5250;JUL;2026;07/2026;
MS;2701030037;MS2701030037;TAMPA AMARELA LISA;TAMPA;PET;VALGROUP;0,049;21873,600000000002;AGO;2026;08/2026;
PR;2701030037;PR2701030037;TAMPA AMARELA LISA;TAMPA;PET;OXFORD PACKAGING;0,04445;120975,12000000001;JUL;2026;07/2026;
MS;2701030043;MS2701030043;TAMPA LARANJA REFRIKO;TAMPA;PET;VALGROUP;0,049;7408,8;AGO;2026;08/2026;
MS;2701030044;MS2701030044;TAMPA LILAS LISA;TAMPA;PET;VALGROUP;0,049;7408,8;AGO;2026;08/2026;
PR;2701030044;PR2701030044;TAMPA LILAS LISA;TAMPA;PET;OXFORD PACKAGING;0,04445;20162,52;JUL;2026;07/2026;
SP;2801030014;SP2801030014;TAMPA PLASTICA AZUL OMNI                             ;TAMPA;PET;GERAL;0,043333;91727,294400000013;JUL;2026;07/2026;
PR;2701030049;PR2701030049;TAMPA VERDE REFRIKO;TAMPA;PET;OXFORD PACKAGING;0,04445;73929,240000000005;JUL;2026;07/2026;
MS;2701250001;MS2701250001;CLORETO DE CALCIO - IBC;CERVEJARIA;OUTROS;BELA VISTA ;4,07;2035,0000000000002;JUL;2026;07/2026;
PR2;2701250001;PR22701250001;CLORETO DE CALCIO - IBC;CERVEJARIA;OUTROS;GERAL;4,07;0;AGO;2026;08/2026;
PR;2801050007;PR2801050007;CONCENTRADO B. ENERGETICA AÇAI;AROMA;KIT ENERGÉTICO;GERAL;2237,879;21883,177955706982;SET;2026;09/2026;
MS;2701050040;MS2701050040;CONCENTRADO BEBIDAS ENERGETICA;AROMA;KIT ENERGÉTICO;GERAL;2076,886;198866,17339832868;JUL;2026;07/2026;
MS;2701050040;MS2701050040;CONCENTRADO BEBIDAS ENERGETICA;AROMA;KIT ENERGÉTICO;GERAL;2076,886;271181,14554317552;AGO;2026;08/2026;
MS;2701090004;MS2701090004;ACIDO TARTARICO ;ACID.E CONSERV.;NOCH/TON/BEL;MCASSAB;35,5;3550;AGO;2026;08/2026;
PA;10010001;PA10010001;ACUCAR CRISTAL;AÇUCAR;XAROPARIA;CERTANO;2,27792;569480;AGO;2026;08/2026;
PA;10020012;PA10020012;AROMA DE GUARANA 31835 ADM;AROMA;REFRIGERANTE;YERBALATINA;120,2;24040;AGO;2026;08/2026;
MS;2701050040;MS2701050040;CONCENTRADO BEBIDAS ENERGETICA;AROMA;KIT ENERGÉTICO;GERAL;2076,886;325417,37465181062;OUT;2026;10/2026;
PR;2801050003;PR2801050003;CONCENTRADO BEBIDAS ENERGETICA;AROMA;KIT ENERGÉTICO;GERAL;2044,7664;320384,70752089139;JUL;2026;07/2026;
PR;2801050003;PR2801050003;CONCENTRADO BEBIDAS ENERGETICA;AROMA;KIT ENERGÉTICO;GERAL;2044,7664;302585,55710306409;AGO;2026;08/2026;
PR;2801050003;PR2801050003;CONCENTRADO BEBIDAS ENERGETICA;AROMA;KIT ENERGÉTICO;GERAL;2044,7664;498376,21169916436;OUT;2026;10/2026;
MS;2701050022;MS2701050022;CONCENTRADO DE GUARANA IAB 7205;AROMA;REFRIGERANTE;INTERAMERICANAS;25,87;11641,5;JUL;2026;07/2026;
PR;2701050022;PR2701050022;CONCENTRADO DE GUARANA IAB 7205;AROMA;REFRIGERANTE;INTERAMERICAS;27,17;14943,500000000002;JUL;2026;07/2026;
MS;2701050022;MS2701050022;CONCENTRADO DE GUARANA IAB 7205;AROMA;REFRIGERANTE;GERAL;25,87;11641,5;AGO;2026;08/2026;
PR;2701050022;PR2701050022;CONCENTRADO DE GUARANA IAB 7205;AROMA;REFRIGERANTE;INTERAMERICAS;27,17;17660,5;AGO;2026;08/2026;
PR2;2701050022;PR22701050022;CONCENTRADO DE GUARANA IAB 7205;AROMA;REFRIGERANTE;GERAL;27,17;0;AGO;2026;08/2026;
PR;2701060010;PR2701060010;CORANTE AMARANTO;CORANTE;REFRIGERANTE;GERAL;85,5;4275;SET;2026;09/2026;
PR2;2701060010;PR22701060010;CORANTE AMARANTO;CORANTE;DELIRIO;GERAL;85,5;0;SET;2026;09/2026;
PR2;2701060006;PR22701060006;CORANTE CARAMELO CERVEJA;CERVEJARIA;OUTROS;GERAL;6,38;6380;JUN;2026;06/2026;
MS;2701060006;MS2701060006;CORANTE CARAMELO CERVEJA;CERVEJARIA;OUTROS;E.P.A;6,04;3020;AGO;2026;08/2026;
PA;10020011;PA10020011;AROMA NATURAL MOUTHFEEL FASV259 ADM;AROMA;REFRIGERANTE;ADM;157,52;15752,000000000002;AGO;2026;08/2026;
PR;2701060007;PR2701060007;CORANTE CARAMELO CLASE IV DPC;CORANTE;REFRIGERANTE;SAPORITI;7,5;3750;AGO;2026;08/2026;
PR2;2701060007;PR22701060007;CORANTE CARAMELO CLASE IV DPC;CORANTE;REFRIGERANTE;GERAL;7,5;0;SET;2026;09/2026;
MS;2701160012;MS2701160012;CX 12X300ML - TUBAINA;CAIXA;TUBAINA;JAUENSE;1,69;33800;AGO;2026;08/2026;
MS;2701160001;MS2701160001;CX AUTO GIN JAMES COOK 6X1-;CAIXA;JAMES COOK;GERAL;2,96;19240;AGO;2026;08/2026;
MS;2701160002;MS2701160002;CX FUNDO AUTO VODKA JAMES COOK 6X1;CAIXA;JAMES COOK;GERAL;2,96;10360;AGO;2026;08/2026;
MS;2701160011;MS2701160011;CX ONE WAY BAMBOA 12X330ML;CAIXA;CERVEJA;CARTONAGEM;1,84;36800;JUL;2026;07/2026;
PR2;2701050020;PR22701050020;EMULSÃO COLA E-0388 ADM (NOVO);EMULSAO;XAROPARIA;GERAL;384,51;20186,774999999998;AGO;2026;08/2026;
PR2;2701050020;PR22701050020;EMULSÃO COLA E-0388 ADM (NOVO);EMULSAO;XAROPARIA;GERAL;384,51;0;SET;2026;09/2026;
MS;2701050018;MS2701050018;EMULSAO LARANJA REFRIKO 98;EMULSAO;XAROPARIA;SAPORITI;32,8;4920;JUL;2026;07/2026;
PA;10090274;PA10090274;CONCENTRADO BEBIDAS ENERGETICA;AROMA;KIT ENERGÉTICO;WILD;164,7247563;164724,75626740951;AGO;2026;08/2026;
PR;2701050018;PR2701050018;EMULSAO LARANJA REFRIKO 98;EMULSAO;XAROPARIA;SAPORITI;32,8;16400;JUL;2026;07/2026;
PR;2701050018;PR2701050018;EMULSAO LARANJA REFRIKO 98;EMULSAO;XAROPARIA;GERAL;32,8;9840;SET;2026;09/2026;
PA;10090295;PA10090295;CONCENTRADO COLA IAB 7729 (NOVO);CONCENT./KITs;KIT COLA;INTERAMERICA;22,39;49258;AGO;2026;08/2026;
PR2;2701050018;PR22701050018;EMULSAO LARANJA REFRIKO 98;EMULSAO;XAROPARIA;GERAL;32,8;0;AGO;2026;08/2026;
PR;2701050016;PR2701050016;EMULSAO NEUTRA PARA SUCO;EMULSAO;XAROPARIA;GERAL;56;5600;SET;2026;09/2026;
MS;2701210004;MS2701210004;ENZIMA ULTRA FLOW;CERVEJARIA;OUTROS;PROXYN;76,36;11454;AGO;2026;08/2026;
PR2;2701210004;PR22701210004;ENZIMA ULTRA FLOW;CERVEJARIA;OUTROS;GERAL;76,36;11454;AGO;2026;08/2026;
MS;2701170002;MS2701170002;ETANOL NEUTRO ALCOOL ETILICO POT 96º-IND;ETANOL;TANQUE;GERAL;4,474;408762,53600000002;JUL;2026;07/2026;
PR;2701170002;PR2701170002;ETANOL NEUTRO ALCOOL ETILICO POT 96º-IND;ETANOL;TANQUE;GERAL;4,474;72210,36;JUL;2026;07/2026;
MS;2701170002;MS2701170002;ETANOL NEUTRO ALCOOL ETILICO POT 96º-IND;ETANOL;TANQUE;GERAL;4,474;201330;AGO;2026;08/2026;
MS;2701130012;MS2701130012;EXTRATO DE CHA PRETO EM PO;AROMA;ENERGÉTICO;APLIQUIMICA;182,38;19149,899999999998;AGO;2026;08/2026;
MS;2701130006;MS2701130006;EXTRATO DE GUARANA 200% DUAS RODAS;AROMA;ENERG./DELÍR.;DUAS RODAS;49,93;6241,25;AGO;2026;08/2026;
PR;2701130006;PR2701130006;EXTRATO DE GUARANA 200% DUAS RODAS;AROMA;ENERG./DELÍR.;DUAS RODAS;49,93;17475,5;AGO;2026;08/2026;
SP;2801040014;SP2801040014;FILME STRETCH POLIETILENO 500X0023;FILME;STRETCH;GERAL;22,85;15995,000000000002;JUL;2026;07/2026;
SP;2801040014;SP2801040014;FILME STRETCH POLIETILENO 500X0023;FILME;STRETCH;GERAL;22,85;15560,85;AGO;2026;08/2026;
SP;2801040014;SP2801040014;FILME STRETCH POLIETILENO 500X0023;FILME;STRETCH;GERAL;22,85;15995,000000000002;OUT;2026;10/2026;
MS;2701040009;MS2701040009;FILME STRETCH POLIETILENO 500X0023;FILME;STRETCH;EPA;22,85;75405;JUL;2026;07/2026;
PA;11040793;PA11040793;FILME TERMO - 480X0,06;FILME;REFRI;EPA;10,35;28670,017500000002;AGO;2026;08/2026;
PA;11040005;PA11040005;FILME TERMO ENCOLHIVEL 300 MM X 0,04;FILME;REFRI;EPA;10,35;19703,8125;AGO;2026;08/2026;
PA;11040007;PA11040007;FILME TERMO ENCOLHIVEL 420 X 0,06;FILME;REFR/ENERG.;E.P.A;10,35;34471,192499999997;AGO;2026;08/2026;
PR2;2701040009;PR22701040009;FILME STRETCH POLIETILENO 500X0023;FILME;STRETCH;GERAL;20;80000;JUL;2026;07/2026;
MS;2701040009;MS2701040009;FILME STRETCH POLIETILENO 500X0023;FILME;STRETCH;GERAL;22,85;86830;AGO;2026;08/2026;
PR;2701040009;PR2701040009;FILME STRETCH POLIETILENO 500X0023;FILME;STRETCH;EPA;20;54200;AGO;2026;08/2026;
PR2;2701040009;PR22701040009;FILME STRETCH POLIETILENO 500X0023;FILME;STRETCH;GERAL;20;40000;AGO;2026;08/2026;
MS;2701040009;MS2701040009;FILME STRETCH POLIETILENO 500X0023;FILME;STRETCH;GERAL;22,85;34275;OUT;2026;10/2026;
PR2;2701040009;PR22701040009;FILME STRETCH POLIETILENO 500X0023;FILME;STRETCH;GERAL;20;50000;OUT;2026;10/2026;
PA;10090290;PA10090290;PREMIX ENERG EMULVIT 8942 ADM;CONCENT./KITs;C.ENERGETICO;QUANTIQ;26,8;5360;AGO;2026;08/2026;
PR2;2701040034;PR22701040034;FILME TERMO ENCOLHIVEL 300 MM X 0,04 ;FILME;REFRI;GERAL;23,575;117875;JUL;2026;07/2026;
PR2;2701040034;PR22701040034;FILME TERMO ENCOLHIVEL 300 MM X 0,04 ;FILME;REFRI;GERAL;23,575;94300;OUT;2026;10/2026;
PR;2801010090;PR2801010090;ROT SLEE NOCH LIMAO 270ML;ROTULO;SLEEVE;ALL4LABELL;0,12;30000;AGO;2026;08/2026;
PR;2801010092;PR2801010092;ROT SLEE NOCH MELANCIA E MORAN 270ML-IND;ROTULO;SLEEVE;ALL4LABELL;0,12;30000;AGO;2026;08/2026;
MS;2701010119;MS2701010119;ROTULO BAMBOA TRADICIONAL VODKA;ROTULO;ADESIVO;GRAFIMAX;0,077;23100;AGO;2026;08/2026;
SP;2801010068;SP2801010068;ROTULO BOPP AGUA S/ GAS HIDRATAR 500ML                   ;ROTULO;BOPP;GERAL;0,01056;31680;AGO;2026;08/2026;
PR;2801010069;PR2801010069;ROTULO CACHACA CAIDEIRA 450ML;ROTULO;BOPP;ELLOFLEX;0,0157;3139,9999999999995;AGO;2026;08/2026;
PA;11080232;PA11080232;ROTULO FURIOSO 250ML;ROTULO;SLEEVE-PA;CCL;0,06581;16452,500000000004;AGO;2026;08/2026;
PR;2801010099;PR2801010099;ROTULO FURIOSO 250ML;ROTULO;SLEEVE;GERAL;0,050377;50377;AGO;2026;08/2026;
MS;2701010191;MS2701010191;ROTULO FURIOSO 2L;ROTULO;SLEEVE;CCL;0,2062;51550;AGO;2026;08/2026;
PR;2801010100;PR2801010100;ROTULO FURIOSO 2L;ROTULO;SLEEVE;CCL;0,2062;20620;AGO;2026;08/2026;
PR;2801010098;PR2801010098;ROTULO FURIOSO MELANCIA E MORANGO 2L;ROTULO;SLEEVE;CCL;0,2062;41240;AGO;2026;08/2026;
MS;2701010184;MS2701010184;ROTULO FURIOSO MELAO 2L;ROTULO;SLEEVE;CCL;0,2062;10310;AGO;2026;08/2026;
PR;2801010096;PR2801010096;ROTULO FURIOSO MELAO 2L;ROTULO;SLEEVE;CCL;0,2062;30930;AGO;2026;08/2026;
PA;11080242;PA11080242;RÓTULO MICOS COLA 200ML;ROTULO;BOPP-PA;GERAL;0,0059;2950;AGO;2026;08/2026;
PA;11080251;PA11080251;ROTULO MICOS LARANJA 2L;ROTULO;BOPP-PA;GERAL;0,04163;9439,5192399999996;AGO;2026;08/2026;
PA;11080245;PA11080245;RÓTULO MICOS GUARANA 2,5L;ROTULO;BOPP-PA;GERAL;0,03395;13580;AGO;2026;08/2026;
MS;2701010161;MS2701010161;ROTULO TERNURA TUBAINA 2L;ROTULO;BOPP;GERAL;0,0355;3549,9999999999995;AGO;2026;08/2026;
PR;2701010161;PR2701010161;ROTULO TERNURA TUBAINA 2L;ROTULO;BOPP;ELLOFLEX;0,0355;7099,9999999999991;AGO;2026;08/2026;
PR;2701010163;PR2701010163;ROTULO TUBA JUJUBA 2L;ROTULO;BOPP;C-MAB;0,0355;17515,344999999998;AGO;2026;08/2026;
MS;2701040002;MS2701040002;FILME TERMO ENCOLHIVEL 420 X 0,06;FILME;REFR/ENERG.;GERAL;23,5;70500;OUT;2026;10/2026;
PR;2701040004;PR2701040004;FILME TERMO ENCOLHIVEL 600 MM X 0,04 ;FILME;REFRI;GERAL;14,1;56400;JUL;2026;07/2026;
PR;2701040005;PR2701040005;FILME TERMO ENCOLHIVEL 660 MM X 0,04;FILME;ENERGÉTICO;GERAL;23,5;70500;AGO;2026;08/2026;
PA;11090086;PA11090086;TAMPA AMARELA LISA;TAMPA;PET;RAVIBRAS;0,04667;7840,56;JUL;2026;07/2026;
PA;11090001;PA11090001;TAMPA LARANJA REFRIKO;TAMPA;PET;RAVIBRAS;0,04667;31362,240000000002;JUL;2026;07/2026;
PA;11090034;PA11090034;TAMPA LILAS LISA;TAMPA;PET;RAVIBRAS;0,04667;15681,12;JUL;2026;07/2026;
MS;2701030032;MS2701030032;TAMPA METALICA LISA;TAMPA;VIDRO NAC;RENDA;0,0495;24750;AGO;2026;08/2026;
MS;2701030036;MS2701030036;TAMPA METALICA TWISTOF;TAMPA;VIDRO NAC;GERAL;0,0495;24750;AGO;2026;08/2026;
PA;11090031;PA11090031;TAMPA VERMELHA LISA;TAMPA;PET;RAVIBRAS;0,04667;54883,920000000006;JUL;2026;07/2026;
PR;2701040005;PR2701040005;FILME TERMO ENCOLHIVEL 660 MM X 0,04;FILME;ENERGÉTICO;GERAL;23,5;70500;OUT;2026;10/2026;
PR;2701040007;PR2701040007;FILME TERMO ENCOLHIVEL 860/0,06 MM;FILME;REFR/ENERG.;GERAL;23,575;47150;JUL;2026;07/2026;
PR;2701010149;PR2701010149;ROTULO REFRIKO TUBAÍNA 200 ML ;ROTULO;BOPP;TRIA INDUSTRIA ;0,008;5600;JUL;2026;07/2026;
PR;2801010078;PR2801010078;ROTULO REFRIKO TUBAÍNA 200 ML ;ROTULO;BOPP;TRIA INDUSTRIA;0,008;2400;JUL;2026;07/2026;
PR;2701010137;PR2701010137;ROTULO GUARANA REDUZIDO 200 ML ;ROTULO;BOPP;TRIA INDUSTRIA ;0,008;5600;JUL;2026;07/2026;
PR;2701010143;PR2701010143;ROTULO REFRIKO LARANJA DQI1% 200 ML ;ROTULO;BOPP;TRIA INDUSTRIA ;0,008;5600;JUL;2026;07/2026;
PR;2801010075;PR2801010075;ROTULO REFRIKO LARANJA DQI1% 200 ML;ROTULO;BOPP;TRIA INDUSTRIA;0,008;1600;JUL;2026;07/2026;
PR2;2701040007;PR22701040007;FILME TERMO ENCOLHIVEL 860/0,06 MM;FILME;REFR/ENERG.;GERAL;21;21000;JUL;2026;07/2026;
PR;2701020059;PR2701020059;PREFORMA 41G CRISTAL;PREFORMA;REFRIKO 2L;GERAL;0,5212;0;JUL;2026;07/2026;
PR;2801020035;PR2801020035;PREFORMA PET 200 ML CRISTAL 12 g;PREFORMA;REFRIKO 200ML;ENGEPACK;0,197948;21815,453184000002;JUL;2026;07/2026;
PR;2801020053;PR2801020053;PREFORMA PET 200 ML VERDE 12 g;PREFORMA;REFRIKO 200ML;ENGEPACK;0,197948;109077,26592000001;JUL;2026;07/2026;
PR;2701040007;PR2701040007;FILME TERMO ENCOLHIVEL 860/0,06 MM;FILME;REFR/ENERG.;GERAL;23,575;70725;AGO;2026;08/2026;
PR;2701040007;PR2701040007;FILME TERMO ENCOLHIVEL 860/0,06 MM;FILME;REFR/ENERG.;GERAL;23,575;47150;OUT;2026;10/2026;
PR2;2701040007;PR22701040007;FILME TERMO ENCOLHIVEL 860/0,06 MM;FILME;REFR/ENERG.;GERAL;21;69300;OUT;2026;10/2026;
PR;2701040006;PR2701040006;FILME TERMO ENCOLHIVEL 860/5 MM;FILME;JUJ/TERN;GERAL;23,575;70725;AGO;2026;08/2026;
MS;2701040003;MS2701040003;FILME TERMO ENCOLHÍVEL DE 560X006;FILME;DIVERSOS;PATENA;23,5;94000;JUL;2026;07/2026;
SP;2801040018;SP2801040018;FILME TERMOENCOLHIVEL LISO 390X0,05MM                    ;FILME;ÁGUA 500;GERAL;23,575;70725;JUL;2026;07/2026;
SP;2801040018;SP2801040018;FILME TERMOENCOLHIVEL LISO 390X0,05MM                    ;FILME;ÁGUA 500;GERAL;23,575;70725;AGO;2026;08/2026;
SP;2801040018;SP2801040018;FILME TERMOENCOLHIVEL LISO 390X0,05MM                    ;FILME;ÁGUA 500;GERAL;23,575;94300;OUT;2026;10/2026;
MS;2701150006;MS2701150006;VASILHAME AMBAR 300ML - LITRINHO;VASILHAME;NORMAL;GERAL;0,74;225640,8;JUL;2026;07/2026;
MS;2701150006;MS2701150006;VASILHAME AMBAR 300ML - LITRINHO;VASILHAME;NORMAL;GERAL;0,74;75213,600000000006;AGO;2026;08/2026;
MS;2701150001;MS2701150001;VASILHAME GINGUALA 970ML;VASILHAME;NORMAL;VIDROPORTO;1,57;198950,39999999999;JUL;2026;07/2026;
MS;2701150001;MS2701150001;VASILHAME GINGUALA 970ML;VASILHAME;NORMAL;VIDROPORTO;1,57;66316,800000000003;AGO;2026;08/2026;
MS;2701010142;MS2701010142;ROTULO GUARANA 2 LT ZERO;ROTULO;BOPP;DEVLUÇÃO CACELADO;0,0355;6318,9999999999991;AGO;2026;08/2026;
PA;10100012;PA10100012;BENZOATO DE SODIO;ACID.E CONSERV.;REF/ENER/NOCH/TON;GERAL;10,352;10352;SET;2026;09/2026;
PA;10100012;PA10100012;BENZOATO DE SODIO;ACID.E CONSERV.;REF/ENER/NOCH/TON;GERAL;10,352;10352;OUT;2026;10/2026;
MS;2701200002;MS2701200002;LUPULO LSKE;CERVEJARIA;LUPULO;GERAL;1017,47;15262,050000000001;AGO;2026;08/2026;
PR2;2701200002;PR22701200002;LUPULO LSKE;CERVEJARIA;LUPULO;GERAL;1017,47;29201,388999999999;AGO;2026;08/2026;
MS;2701200002;MS2701200002;LUPULO LSKE;CERVEJARIA;LUPULO;GERAL;1017,47;23503,557000000001;SET;2026;09/2026;
PR2;2701200003;PR22701200003;LUPULO NUGGET;CERVEJARIA;LUPULO IMP;GERAL;37,63;225780,00000000003;NOV;2026;11/2026;
MS;2701190001;MS2701190001;MALTE PILSEN BAG 1000 - BARLEY;CERVEJARIA;MALTE;COOPERATIVA;3,29;332290;JUL;2026;07/2026;
PR2;2701190001;PR22701190001;MALTE PILSEN BAG 1000 - BARLEY;CERVEJARIA;MALTE;GERAL;3,56;1065579,2;JUL;2026;07/2026;
MS;2701070003;MS2701070003;NEOTAME;EDULCORANTE;XAROPARIA;SAPORITI;194,3;2914,5;JUN;2026;06/2026;
PA;10100006;PA10100006;CITRATO DE SODIO;ACID.E CONSERV.;ENERG/DELIRIO;KONKRETA;10,37;2074;AGO;2026;08/2026;
PR;2701070003;PR2701070003;NEOTAME;EDULCORANTE;XAROPARIA;SAPORITI;194,3;1943;AGO;2026;08/2026;
PR;2801130002;PR2801130002;POLPA DE AÇAI DESIDRATA SOL.;AROMA;ENERGÉTICO;GERAL;51,4;5140;SET;2026;09/2026;
PR;2801120002;PR2801120002;PREMIX ENERG EMULVIT 8942;CONCENT./KITs;C.ENERGETICO;GERAL;18,05;54150;JUL;2026;07/2026;
MS;2701120001;MS2701120001;PREMIX ENERG EMULVIT 8942;CONCENT./KITs;C.ENERGETICO;KONKRETA;18,05;18050;AGO;2026;08/2026;
MS;2701120001;MS2701120001;PREMIX ENERG EMULVIT 8942;CONCENT./KITs;C.ENERGETICO;GERAL;18,05;36100;OUT;2026;10/2026;
PR;2801120002;PR2801120002;PREMIX ENERG EMULVIT 8942;CONCENT./KITs;C.ENERGETICO;GERAL;18,05;36100;AGO;2026;08/2026;
PA;10090017;PA10090017;EMULSAO LARANJA REFRIKO 98;EMULSAO;XAROPARIA;SAPORITI;36;18000;AGO;2026;08/2026;
PR;2801120002;PR2801120002;PREMIX ENERG EMULVIT 8942;CONCENT./KITs;C.ENERGETICO;GERAL;18,05;18050;OUT;2026;10/2026;
PR;2801120003;PR2801120003;PREMIX ENERG EMULVIT 8959 - BOMBADÃO SAPORITI -IND;CONCENT./KITs;C.ENERGETICO;SAPORITI;180;4500;JUL;2026;07/2026;
PR2;2701050023;PR22701050023;PREP ACIDO COLA ;CONCENT./KITs;KIT COLA;SAPORITI;25;3750;JUL;2026;07/2026;
PR2;2701050023;PR22701050023;PREP ACIDO COLA ;CONCENT./KITs;KIT COLA;CANCELADO;25;0;AGO;2026;08/2026;
MS;2701070002;MS2701070002;SACARINA SÓDICA;EDULCORANTE;XAROPARIA;QUANTIQ;29,65;2965;JUL;2026;07/2026;
PR;2701070002;PR2701070002;SACARINA SÓDICA;EDULCORANTE;XAROPARIA;QUANTIQ DISTRIBUIDORA;29,65;2965;JUL;2026;07/2026;
PA;11070041;PA11070041;PREFORMA PET 200 ML CRISTAL 12 G;PREFORMA;PET 200 PA;CRISTALPET;0,159;33485,4;AGO;2026;08/2026;
PA;11070048;PA11070048;PREFORMA PET 200 ML VERDE 12 G;PREFORMA;PET 200 PA;CRISTALPET;0,159;26044,2;AGO;2026;08/2026;
SP;2801020042;SP2801020042;PREFORMA 15G CRISTAL;PREFORMA;PET 500 PA;GERAL;0,22133;227052,70848;AGO;2026;08/2026;
PA;11070046;PA11070046;PREFORMA 18 ou 20,6G CRISTAL;PREFORMA;PET 500 PA;CRISTALPET;0,236;130362,624;AGO;2026;08/2026;
PA;11070047;PA11070047;PREFORMA 18 ou 20,6G VERDE;PREFORMA;PET 500 PA;CRISTALPET;0,236;37246,464;AGO;2026;08/2026;
PR;2701020055;PR2701020055;PREFORMA 18G CRISTAL;PREFORMA;FURIOSO 250ML;ENGEPACK;0,25664;96233,840639999995;AGO;2026;08/2026;
PR;2801020046;PR2801020046;PREFORMA 18G CRISTAL 500 ML;PREFORMA;REFRIKO 500ML;7007;0,25664;10692,648959999999;AGO;2026;08/2026;
SP;2801020041;SP2801020041;PREFORMA 18G CRISTAL 500 ML;PREFORMA;PET 500 PA;GERAL;0,25664;248086,70207999999;AGO;2026;08/2026;
SP;2801020032;SP2801020032;PREFORMA 31,7G CRISTAL;PREFORMA;ÁGUA 1,5L;GERAL;0,41577;10417,53312;AGO;2026;08/2026;
PR;2701020059;PR2701020059;PREFORMA 41G CRISTAL;PREFORMA;REFRIKO 2L;ENGEPACK;0,5212;112879,4112;AGO;2026;08/2026;
PA;11070012;PA11070012;PREFORMA 46,0G CRISTAL OU 45,7 G;PREFORMA;PET 2L PA;CRISTALPET;0,49;155514,23999999999;AGO;2026;08/2026;
PA;11070013;PA11070013;PREFORMA 46,0G VERDE OU 45,7 G;PREFORMA;PET 2L PA;BRASPET;0,49;57294,720000000001;AGO;2026;08/2026;
PA;11070032;PA11070032;PREFORMA 48GR CRISTAL OU 50,7 G;PREFORMA;PET 2,5L PA;AMCOR;0,498;120476,16;AGO;2026;08/2026;
PA;11070033;PA11070033;PREFORMA 48GR VERDE OU 50,7 G;PREFORMA;PET 2,5L PA;AMCOR;0,498;111552;AGO;2026;08/2026;
PR;2701020075;PR2701020075;PREFORMA PET 46,7GR CRISTAL ;PREFORMA;FURIOSO 2L;ENGEPACK;0,687488;352433,84831999999;AGO;2026;08/2026;
PR2;2701070002;PR22701070002;SACARINA SÓDICA;EDULCORANTE;XAROPARIA;QUANTIQ;29,65;2965;JUL;2026;07/2026;
PA;10100002;PA10100002;SORBATO DE POTASSIO 25KG;ACID.E CONSERV.;REF/ENER/ROM/DEL;KONKRETA;18,55;3710;AGO;2026;08/2026;
PA;10090293;PA10090293;SUCO CONCENTRADO DE MACA;SUCO;XAROPARIA;INTERSUCOS;11,5;16100;AGO;2026;08/2026;
PR;2701070002;PR2701070002;SACARINA SÓDICA;EDULCORANTE;XAROPARIA;GERAL;29,65;2965;SET;2026;09/2026;
PR2;2701070002;PR22701070002;SACARINA SÓDICA;EDULCORANTE;XAROPARIA;GERAL;29,65;0;SET;2026;09/2026;
MS;2701170004;MS2701170004;SAQUE THIKARA;AROMA;ENERGÉTICO;SAKERIA&DESTILADOS;4,95775;4957,75;JUL;2026;07/2026;
PA;10090090;PA10090090;SUCO CONCENTRADO LARANJA;SUCO;XAROPARIA;INTERSUCOS;10,5;3675;AGO;2026;08/2026;
MS;2701040015;MS2701040015;SHRINK LISO - 380X0,06 ;FILME;VIDRO;E.P.A;21;56910;AGO;2026;08/2026;
PR2;2701040032;PR22701040032;SHRINK MOEMA 269ML - 660X60X3 ;FILME;MOEMA;GERAL;14,5;29000;AGO;2026;08/2026;
MS;2701040011;MS2701040011;SHRINK MOEMA 350ML - 390X60X3;FILME;MOEMA;GERAL;31,51;157550;OUT;2026;10/2026;
PA;10090094;PA10090094;SUCO CONCENTRADO UVA;SUCO;XAROPARIA;INTERSUCOS;10,5;1050;AGO;2026;08/2026;
PA;11090086;PA11090086;TAMPA AMARELA LISA;TAMPA;PET;RAVIBRAS;0,04667;15681,12;AGO;2026;08/2026;
PR;2701030037;PR2701030037;TAMPA AMARELA LISA;TAMPA;PET;OXFORD PACKAGING;0,04445;80650,080000000002;SET;2026;09/2026;
PR2;2701030037;PR22701030037;TAMPA AMARELA LISA;TAMPA;PET;GERAL;0,04445;134416,80000000002;SET;2026;09/2026;
PA;11090001;PA11090001;TAMPA LARANJA REFRIKO;TAMPA;PET;RAVIBRAS;0,04667;7840,56;AGO;2026;08/2026;
PR2;2701030043;PR22701030043;TAMPA LARANJA REFRIKO;TAMPA;PET;GERAL;0,04445;67208,400000000009;SET;2026;09/2026;
PA;11090034;PA11090034;TAMPA LILAS LISA;TAMPA;PET;RAVIBRAS;0,04667;7840,56;AGO;2026;08/2026;
PR2;2701030044;PR22701030044;TAMPA LILAS LISA;TAMPA;PET;GERAL;0,04445;13441,68;SET;2026;09/2026;
SP;2801030014;SP2801030014;TAMPA PLASTICA AZUL OMNI                             ;TAMPA;PET;GERAL;0,043333;58967,546400000007;SET;2026;09/2026;
SP;2801030017;SP2801030017;TAMPA PLASTICA PRETA OMNI 120 COM VEDANTE;TAMPA;PET;OXFORD;0,043333;98279,244000000006;SET;2026;09/2026;
PR;2701030049;PR2701030049;TAMPA VERDE REFRIKO;TAMPA;PET;OXFORD PACKAGING;0,04445;13441,68;SET;2026;09/2026;
PR2;2701030049;PR22701030049;TAMPA VERDE REFRIKO;TAMPA;PET;GERAL;0,04445;141137,64000000001;SET;2026;09/2026;
PA;11090031;PA11090031;TAMPA VERMELHA LISA;TAMPA;PET;RAVIBRAS;0,04667;47043,360000000001;AGO;2026;08/2026;
PR2;2701040031;PR22701040031;SHRINK MOEMA 350ML - 790X0,06;FILME;MOEMA;GERAL;16,675;233450;JUL;2026;07/2026;
PR2;2701040036;PR22701040036;SHRINK MOEMA 350ML - 760X60X3;FILME;MOEMA;GERAL;31,2;436800;SET;2026;09/2026;
PR2;2701210002;PR22701210002;SILICA HP 9000;CERVEJARIA;OUTROS;W. R. GRACE;36,01;64818;JUL;2026;07/2026;
MS;2701130009;MS2701130009;SUCO CONCENTRADO DE MACA;SUCO;XAROPARIA;INTERSUCOS;12;3000;JUL;2026;07/2026;
PR;2701130009;PR2701130009;SUCO CONCENTRADO DE MACA;SUCO;XAROPARIA;INTERSUCOS;12;12000;JUL;2026;07/2026;
MS;2701130009;MS2701130009;SUCO CONCENTRADO DE MACA;SUCO;XAROPARIA;GERAL;12;1200;SET;2026;09/2026;
PR;2701130009;PR2701130009;SUCO CONCENTRADO DE MACA;SUCO;XAROPARIA;GERAL;12;12000;SET;2026;09/2026;
PR2;2701130009;PR22701130009;SUCO CONCENTRADO DE MACA;SUCO;XAROPARIA;GERAL;12;6000;SET;2026;09/2026;
MS;2701130001;MS2701130001;SUCO CONCENTRADO LARANJA;SUCO;XAROPARIA;INTERSUCOS;12;600;JUL;2026;07/2026;
PA;10010001;PA10010001;ACUCAR CRISTAL;AÇUCAR;XAROPARIA;CERTANO;2,27792;683376;SET;2026;09/2026;
PA;10020012;PA10020012;AROMA DE GUARANA 31835 ADM;AROMA;REFRIGERANTE;YERBALATINA;120,2;30050;SET;2026;09/2026;
PA;10020001;PA10020001;AROMA DE LARANJA IDENTICO AO NATURAL;AROMA;REFRIGERANTE;DUAS RODAS;77,66;3106,3999999999996;SET;2026;09/2026;
PA;10020003;PA10020003;AROMA FRUTAS TROPICAIS;AROMA;ENERGÉTICO;MONARCH;137,5;13750;SET;2026;09/2026;
PA;10020010;PA10020010;AROMA IDENTICO AO NATURAL MELANCIA;AROMA;ENERGÉTICO;DUAS RODAS;36,8;3679,9999999999995;SET;2026;09/2026;
PA;10020004;PA10020004;AROMA IDENTICO AO NATURAL MORANGO;AROMA;ENERGÉTICO;DUAS RODAS;72,77;4366,2;SET;2026;09/2026;
PA;10020013;PA10020013;AROMA IDENTICO AO NATURAL DE PESSEGO;AROMA;ENERGÉTICO;SAPORATI;72,77;1455,3999999999999;SET;2026;09/2026;
PA;10020014;PA10020014;AROMA ID. AO NATURAL DE UVA VERDE SAPORITI;AROMA;ENERGÉTICO;SAPORATI;72,77;2183,1;SET;2026;09/2026;
PA;10020006;PA10020006;AROMA MAÇA VERDE COD;AROMA;ENERGÉTICO;DUAS RODAS;47,96;2445,96;SET;2026;09/2026;
PA;10020007;PA10020007;AROMA MELAO ;AROMA;ENERGÉTICO;DUAS RODAS;57,68;5768;SET;2026;09/2026;
PA;10020011;PA10020011;AROMA NATURAL MOUTHFEEL FASV259 ADM;AROMA;REFRIGERANTE;ADM;157,52;15752,000000000002;SET;2026;09/2026;
PR;2701130001;PR2701130001;SUCO CONCENTRADO LARANJA;SUCO;XAROPARIA;INTERSUCOS;12;3000;JUL;2026;07/2026;
PR;2701130001;PR2701130001;SUCO CONCENTRADO LARANJA;SUCO;XAROPARIA;GERAL;12;2400;SET;2026;09/2026;
PA;10020009;PA10020009;AROMA UVA REFRIKO 84;AROMA;REFRIGERANTE;SAPORATI;23,5;18800;SET;2026;09/2026;
PR2;2701130001;PR22701130001;SUCO CONCENTRADO LARANJA;SUCO;XAROPARIA;GERAL;12;1800;SET;2026;09/2026;
PR;2701130002;PR2701130002;SUCO CONCENTRADO LIMÃO;SUCO;XAROPARIA;GERAL;16,5;1650;SET;2026;09/2026;
PA;10100012;PA10100012;BENZOATO DE SODIO;ACID.E CONSERV.;REF/ENER/NOCH/TON;GERAL;10,352;10352;SET;2026;09/2026;
MS;2701070001;MS2701070001;SUCRALOSE;EDULCORANTE;XAROPARIA;KONKRETA;84,3;6322,5;JUL;2026;07/2026;
PR;2701070001;PR2701070001;SUCRALOSE;EDULCORANTE;XAROPARIA;KONKRETA;88;13200;JUL;2026;07/2026;
PR2;2701070001;PR22701070001;SUCRALOSE;EDULCORANTE;XAROPARIA;KONKRETA;88;4400;JUL;2026;07/2026;
PA;10090274;PA10090274;CONCENTRADO BEBIDAS ENERGETICA;AROMA;KIT ENERGÉTICO;WILD;164,7247563;329449,51253481902;OUT;2026;10/2026;
MS;2701070001;MS2701070001;SUCRALOSE;EDULCORANTE;XAROPARIA;KONKRETA;84,3;4215;AGO;2026;08/2026;
MS;2701070001;MS2701070001;SUCRALOSE;EDULCORANTE;XAROPARIA;GERAL;84,3;12645;SET;2026;09/2026;
PA;10090295;PA10090295;CONCENTRADO COLA IAB 7729 (NOVO);CONCENT./KITs;KIT COLA;INTERAMERICA;22,39;51497;SET;2026;09/2026;
MS;2701010052;MS2701010052;CONTRA ROTULO BAMBOA 330ML (ARTE NOVA);ROTULO;ADESIVO;GERAL;0,05611;16833;OUT;2026;10/2026;
PA;10090292;PA10090292;CORANTE AMARANTO;CORANTE;REFRIGERANTE;SAPORITI;67,99;4079,3999999999996;SET;2026;09/2026;
PR;2701070001;PR2701070001;SUCRALOSE;EDULCORANTE;XAROPARIA;KONKRETA;88;8800;AGO;2026;08/2026;
PR;2701070001;PR2701070001;SUCRALOSE;EDULCORANTE;XAROPARIA;GERAL;88;22000;SET;2026;09/2026;
PA;10090056;PA10090056;CORANTE AMARELO SUNSET;CORANTE;XAROPARIA;SAPORITI;41,84;627,6;SET;2026;09/2026;
PA;10090037;PA10090037;CORANTE AZUL BRILHANTE;CORANTE;ENERGÉTICO;SAPORITI;99,37;496,85;SET;2026;09/2026;
MS;2701140029;MS2701140029;TAMPA - LATA 350/269/473ML - B64;TAMPA;LATA;CROWN;0,24;862617,59999999998;MAR;2026;03/2026;
PA;10090294;PA10090294;CORANTE CARAMELO CLASE IV DPC;CORANTE;REFRIGERANTE;SAPORITI;4,8;2400;SET;2026;09/2026;
PA;10090145;PA10090145;CORANTE PONCEAU ;CORANTE;ENERGÉTICO;SAPORITI;67;335;SET;2026;09/2026;
PA;10090036;PA10090036;CORANTE TARTRAZINA;CORANTE;ENERGÉTICO;SAPORITI;52,6;263;SET;2026;09/2026;
MS;2701140029;MS2701140029;TAMPA - LATA 350/269/473ML - B64;TAMPA;LATA;CROWN;0,24;1725235,2;JUL;2026;07/2026;
PA;10090291;PA10090291;EXTRATO DE GUARANA 200% DUAS RODAS;AROMA;REFRIGERANTE;DUAS RODAS;47,87;9574;SET;2026;09/2026;
MS;2701140029;MS2701140029;TAMPA - LATA 350/269/473ML - B64;TAMPA;LATA;CROWN;0,24;862617,59999999998;AGO;2026;08/2026;
PA;12030001;PA12030001;FILME STRETCH POLIETILENO 500X0023;FILME;STRETCH;E.P.A;9,8;19600;SET;2026;09/2026;
MS;2701140029;MS2701140029;TAMPA - LATA 350/269/473ML - B64;TAMPA;LATA;CROWN;0,24;862617,59999999998;OUT;2026;10/2026;
PR2;2701030027;PR22701030027;TAMPA - LATA METALICA 350/269/473ML - ISE;TAMPA;LATA;CROWN;0,24;2264371,1999999997;JUL;2026;07/2026;
PA;11040793;PA11040793;FILME TERMO - 480X0,06;FILME;REFRI;EPA;10,35;51750;SET;2026;09/2026;
PR2;2701030027;PR22701030027;TAMPA - LATA METALICA 350/269/473ML - ISE;TAMPA;LATA;GERAL;0,24;1132185,5999999999;AGO;2026;08/2026;
PR2;2701030027;PR22701030027;TAMPA - LATA METALICA 350/269/473ML - ISE;TAMPA;LATA;GERAL;0,24;1132185,5999999999;SET;2026;09/2026;
PR;2701030050;PR2701030050;TAMPA VERMELHA LISA;TAMPA;PET;OXFORD PACKAGING;0,04445;20162,52;JUL;2026;07/2026;
PR2;2701030050;PR22701030050;TAMPA VERMELHA LISA;TAMPA;PET;GERAL;0,04445;20162,52;SET;2026;09/2026;
MS;3002020010;MS3002020010;TERRA CELITE DIATOMITA 2500/535;TERRA;CERVEJARIA;VENETO;8,8;13983,2;JUL;2026;07/2026;
PR2;3002020010;PR23002020010;TERRA CELITE DIATOMITA 2500/535;TERRA;CERVEJARIA;GERAL;8,8;52736,640000000007;AGO;2026;08/2026;
MS;3002020010;MS3002020010;TERRA CELITE DIATOMITA 2500/535;TERRA;CERVEJARIA;GERAL;8,8;39952;SET;2026;09/2026;
MS;3002020009;MS3002020009;TERRA CELITE DIATOMITA SPEEDFLOW/STANDARD (VERMELHO);TERRA;CERVEJARIA;VENETO;8,8;17179,36;JUL;2026;07/2026;
PA;10090290;PA10090290;PREMIX ENERG EMULVIT 8942 ADM;CONCENT./KITs;C.ENERGETICO;KONKRETA;26,8;21440;SET;2026;09/2026;
PR;3002020009;PR3002020009;TERRA CELITE DIATOMITA SPEEDFLOW/STANDARD (VERMELHO);TERRA;XAROPARIA;GERAL;8,8;998,80000000000007;AGO;2026;08/2026;
PR2;3002020009;PR23002020009;TERRA CELITE DIATOMITA SPEEDFLOW/STANDARD (VERMELHO);TERRA;CERVEJARIA;GERAL;8,8;31961,600000000002;AGO;2026;08/2026;
PR;2801010091;PR2801010091;ROT SLEE NOCH MARACUJA 270ML;ROTULO;SLEEVE;GERAL;0,12;24000;OUT;2026;10/2026;
MS;2701010118;MS2701010118;ROTULO ADESIVO TUBAINA 355ML  ;ROTULO;ADESIVO;GERAL;0,05095;15285;OUT;2026;10/2026;
PR;2801010088;PR2801010088;ROTULO AGUA TONICA MALDIVES 250 ML;ROTULO;SLEEVE;GERAL;0,05071;10142;SET;2026;09/2026;
MS;2701010099;MS2701010099;ROTULO BAMBOA 330ML;ROTULO;ADESIVO;GERAL;0,05555;16665;OUT;2026;10/2026;
SP;2801010063;SP2801010063;ROTULO BOPP AGUA C/ GAS HIDRATAR 500ML                   ;ROTULO;BOPP;GERAL;0,01056;31680;SET;2026;09/2026;
PR;2801010093;PR2801010093;ROTULO FURIOSO AÇAI 250ML;ROTULO;SLEEVE;GERAL;0,050377;10075,4;OUT;2026;10/2026;
PR;2801010099;PR2801010099;ROTULO FURIOSO 250ML;ROTULO;SLEEVE;GERAL;0,050377;90678,599999999991;OUT;2026;10/2026;
PR;2801010094;PR2801010094;ROTULO FURIOSO CITRUS 250 ML;ROTULO;SLEEVE;GERAL;0,050377;7556,5499999999993;SET;2026;09/2026;
PA;11080235;PA11080235;ROTULO FURIOSO MELANCIA E MORANGO 250ML;ROTULO;SLEEVE-PA;CCL;0,06581;6910,0500000000011;SET;2026;09/2026;
PR;2801010097;PR2801010097;ROTULO FURIOSO MELANCIA E MORANGO 250ML;ROTULO;SLEEVE;GERAL;0,050377;10075,4;OUT;2026;10/2026;
PR;2801010095;PR2801010095;ROTULO FURIOSO MELAO 250ML;ROTULO;SLEEVE;GERAL;0,050377;10075,4;OUT;2026;10/2026;
PR;2801010101;PR2801010101;ROTULO FURIOSO TROPICAL 250ML;ROTULO;SLEEVE;GERAL;0,050377;10075,4;SET;2026;09/2026;
MS;2701010191;MS2701010191;ROTULO FURIOSO 2L;ROTULO;SLEEVE;CCL;0,2062;41240;SET;2026;09/2026;
PA;11080233;PA11080233;ROTULO FURIOSO 2L;ROTULO;SLEEVE-PA;CCL;0,28732;57464,000000000007;SET;2026;09/2026;
PR;2801010100;PR2801010100;ROTULO FURIOSO 2L;ROTULO;SLEEVE;GERAL;0,2062;30930;SET;2026;09/2026;
PR;2801010102;PR2801010102;ROTULO FURIOSO TROPICAL 2L;ROTULO;SLEEVE;GERAL;0,2062;41240;SET;2026;09/2026;
PA;11080291;PA11080291;ROTULO FURIOSO UVA VERDE 2L;ROTULO;SLEEVE-PA;CCL;0,28732;28732,000000000004;SET;2026;09/2026;
PR2;2701010149;PR22701010149;ROTULO REFRIKO TUBAÍNA 200 ML ;ROTULO;BOPP;GERAL;0,008;24000;OUT;2026;10/2026;
PR2;2701010137;PR22701010137;ROTULO GUARANA REDUZIDO 200 ML ;ROTULO;BOPP;GERAL;0,008;16000;OUT;2026;10/2026;
PR2;2801010072;PR22801010072;ROTULO GUARANA REDUZIDO 200 ML ;ROTULO;BOPP;GERAL;0,008;800;SET;2026;09/2026;
PR2;2701010143;PR22701010143;ROTULO REFRIKO LARANJA DQI1% 200 ML ;ROTULO;BOPP;GERAL;0,008;20000;OUT;2026;10/2026;
PR2;2801010075;PR22801010075;ROTULO REFRIKO LARANJA DQI1% 200 ML;ROTULO;BOPP;GERAL;0,008;800;SET;2026;09/2026;
MS;2701010138;MS2701010138;ROTULO GUARANA 2L;ROTULO;BOPP;GERAL;0,0355;1774,9999999999998;SET;2026;09/2026;
PR;2701010138;PR2701010138;ROTULO GUARANA 2L;ROTULO;BOPP;GERAL;0,0355;3549,9999999999995;SET;2026;09/2026;
PR2;2701010138;PR22701010138;ROTULO GUARANA 2L;ROTULO;BOPP;GERAL;0,0355;8875;OUT;2026;10/2026;
PA;11080241;PA11080241;RÓTULO MICOS COLA 2,5L;ROTULO;BOPP-PA;ELLOFLEX;0,03395;13580;SET;2026;09/2026;
PA;11080246;PA11080246;RÓTULO MICOS GUARANÁ 200ML;ROTULO;BOPP-PA;ELLOFLEX;0,0059;2950;SET;2026;09/2026;
PA;11080247;PA11080247;ROTULO MICOS GUARANA 2L;ROTULO;BOPP-PA;ELLOFLEX;0,04163;16652;SET;2026;09/2026;
PA;11080249;PA11080249;RÓTULO MICOS LARANJA 2,5L;ROTULO;BOPP-PA;ELLOFLEX;0,03395;15781,589600000001;SET;2026;09/2026;
PR2;2701010132;PR22701010132;ROTULO REFRIKO COLA 2L;ROTULO;BOPP;GERAL;0,05448;21792;SET;2026;09/2026;
MS;2701010144;MS2701010144;ROTULO REFRIKO LARANJA DQI1% 2L;ROTULO;BOPP;GERAL;0,0355;2485;OUT;2026;10/2026;
PR;2701010144;PR2701010144;ROTULO REFRIKO LARANJA DQI1% 2L;ROTULO;BOPP;GERAL;0,0355;11714,999999999998;OUT;2026;10/2026;
PR;2701010155;PR2701010155;ROTULO REFRIKO UVA DQI1% 2L;ROTULO;BOPP;GERAL;0,0355;14199,999999999998;OUT;2026;10/2026;
MS;2701010150;MS2701010150;ROTULO TUBAINA 2L;ROTULO;BOPP;GERAL;0,0355;3549,9999999999995;OUT;2026;10/2026;
PR;2701010150;PR2701010150;ROTULO TUBAINA 2L;ROTULO;BOPP;GERAL;0,0355;1774,9999999999998;OUT;2026;10/2026;
PR2;2701010150;PR22701010150;ROTULO TUBAINA 2L;ROTULO;BOPP;GERAL;0,05448;13620;OUT;2026;10/2026;
PR2;2701010153;PR22701010153;ROTULO TUBAINA 2L S/ AÇUCAR;ROTULO;BOPP;GERAL;0,05448;21792;OUT;2026;10/2026;
PR2;2701010156;PR22701010156;ROTULO BOPP REFRISHOW GUARANA 2 L;ROTULO;BOPP;GERAL;0,0355;0;SET;2026;09/2026;
MS;2701010163;MS2701010163;ROTULO TUBA JUJUBA 2L;ROTULO;BOPP;GERAL;0,0355;8875;OUT;2026;10/2026;
PR2;2701010163;PR22701010163;ROTULO TUBA JUJUBA 2L;ROTULO;BOPP;GERAL;0,0355;5324,9999999999991;OUT;2026;10/2026;
MS;3002020009;MS3002020009;TERRA CELITE DIATOMITA SPEEDFLOW/STANDARD (VERMELHO);TERRA;CERVEJARIA;GERAL;8,8;13983,2;SET;2026;09/2026;
PR2;3002020008;PR23002020008;TERRA DIATOMITA 215/FILTER CEL;TERRA;XAROPARIA;GERAL;8,8;998,80000000000007;AGO;2026;08/2026;
MS;2701030041;MS2701030041;TAMPA AZUL BAMBOA (VODKA BAMBOA);TAMPA;VIDRO NAC;GERAL;0,3;120000;OUT;2026;10/2026;
MS;2701030035;MS2701030035;TAMPA METALICA PRETA LISA;TAMPA;VIDRO NAC;GERAL;0,049;24500;OUT;2026;10/2026;
PR;3002020011;PR3002020011;TERRA DIATOMITA 341/HYFLOW (AZUL);TERRA;XAROPARIA;GERAL;8,8;6791,84;AGO;2026;08/2026;
MS;3002020011;MS3002020011;TERRA DIATOMITA 341/HYFLOW (AZUL);TERRA;XAROPARIA;GERAL;8,8;2798,4;SET;2026;09/2026;
MS;2701150003;MS2701150003;VASILHAME NOVO 330ML;VASILHAME;LONGNECK;VIDRO PORTO ;0,88;84022,399999999994;JUL;2026;07/2026;
MS;2701150003;MS2701150003;VASILHAME NOVO 330ML;VASILHAME;LONGNECK;GERAL;0,88;0;AGO;2026;08/2026;
MS;2701150004;MS2701150004;VASILHAME OW 600ML (BELLA ROMA);VASILHAME;NORMAL;VIDRO PORTO ;1,13;192212,99999999997;JUL;2026;07/2026;
PA;11040007;PA11040007;FILME TERMO ENCOLHIVEL 420 X 0,06;FILME;REFR/ENERG.;GERAL;10,35;5744,25;JUL;2026;07/2026;
MS;2701150009;MS2701150009;VASILHAME TUBAINA CRISTAL LONGNECK 355ML;VASILHAME;NORMAL;VIDRO PORTO ;0,53;48972;JUL;2026;07/2026;
MS;2701150009;MS2701150009;VASILHAME TUBAINA CRISTAL LONGNECK 355ML;VASILHAME;NORMAL;GERAL;0,53;0;AGO;2026;08/2026;
MS;2701170003;MS2701170003;VINHO DE MESA TINTO SECO GRANEL;VINHO;TANQUE;BEBIDAS GAZZI;4,2;663600;JUL;2026;07/2026;
MS;2701170003;MS2701170003;VINHO DE MESA TINTO SECO GRANEL;VINHO;TANQUE;GAZZI;4,2;352800;AGO;2026;08/2026;
MS;2701190004;MS2701190004;XAROPE DE HIGH MALTOSE 25KG (BREWGILL);CERVEJARIA;OUTROS;GERAL;2,78;168718,19999999998;JUL;2026;07/2026;
PR2;2701190004;PR22701190004;XAROPE DE HIGH MALTOSE 25KG (BREWGILL);CERVEJARIA;OUTROS;CARGILL;2,26;308173,59999999998;JUL;2026;07/2026;
PR2;2701030027;PR22701030027;TAMPA - LATA METALICA 350/269/473ML - ISE;TAMPA;LATA;GERAL;0,24;1132185,5999999999;OUT;2026;10/2026;
MS;2701190004;MS2701190004;XAROPE DE HIGH MALTOSE 25KG (BREWGILL);CERVEJARIA;OUTROS;TEREOS;2,78;167717,4;AGO;2026;08/2026;
PR2;2701190004;PR22701190004;XAROPE DE HIGH MALTOSE 25KG (BREWGILL);CERVEJARIA;OUTROS;GERAL;2,26;310478,8;AGO;2026;08/2026;
MS;2701190001;MS2701190001;MALTE PILSEN BAG 1000 - BARLEY;CERVEJARIA;MALTE;GERAL;3,29;439675,6;JAN;2026;01/2026;
MS;2701190001;MS2701190001;MALTE PILSEN BAG 1000 - BARLEY;CERVEJARIA;MALTE;GERAL;3,29;903960,4;FEV;2026;02/2026;
MS;2701190001;MS2701190001;MALTE PILSEN BAG 1000 - BARLEY;CERVEJARIA;MALTE;GERAL;3,29;652736;MAR;2026;03/2026;
MS;2701190001;MS2701190001;MALTE PILSEN BAG 1000 - BARLEY;CERVEJARIA;MALTE;GERAL;3,29;553312,19999999995;ABR;2026;04/2026;
MS;2701190001;MS2701190001;MALTE PILSEN BAG 1000 - BARLEY;CERVEJARIA;MALTE;GERAL;3,29;551601,4;MAI;2026;05/2026;
MS;2701190001;MS2701190001;MALTE PILSEN BAG 1000 - BARLEY;CERVEJARIA;MALTE;GERAL;3,29;454678;JUN;2026;06/2026;
MS;2701190001;MS2701190001;MALTE PILSEN BAG 1000 - BARLEY;CERVEJARIA;MALTE;GERAL;3,29;220495,8;AGO;2026;08/2026;
PR2;2701190001;PR22701190001;MALTE PILSEN BAG 1000 - BARLEY;CERVEJARIA;MALTE;GERAL;3,56;233464,80000000002;MAI;2026;05/2026;
PR2;2701190001;PR22701190001;MALTE PILSEN BAG 1000 - BARLEY;CERVEJARIA;MALTE;GERAL;3,56;717838,4;JUN;2026;06/2026;
MS;2701190004;MS2701190004;XAROPE DE HIGH MALTOSE 25KG (BREWGILL);CERVEJARIA;OUTROS;GERAL;2,78;416555,19999999995;JAN;2026;01/2026;
MS;2701190004;MS2701190004;XAROPE DE HIGH MALTOSE 25KG (BREWGILL);CERVEJARIA;OUTROS;GERAL;2,78;423227,19999999995;FEV;2026;02/2026;
MS;2701190004;MS2701190004;XAROPE DE HIGH MALTOSE 25KG (BREWGILL);CERVEJARIA;OUTROS;GERAL;2,78;342245,8;MAR;2026;03/2026;
MS;2701190004;MS2701190004;XAROPE DE HIGH MALTOSE 25KG (BREWGILL);CERVEJARIA;OUTROS;GERAL;2,78;331848,59999999998;ABR;2026;04/2026;
MS;2701190004;MS2701190004;XAROPE DE HIGH MALTOSE 25KG (BREWGILL);CERVEJARIA;OUTROS;GERAL;2,78;424144,6;MAI;2026;05/2026;
MS;2701190004;MS2701190004;XAROPE DE HIGH MALTOSE 25KG (BREWGILL);CERVEJARIA;OUTROS;GERAL;2,78;427369,39999999997;JUN;2026;06/2026;
PR2;2701190004;PR22701190004;XAROPE DE HIGH MALTOSE 25KG (BREWGILL);CERVEJARIA;OUTROS;GERAL;2,26;152414,39999999999;MAI;2026;05/2026;
PR2;2701190004;PR22701190004;XAROPE DE HIGH MALTOSE 25KG (BREWGILL);CERVEJARIA;OUTROS;GERAL;2,26;386685,99999999994;JUN;2026;06/2026;
PR;2801170001;PR2801170001;AGUARDENTE DE CANA CACHACA LT;CACHAÇA;TANQUE; TIROLLI;2,26;101293,2;FEV;2025;02/2025;
PR;2801170001;PR2801170001;AGUARDENTE DE CANA CACHACA LT;CACHAÇA;TANQUE;GERAL;2,26;134876,79999999999;MAR;2025;03/2025;
PR;2801170001;PR2801170001;AGUARDENTE DE CANA CACHACA LT;CACHAÇA;TANQUE;GERAL;2,26;135035;SET;2025;09/2025;
PR;2801170001;PR2801170001;AGUARDENTE DE CANA CACHACA LT;CACHAÇA;TANQUE;GERAL;2,26;45199,999999999993;MAI;2026;05/2026;
PR;2801170001;PR2801170001;AGUARDENTE DE CANA CACHACA LT;CACHAÇA;TANQUE;GERAL;2,26;45199,999999999993;JUL;2026;07/2026;
MS;2701170002;MS2701170002;ETANOL NEUTRO ALCOOL ETILICO POT 96º-IND;ETANOL;TANQUE;GERAL;4,474;203992,03;FEV;2025;02/2025;
MS;2701170002;MS2701170002;ETANOL NEUTRO ALCOOL ETILICO POT 96º-IND;ETANOL;TANQUE;GERAL;4,474;249098,89800000002;MAR;2025;03/2025;
MS;2701170002;MS2701170002;ETANOL NEUTRO ALCOOL ETILICO POT 96º-IND;ETANOL;TANQUE;GERAL;4,474;203848,86200000002;ABR;2025;04/2025;
MS;2701170002;MS2701170002;ETANOL NEUTRO ALCOOL ETILICO POT 96º-IND;ETANOL;TANQUE;GERAL;4,474;207508,59400000001;MAI;2025;05/2025;
MS;2701170002;MS2701170002;ETANOL NEUTRO ALCOOL ETILICO POT 96º-IND;ETANOL;TANQUE;GERAL;4,474;206618,26800000001;JUN;2025;06/2025;
MS;2701170002;MS2701170002;ETANOL NEUTRO ALCOOL ETILICO POT 96º-IND;ETANOL;TANQUE;GERAL;4,474;205347,652;JUL;2025;07/2025;
MS;2701170002;MS2701170002;ETANOL NEUTRO ALCOOL ETILICO POT 96º-IND;ETANOL;TANQUE;GERAL;4,474;179094,22;AGO;2025;08/2025;
MS;2701170002;MS2701170002;ETANOL NEUTRO ALCOOL ETILICO POT 96º-IND;ETANOL;TANQUE;GERAL;4,474;204417,06;SET;2025;09/2025;
PR;2701170002;PR2701170002;ETANOL NEUTRO ALCOOL ETILICO POT 96º-IND;ETANOL;TANQUE;GERAL;4,474;76509,873999999996;SET;2025;09/2025;
MS;2701170002;MS2701170002;ETANOL NEUTRO ALCOOL ETILICO POT 96º-IND;ETANOL;TANQUE;GERAL;4,474;203920,446;OUT;2025;10/2025;
MS;2701170002;MS2701170002;ETANOL NEUTRO ALCOOL ETILICO POT 96º-IND;ETANOL;TANQUE;GERAL;4,474;204734,71400000001;NOV;2025;11/2025;
PR;2701170002;PR2701170002;ETANOL NEUTRO ALCOOL ETILICO POT 96º-IND;ETANOL;TANQUE;GERAL;4,474;71584;DEZ;2025;12/2025;
MS;2701170002;MS2701170002;ETANOL NEUTRO ALCOOL ETILICO POT 96º-IND;ETANOL;TANQUE;GERAL;4,474;4474;JAN;2026;01/2026;
MS;2701170002;MS2701170002;ETANOL NEUTRO ALCOOL ETILICO POT 96º-IND;ETANOL;TANQUE;GERAL;4,474;206533,26200000002;FEV;2026;02/2026;
MS;2701170002;MS2701170002;ETANOL NEUTRO ALCOOL ETILICO POT 96º-IND;ETANOL;TANQUE;GERAL;4,474;409375,47400000005;MAR;2026;03/2026;
MS;2701170002;MS2701170002;ETANOL NEUTRO ALCOOL ETILICO POT 96º-IND;ETANOL;TANQUE;GERAL;4,474;204385,742;ABR;2026;04/2026;
MS;2701170002;MS2701170002;ETANOL NEUTRO ALCOOL ETILICO POT 96º-IND;ETANOL;TANQUE;GERAL;4,474;209606,90000000002;MAI;2026;05/2026;
PR;2701170002;PR2701170002;ETANOL NEUTRO ALCOOL ETILICO POT 96º-IND;ETANOL;TANQUE;GERAL;4,474;72040,347999999998;FEV;2026;02/2026;
PR2;2701190001;PR22701190001;MALTE PILSEN BAG 1000 - BARLEY;CERVEJARIA;MALTE;GERAL;3,56;718977,6;AGO;2026;08/2026;
MS;2701170003;MS2701170003;VINHO DE MESA TINTO SECO GRANEL;VINHO;TANQUE;GERAL;4,2;352800;JAN;2026;01/2026;
MS;2701170003;MS2701170003;VINHO DE MESA TINTO SECO GRANEL;VINHO;TANQUE;GERAL;4,2;1058400;FEV;2026;02/2026;
MS;2701170003;MS2701170003;VINHO DE MESA TINTO SECO GRANEL;VINHO;TANQUE;GERAL;4,2;684600;MAR;2026;03/2026;
MS;2701170003;MS2701170003;VINHO DE MESA TINTO SECO GRANEL;VINHO;TANQUE;GERAL;4,2;1016400;ABR;2026;04/2026;
MS;2701170003;MS2701170003;VINHO DE MESA TINTO SECO GRANEL;VINHO;TANQUE;GERAL;4,2;840000;MAI;2026;05/2026;
MS;2701170003;MS2701170003;VINHO DE MESA TINTO SECO GRANEL;VINHO;TANQUE;GERAL;4,2;529200;JUN;2026;06/2026;
MS;2701140006;MS2701140006;LATA AL BELA ROMA / 473ML ;LATA;BELLA ROMA;GERAL;0,51;73007,520000000004;JAN;2025;01/2025;
MS;2701140018;MS2701140018;LATA AL 350ML MOEMA;LATA;MOEMA;GERAL;0,38;27937,98;JAN;2025;01/2025;
MS;2701140018;MS2701140018;LATA AL 350ML MOEMA;LATA;MOEMA;GERAL;0,38;27937,98;JAN;2025;01/2025;
MS;2701140030;MS2701140030;LATA AL 350ML UVA DQI1%;LATA;REFRIKO;GERAL;0,38;15521,1;JAN;2025;01/2025;
MS;2701140018;MS2701140018;LATA AL 350ML MOEMA;LATA;MOEMA;GERAL;0,38;71397,06;JAN;2025;01/2025;
MS;2701140018;MS2701140018;LATA AL 350ML MOEMA;LATA;MOEMA;GERAL;0,38;71397,06;JAN;2025;01/2025;
MS;2701140018;MS2701140018;LATA AL 350ML MOEMA;LATA;MOEMA;GERAL;0,38;52771,74;JAN;2025;01/2025;
MS;2701140018;MS2701140018;LATA AL 350ML MOEMA;LATA;MOEMA;GERAL;0,38;62084,4;JAN;2025;01/2025;
MS;2701140018;MS2701140018;LATA AL 350ML MOEMA;LATA;MOEMA;GERAL;0,38;43459,08;JAN;2025;01/2025;
MS;2701140018;MS2701140018;LATA AL 350ML MOEMA;LATA;MOEMA;GERAL;0,38;27937,98;JAN;2025;01/2025;
MS;2701140019;MS2701140019;LATA AL 473ML MOEMA;LATA;MOEMA;GERAL;0,51;73007,520000000004;JAN;2025;01/2025;
MS;2701140018;MS2701140018;LATA AL 350ML MOEMA;LATA;MOEMA;GERAL;0,38;71397,06;JAN;2025;01/2025;
MS;2701140026;MS2701140026;LATA AL 473ML FURIOSO;LATA;FURIOSO;GERAL;0,51;31742,400000000001;JAN;2025;01/2025;
MS;2701140028;MS2701140028;LATA AL 473ML MORANGO E MELANCIA ZERO;LATA;FURIOSO;GERAL;0,51;9522,7199999999993;JAN;2025;01/2025;
MS;2701140018;MS2701140018;LATA AL 350ML MOEMA;LATA;MOEMA;GERAL;0,38;3104,2200000000003;JAN;2025;01/2025;
MS;2701140018;MS2701140018;LATA AL 350ML MOEMA;LATA;MOEMA;GERAL;0,38;62084,4;JAN;2025;01/2025;
MS;2701140018;MS2701140018;LATA AL 350ML MOEMA;LATA;MOEMA;GERAL;0,38;9312,66;JAN;2025;01/2025;
MS;2701140018;MS2701140018;LATA AL 350ML MOEMA;LATA;MOEMA;GERAL;0,38;27937,98;JAN;2025;01/2025;
MS;2701140018;MS2701140018;LATA AL 350ML MOEMA;LATA;MOEMA;GERAL;0,38;43459,08;JAN;2025;01/2025;
MS;2701140018;MS2701140018;LATA AL 350ML MOEMA;LATA;MOEMA;GERAL;0,38;71397,06;JAN;2025;01/2025;
MS;2701140006;MS2701140006;LATA AL BELA ROMA / 473ML ;LATA;BELLA ROMA;GERAL;0,51;73007,520000000004;JAN;2025;01/2025;
MS;2701140019;MS2701140019;LATA AL 473ML MOEMA;LATA;MOEMA;GERAL;0,51;73007,520000000004;JAN;2025;01/2025;
MS;2701140039;MS2701140039;LATA AL 269ML MOEMA;LATA;MOEMA;GERAL;0,042;10711,008;JAN;2025;01/2025;
MS;2701140018;MS2701140018;LATA AL 350ML MOEMA;LATA;MOEMA;GERAL;0,38;52771,74;JAN;2025;01/2025;
MS;2701140018;MS2701140018;LATA AL 350ML MOEMA;LATA;MOEMA;GERAL;0,38;62084,4;JAN;2025;01/2025;
MS;2701140018;MS2701140018;LATA AL 350ML MOEMA;LATA;MOEMA;GERAL;0,38;71397,06;JAN;2025;01/2025;
MS;2701140019;MS2701140019;LATA AL 473ML MOEMA;LATA;MOEMA;GERAL;0,51;73007,520000000004;JAN;2025;01/2025;
MS;2701140018;MS2701140018;LATA AL 350ML MOEMA;LATA;MOEMA;GERAL;0,38;71397,06;JAN;2025;01/2025;
MS;2701140019;MS2701140019;LATA AL 473ML MOEMA;LATA;MOEMA;GERAL;0,51;73007,520000000004;JAN;2025;01/2025;
MS;2701140018;MS2701140018;LATA AL 350ML MOEMA;LATA;MOEMA;GERAL;0,38;71397,06;JAN;2025;01/2025;
MS;2701140018;MS2701140018;LATA AL 350ML MOEMA;LATA;MOEMA;GERAL;0,38;71397,06;JAN;2025;01/2025;
MS;2701140018;MS2701140018;LATA AL 350ML MOEMA;LATA;MOEMA;GERAL;0,38;62084,4;JAN;2025;01/2025;
MS;2701140018;MS2701140018;LATA AL 350ML MOEMA;LATA;MOEMA;GERAL;0,38;52771,74;JAN;2025;01/2025;
MS;2701140019;MS2701140019;LATA AL 473ML MOEMA;LATA;MOEMA;GERAL;0,51;73007,520000000004;JAN;2025;01/2025;
MS;2701140018;MS2701140018;LATA AL 350ML MOEMA;LATA;MOEMA;GERAL;0,38;71397,06;JAN;2025;01/2025;
MS;2701140018;MS2701140018;LATA AL 350ML MOEMA;LATA;MOEMA;GERAL;0,38;71397,06;JAN;2025;01/2025;
MS;2701140018;MS2701140018;LATA AL 350ML MOEMA;LATA;MOEMA;GERAL;0,38;21729,54;JAN;2025;01/2025;
MS;2701140018;MS2701140018;LATA AL 350ML MOEMA;LATA;MOEMA;GERAL;0,38;71397,06;JAN;2025;01/2025;
MS;2701140018;MS2701140018;LATA AL 350ML MOEMA;LATA;MOEMA;GERAL;0,38;62084,4;JAN;2025;01/2025;
MS;2701140018;MS2701140018;LATA AL 350ML MOEMA;LATA;MOEMA;GERAL;0,38;31042,2;JAN;2025;01/2025;
MS;2701140018;MS2701140018;LATA AL 350ML MOEMA;LATA;MOEMA;GERAL;0,38;71397,06;JAN;2025;01/2025;
MS;2701140006;MS2701140006;LATA AL BELA ROMA / 473ML ;LATA;BELLA ROMA;GERAL;0,51;73007,520000000004;JAN;2025;01/2025;
MS;2701140018;MS2701140018;LATA AL 350ML MOEMA;LATA;MOEMA;GERAL;0,38;71397,06;JAN;2025;01/2025;
MS;2701140039;MS2701140039;LATA AL 269ML MOEMA;LATA;MOEMA;GERAL;0,042;10711,008;JAN;2025;01/2025;
MS;2701140006;MS2701140006;LATA AL BELA ROMA / 473ML ;LATA;BELLA ROMA;GERAL;0,51;63484,800000000003;JAN;2025;01/2025;
MS;2701140006;MS2701140006;LATA AL BELA ROMA / 473ML ;LATA;BELLA ROMA;GERAL;0,51;53962,080000000002;JAN;2025;01/2025;
MS;2701140018;MS2701140018;LATA AL 350ML MOEMA;LATA;MOEMA;GERAL;0,38;71397,06;FEV;2025;02/2025;
MS;2701140003;MS2701140003;LATA AL 355ML BAMBOA LAGER;LATA;BAMBOA;GERAL;0,43;83550,720000000001;FEV;2025;02/2025;
MS;2701140019;MS2701140019;LATA AL 473ML MOEMA;LATA;MOEMA;GERAL;0,51;73007,520000000004;FEV;2025;02/2025;
MS;2701140019;MS2701140019;LATA AL 473ML MOEMA;LATA;MOEMA;GERAL;0,51;73007,520000000004;FEV;2025;02/2025;
MS;2701140006;MS2701140006;LATA AL BELA ROMA / 473ML ;LATA;BELLA ROMA;GERAL;0,51;73007,520000000004;FEV;2025;02/2025;
MS;2701140018;MS2701140018;LATA AL 350ML MOEMA;LATA;MOEMA;GERAL;0,38;71397,06;FEV;2025;02/2025;
MS;2701140019;MS2701140019;LATA AL 473ML MOEMA;LATA;MOEMA;GERAL;0,51;63484,800000000003;FEV;2025;02/2025;
MS;2701140019;MS2701140019;LATA AL 473ML MOEMA;LATA;MOEMA;GERAL;0,51;53962,080000000002;FEV;2025;02/2025;
MS;2701140018;MS2701140018;LATA AL 350ML MOEMA;LATA;MOEMA;GERAL;0,38;71397,06;FEV;2025;02/2025;
MS;2701140018;MS2701140018;LATA AL 350ML MOEMA;LATA;MOEMA;GERAL;0,38;71397,06;FEV;2025;02/2025;
MS;2701140019;MS2701140019;LATA AL 473ML MOEMA;LATA;MOEMA;GERAL;0,51;73007,520000000004;FEV;2025;02/2025;
MS;2701140006;MS2701140006;LATA AL BELA ROMA / 473ML ;LATA;BELLA ROMA;GERAL;0,51;53962,080000000002;FEV;2025;02/2025;
MS;2701140018;MS2701140018;LATA AL 350ML MOEMA;LATA;MOEMA;GERAL;0,38;71397,06;FEV;2025;02/2025;
MS;2701140006;MS2701140006;LATA AL BELA ROMA / 473ML ;LATA;BELLA ROMA;GERAL;0,51;63484,800000000003;FEV;2025;02/2025;
MS;2701140018;MS2701140018;LATA AL 350ML MOEMA;LATA;MOEMA;GERAL;0,38;71397,06;FEV;2025;02/2025;
MS;2701140018;MS2701140018;LATA AL 350ML MOEMA;LATA;MOEMA;GERAL;0,38;71397,06;FEV;2025;02/2025;
MS;2701140019;MS2701140019;LATA AL 473ML MOEMA;LATA;MOEMA;GERAL;0,51;73007,520000000004;FEV;2025;02/2025;
MS;2701140019;MS2701140019;LATA AL 473ML MOEMA;LATA;MOEMA;GERAL;0,51;73007,520000000004;FEV;2025;02/2025;
MS;2701140039;MS2701140039;LATA AL 269ML MOEMA;LATA;MOEMA;GERAL;0,042;4191,2640000000001;FEV;2025;02/2025;
MS;2701140018;MS2701140018;LATA AL 350ML MOEMA;LATA;MOEMA;GERAL;0,38;43459,08;FEV;2025;02/2025;
MS;2701140026;MS2701140026;LATA AL 473ML FURIOSO;LATA;FURIOSO;GERAL;0,51;73007,520000000004;FEV;2025;02/2025;
MS;2701140039;MS2701140039;LATA AL 269ML MOEMA;LATA;MOEMA;GERAL;0,042;10711,008;FEV;2025;02/2025;
MS;2701140018;MS2701140018;LATA AL 350ML MOEMA;LATA;MOEMA;GERAL;0,38;71397,06;FEV;2025;02/2025;
MS;2701140018;MS2701140018;LATA AL 350ML MOEMA;LATA;MOEMA;GERAL;0,38;71397,06;FEV;2025;02/2025;
MS;2701140030;MS2701140030;LATA AL 350ML UVA DQI1%;LATA;REFRIKO;GERAL;0,38;3104,2200000000003;FEV;2025;02/2025;
MS;2701140018;MS2701140018;LATA AL 350ML MOEMA;LATA;MOEMA;GERAL;0,38;27937,98;FEV;2025;02/2025;
MS;2701140018;MS2701140018;LATA AL 350ML MOEMA;LATA;MOEMA;GERAL;0,38;71397,06;FEV;2025;02/2025;
MS;2701140030;MS2701140030;LATA AL 350ML UVA DQI1%;LATA;REFRIKO;GERAL;0,38;12416,880000000001;FEV;2025;02/2025;
MS;2701140020;MS2701140020;LATA AL 350ML COLA;LATA;REFRIKO;GERAL;0,38;6208,4400000000005;FEV;2025;02/2025;
MS;2701140025;MS2701140025;LATA AL 350ML GUARANA;LATA;REFRIKO;GERAL;0,38;21729,54;FEV;2025;02/2025;
MS;2701140018;MS2701140018;LATA AL 350ML MOEMA;LATA;MOEMA;GERAL;0,38;62084,4;FEV;2025;02/2025;
MS;2701140018;MS2701140018;LATA AL 350ML MOEMA;LATA;MOEMA;GERAL;0,38;15521,1;FEV;2025;02/2025;
MS;2701140018;MS2701140018;LATA AL 350ML MOEMA;LATA;MOEMA;GERAL;0,38;37250,639999999999;FEV;2025;02/2025;
MS;2901140013;MS2901140013;LATA CHOPP DO MARQUES 473ML;LATA;MARQUES;GERAL;0,51;73007,520000000004;FEV;2025;02/2025;
MS;2701140003;MS2701140003;LATA AL 355ML BAMBOA LAGER;LATA;BAMBOA;GERAL;0,43;83550,720000000001;FEV;2025;02/2025;
MS;2701140006;MS2701140006;LATA AL BELA ROMA / 473ML ;LATA;BELLA ROMA;GERAL;0,51;60310,559999999998;FEV;2025;02/2025;
MS;2701140028;MS2701140028;LATA AL 473ML MORANGO E MELANCIA ZERO;LATA;FURIOSO;GERAL;0,51;12696,960000000001;FEV;2025;02/2025;
MS;2701140018;MS2701140018;LATA AL 350ML MOEMA;LATA;MOEMA;GERAL;0,38;34146,42;FEV;2025;02/2025;
MS;2701140003;MS2701140003;LATA AL 355ML BAMBOA LAGER;LATA;BAMBOA;GERAL;0,43;61754,879999999997;FEV;2025;02/2025;
MS;2701140018;MS2701140018;LATA AL 350ML MOEMA;LATA;MOEMA;GERAL;0,38;18625,32;FEV;2025;02/2025;
MS;2701140019;MS2701140019;LATA AL 473ML MOEMA;LATA;MOEMA;GERAL;0,51;38090,879999999997;FEV;2025;02/2025;
MS;2701140018;MS2701140018;LATA AL 350ML MOEMA;LATA;MOEMA;GERAL;0,38;52771,74;FEV;2025;02/2025;
MS;2701140018;MS2701140018;LATA AL 350ML MOEMA;LATA;MOEMA;GERAL;0,38;62084,4;FEV;2025;02/2025;
MS;2701140019;MS2701140019;LATA AL 473ML MOEMA;LATA;MOEMA;GERAL;0,51;73007,520000000004;FEV;2025;02/2025;
MS;2701140019;MS2701140019;LATA AL 473ML MOEMA;LATA;MOEMA;GERAL;0,51;73007,520000000004;FEV;2025;02/2025;
MS;2701140006;MS2701140006;LATA AL BELA ROMA / 473ML ;LATA;BELLA ROMA;GERAL;0,51;73007,520000000004;FEV;2025;02/2025;
MS;2701140018;MS2701140018;LATA AL 350ML MOEMA;LATA;MOEMA;GERAL;0,38;71397,06;FEV;2025;02/2025;
MS;2701140018;MS2701140018;LATA AL 350ML MOEMA;LATA;MOEMA;GERAL;0,38;71397,06;FEV;2025;02/2025;
MS;2701140018;MS2701140018;LATA AL 350ML MOEMA;LATA;MOEMA;GERAL;0,38;71397,06;FEV;2025;02/2025;
MS;2701140018;MS2701140018;LATA AL 350ML MOEMA;LATA;MOEMA;GERAL;0,38;71397,06;FEV;2025;02/2025;
MS;2701140018;MS2701140018;LATA AL 350ML MOEMA;LATA;MOEMA;GERAL;0,38;52771,74;FEV;2025;02/2025;
MS;2701140018;MS2701140018;LATA AL 350ML MOEMA;LATA;MOEMA;GERAL;0,38;62084,4;FEV;2025;02/2025;
MS;2701140018;MS2701140018;LATA AL 350ML MOEMA;LATA;MOEMA;GERAL;0,38;71397,06;MAR;2025;03/2025;
MS;2701140006;MS2701140006;LATA AL BELA ROMA / 473ML ;LATA;BELLA ROMA;GERAL;0,51;73007,520000000004;MAR;2025;03/2025;
MS;2701140018;MS2701140018;LATA AL 350ML MOEMA;LATA;MOEMA;GERAL;0,38;71397,06;MAR;2025;03/2025;
MS;2701140018;MS2701140018;LATA AL 350ML MOEMA;LATA;MOEMA;GERAL;0,38;71397,06;MAR;2025;03/2025;
MS;2701140018;MS2701140018;LATA AL 350ML MOEMA;LATA;MOEMA;GERAL;0,38;71397,06;MAR;2025;03/2025;
MS;2701140018;MS2701140018;LATA AL 350ML MOEMA;LATA;MOEMA;GERAL;0,38;71397,06;MAR;2025;03/2025;
MS;2701140018;MS2701140018;LATA AL 350ML MOEMA;LATA;MOEMA;GERAL;0,38;52771,74;MAR;2025;03/2025;
MS;2701140018;MS2701140018;LATA AL 350ML MOEMA;LATA;MOEMA;GERAL;0,38;62084,4;MAR;2025;03/2025;
MS;2701140001;MS2701140001;LATA AL 269ML BAMBOA PILSEN;LATA;BAMBOA;GERAL;0,042;10711,008;MAR;2025;03/2025;
MS;2701140018;MS2701140018;LATA AL 350ML MOEMA;LATA;MOEMA;GERAL;0,38;71397,06;MAR;2025;03/2025;
MS;2701140018;MS2701140018;LATA AL 350ML MOEMA;LATA;MOEMA;GERAL;0,38;71397,06;MAR;2025;03/2025;
MS;2701140003;MS2701140003;LATA AL 355ML BAMBOA LAGER;LATA;BAMBOA;GERAL;0,43;83550,720000000001;MAR;2025;03/2025;
MS;2701140018;MS2701140018;LATA AL 350ML MOEMA;LATA;MOEMA;GERAL;0,38;71397,06;MAR;2025;03/2025;
MS;2701140018;MS2701140018;LATA AL 350ML MOEMA;LATA;MOEMA;GERAL;0,38;71397,06;MAR;2025;03/2025;
MS;2701140018;MS2701140018;LATA AL 350ML MOEMA;LATA;MOEMA;GERAL;0,38;62084,4;MAR;2025;03/2025;
MS;2701140018;MS2701140018;LATA AL 350ML MOEMA;LATA;MOEMA;GERAL;0,38;52771,74;MAR;2025;03/2025;
MS;2701140018;MS2701140018;LATA AL 350ML MOEMA;LATA;MOEMA;GERAL;0,38;71397,06;MAR;2025;03/2025;
MS;2701140018;MS2701140018;LATA AL 350ML MOEMA;LATA;MOEMA;GERAL;0,38;71397,06;MAR;2025;03/2025;
MS;2701140018;MS2701140018;LATA AL 350ML MOEMA;LATA;MOEMA;GERAL;0,38;71397,06;MAR;2025;03/2025;
MS;2701140006;MS2701140006;LATA AL BELA ROMA / 473ML ;LATA;BELLA ROMA;GERAL;0,51;53962,080000000002;MAR;2025;03/2025;
MS;2701140018;MS2701140018;LATA AL 350ML MOEMA;LATA;MOEMA;GERAL;0,38;71397,06;MAR;2025;03/2025;
MS;2701140006;MS2701140006;LATA AL BELA ROMA / 473ML ;LATA;BELLA ROMA;GERAL;0,51;63484,800000000003;MAR;2025;03/2025;
MS;2701140018;MS2701140018;LATA AL 350ML MOEMA;LATA;MOEMA;GERAL;0,38;71397,06;MAR;2025;03/2025;
MS;2701140018;MS2701140018;LATA AL 350ML MOEMA;LATA;MOEMA;GERAL;0,38;71397,06;MAR;2025;03/2025;
MS;2701140006;MS2701140006;LATA AL BELA ROMA / 473ML ;LATA;BELLA ROMA;GERAL;0,51;41265,120000000003;MAR;2025;03/2025;
MS;2701140006;MS2701140006;LATA AL BELA ROMA / 473ML ;LATA;BELLA ROMA;GERAL;0,51;31742,400000000001;MAR;2025;03/2025;
MS;2701140018;MS2701140018;LATA AL 350ML MOEMA;LATA;MOEMA;GERAL;0,38;52771,74;MAR;2025;03/2025;
MS;2701140018;MS2701140018;LATA AL 350ML MOEMA;LATA;MOEMA;GERAL;0,38;62084,4;MAR;2025;03/2025;
MS;2701140027;MS2701140027;LATA AL 473 ML FURIOSO ZERO;LATA;FURIOSO;GERAL;0,51;31742,400000000001;MAR;2025;03/2025;
MS;2701140018;MS2701140018;LATA AL 350ML MOEMA;LATA;MOEMA;GERAL;0,38;71397,06;MAR;2025;03/2025;
MS;2701140018;MS2701140018;LATA AL 350ML MOEMA;LATA;MOEMA;GERAL;0,38;71397,06;MAR;2025;03/2025;
MS;2701140018;MS2701140018;LATA AL 350ML MOEMA;LATA;MOEMA;GERAL;0,38;71397,06;MAR;2025;03/2025;
MS;2701140018;MS2701140018;LATA AL 350ML MOEMA;LATA;MOEMA;GERAL;0,38;71397,06;MAR;2025;03/2025;
MS;2701140026;MS2701140026;LATA AL 473ML FURIOSO;LATA;FURIOSO;GERAL;0,51;12696,960000000001;MAR;2025;03/2025;
MS;2701140018;MS2701140018;LATA AL 350ML MOEMA;LATA;MOEMA;GERAL;0,38;71397,06;MAR;2025;03/2025;
MS;2701140028;MS2701140028;LATA AL 473ML MORANGO E MELANCIA ZERO;LATA;FURIOSO;GERAL;0,51;12696,960000000001;MAR;2025;03/2025;
MS;2701140006;MS2701140006;LATA AL BELA ROMA / 473ML ;LATA;BELLA ROMA;GERAL;0,51;28568,16;MAR;2025;03/2025;
MS;2701140016;MS2701140016;LATA 473ML FURIOSO MELAO;LATA;FURIOSO;GERAL;0,51;31742,400000000001;MAR;2025;03/2025;
MS;2701140026;MS2701140026;LATA AL 473ML FURIOSO;LATA;FURIOSO;GERAL;0,51;73007,520000000004;MAR;2025;03/2025;
MS;2701140006;MS2701140006;LATA AL BELA ROMA / 473ML ;LATA;BELLA ROMA;GERAL;0,51;73007,520000000004;MAR;2025;03/2025;
MS;2701140018;MS2701140018;LATA AL 350ML MOEMA;LATA;MOEMA;GERAL;0,38;3104,2200000000003;MAR;2025;03/2025;
MS;2701140006;MS2701140006;LATA AL BELA ROMA / 473ML ;LATA;BELLA ROMA;GERAL;0,51;73007,520000000004;MAR;2025;03/2025;
MS;2701140042;MS2701140042;LATA DE ALUMINIO LISA 473ML;LATA;FURIOSO;GERAL;0,51;73007,520000000004;MAR;2025;03/2025;
MS;2701140006;MS2701140006;LATA AL BELA ROMA / 473ML ;LATA;BELLA ROMA;GERAL;0,51;73007,520000000004;MAR;2025;03/2025;
MS;2701140041;MS2701140041;LATA DE ALUMINIO LISA 269ML;LATA;FURIOSO;GERAL;0,042;3725,5680000000002;MAR;2025;03/2025;
MS;2701140018;MS2701140018;LATA AL 350ML MOEMA;LATA;MOEMA;GERAL;0,38;62084,4;MAR;2025;03/2025;
MS;2701140042;MS2701140042;LATA DE ALUMINIO LISA 473ML;LATA;FURIOSO;GERAL;0,51;15871,2;MAR;2025;03/2025;
MS;2701140018;MS2701140018;LATA AL 350ML MOEMA;LATA;MOEMA;GERAL;0,38;9312,66;MAR;2025;03/2025;
MS;2701140018;MS2701140018;LATA AL 350ML MOEMA;LATA;MOEMA;GERAL;0,38;71397,06;MAR;2025;03/2025;
MS;2701140018;MS2701140018;LATA AL 350ML MOEMA;LATA;MOEMA;GERAL;0,38;71397,06;ABR;2025;04/2025;
MS;2701140018;MS2701140018;LATA AL 350ML MOEMA;LATA;MOEMA;GERAL;0,38;71397,06;ABR;2025;04/2025;
MS;2701140018;MS2701140018;LATA AL 350ML MOEMA;LATA;MOEMA;GERAL;0,38;71397,06;ABR;2025;04/2025;
MS;2701140018;MS2701140018;LATA AL 350ML MOEMA;LATA;MOEMA;GERAL;0,38;71397,06;ABR;2025;04/2025;
MS;2701140018;MS2701140018;LATA AL 350ML MOEMA;LATA;MOEMA;GERAL;0,38;52771,74;ABR;2025;04/2025;
MS;2701140018;MS2701140018;LATA AL 350ML MOEMA;LATA;MOEMA;GERAL;0,38;62084,4;ABR;2025;04/2025;
MS;2701140018;MS2701140018;LATA AL 350ML MOEMA;LATA;MOEMA;GERAL;0,38;71397,06;ABR;2025;04/2025;
MS;2701140018;MS2701140018;LATA AL 350ML MOEMA;LATA;MOEMA;GERAL;0,38;52771,74;ABR;2025;04/2025;
MS;2701140018;MS2701140018;LATA AL 350ML MOEMA;LATA;MOEMA;GERAL;0,38;62084,4;ABR;2025;04/2025;
MS;2701140006;MS2701140006;LATA AL BELA ROMA / 473ML ;LATA;BELLA ROMA;GERAL;0,51;73007,520000000004;ABR;2025;04/2025;
MS;2701140006;MS2701140006;LATA AL BELA ROMA / 473ML ;LATA;BELLA ROMA;GERAL;0,51;73007,520000000004;ABR;2025;04/2025;
MS;2701140018;MS2701140018;LATA AL 350ML MOEMA;LATA;MOEMA;GERAL;0,38;71397,06;ABR;2025;04/2025;
MS;2701140018;MS2701140018;LATA AL 350ML MOEMA;LATA;MOEMA;GERAL;0,38;71397,06;ABR;2025;04/2025;
MS;2701140025;MS2701140025;LATA AL 350ML GUARANA;LATA;REFRIKO;GERAL;0,38;24833,760000000002;ABR;2025;04/2025;
MS;2701140021;MS2701140021;LATA AL 350ML LARANJA;LATA;REFRIKO;GERAL;0,38;40354,86;ABR;2025;04/2025;
MS;2701140020;MS2701140020;LATA AL 350ML COLA;LATA;REFRIKO;GERAL;0,38;15521,1;ABR;2025;04/2025;
MS;2701140018;MS2701140018;LATA AL 350ML MOEMA;LATA;MOEMA;GERAL;0,38;71397,06;ABR;2025;04/2025;
MS;2701140018;MS2701140018;LATA AL 350ML MOEMA;LATA;MOEMA;GERAL;0,38;71397,06;ABR;2025;04/2025;
MS;2701140018;MS2701140018;LATA AL 350ML MOEMA;LATA;MOEMA;GERAL;0,38;52771,74;ABR;2025;04/2025;
MS;2701140018;MS2701140018;LATA AL 350ML MOEMA;LATA;MOEMA;GERAL;0,38;15521,1;ABR;2025;04/2025;
MS;2701140018;MS2701140018;LATA AL 350ML MOEMA;LATA;MOEMA;GERAL;0,38;71397,06;ABR;2025;04/2025;
MS;2701140018;MS2701140018;LATA AL 350ML MOEMA;LATA;MOEMA;GERAL;0,38;62084,4;ABR;2025;04/2025;
MS;2701140018;MS2701140018;LATA AL 350ML MOEMA;LATA;MOEMA;GERAL;0,38;46563,3;ABR;2025;04/2025;
MS;2701140023;MS2701140023;LATA AL 350ML TUBAINA;LATA;REFRIKO;GERAL;0,38;24833,760000000002;ABR;2025;04/2025;
MS;2701140018;MS2701140018;LATA AL 350ML MOEMA;LATA;MOEMA;GERAL;0,38;46563,3;ABR;2025;04/2025;
MS;2901140013;MS2901140013;LATA CHOPP DO MARQUES 473ML;LATA;MARQUES;GERAL;0,51;69833,279999999999;ABR;2025;04/2025;
MS;2701140006;MS2701140006;LATA AL BELA ROMA / 473ML ;LATA;BELLA ROMA;GERAL;0,51;73007,520000000004;ABR;2025;04/2025;
MS;2701140006;MS2701140006;LATA AL BELA ROMA / 473ML ;LATA;BELLA ROMA;GERAL;0,51;3174,2400000000002;ABR;2025;04/2025;
MS;2701140018;MS2701140018;LATA AL 350ML MOEMA;LATA;MOEMA;GERAL;0,38;40354,86;ABR;2025;04/2025;
MS;2701140018;MS2701140018;LATA AL 350ML MOEMA;LATA;MOEMA;GERAL;0,38;62084,4;ABR;2025;04/2025;
MS;2701140040;MS2701140040;LATA CER MOEMA PILSEN URUGUAI 473ML                       ;LATA;MOEMA;GERAL;0,5251;32682,224000000002;ABR;2025;04/2025;
MS;2701140020;MS2701140020;LATA AL 350ML COLA;LATA;REFRIKO;GERAL;0,38;46563,3;ABR;2025;04/2025;
MS;2701140025;MS2701140025;LATA AL 350ML GUARANA;LATA;REFRIKO;GERAL;0,38;24833,760000000002;ABR;2025;04/2025;
MS;2701140018;MS2701140018;LATA AL 350ML MOEMA;LATA;MOEMA;GERAL;0,38;52771,74;ABR;2025;04/2025;
MS;2701140018;MS2701140018;LATA AL 350ML MOEMA;LATA;MOEMA;GERAL;0,38;71397,06;ABR;2025;04/2025;
MS;2701140018;MS2701140018;LATA AL 350ML MOEMA;LATA;MOEMA;GERAL;0,38;15521,1;ABR;2025;04/2025;
MS;2901140016;MS2901140016;LATA CER SURVA PILSEN 269ML                           ;LATA;MOEMA;GERAL;0,5251;104801,55840000001;ABR;2025;04/2025;
MS;2701140018;MS2701140018;LATA AL 350ML MOEMA;LATA;MOEMA;GERAL;0,38;71397,06;ABR;2025;04/2025;
MS;2701140018;MS2701140018;LATA AL 350ML MOEMA;LATA;MOEMA;GERAL;0,38;71397,06;ABR;2025;04/2025;
MS;2701140018;MS2701140018;LATA AL 350ML MOEMA;LATA;MOEMA;GERAL;0,38;62084,4;ABR;2025;04/2025;
MS;2701140018;MS2701140018;LATA AL 350ML MOEMA;LATA;MOEMA;GERAL;0,38;52771,74;ABR;2025;04/2025;
MS;2701140005;MS2701140005;LATA AL BELA ROMA / 265ML;LATA;BELLA ROMA;GERAL;0,042;2794,1760000000004;ABR;2025;04/2025;
MS;2701140018;MS2701140018;LATA AL 350ML MOEMA;LATA;MOEMA;GERAL;0,38;71397,06;ABR;2025;04/2025;
MS;2701140018;MS2701140018;LATA AL 350ML MOEMA;LATA;MOEMA;GERAL;0,38;37250,639999999999;ABR;2025;04/2025;
MS;2701140005;MS2701140005;LATA AL BELA ROMA / 265ML;LATA;BELLA ROMA;GERAL;0,042;2328,48;ABR;2025;04/2025;
MS;2701140006;MS2701140006;LATA AL BELA ROMA / 473ML ;LATA;BELLA ROMA;GERAL;0,51;73007,520000000004;ABR;2025;04/2025;
MS;2701140018;MS2701140018;LATA AL 350ML MOEMA;LATA;MOEMA;GERAL;0,38;71397,06;ABR;2025;04/2025;
MS;2701140018;MS2701140018;LATA AL 350ML MOEMA;LATA;MOEMA;GERAL;0,38;71397,06;ABR;2025;04/2025;
MS;2701140018;MS2701140018;LATA AL 350ML MOEMA;LATA;MOEMA;GERAL;0,38;71397,06;ABR;2025;04/2025;
MS;2701140018;MS2701140018;LATA AL 350ML MOEMA;LATA;MOEMA;GERAL;0,38;71397,06;ABR;2025;04/2025;
MS;2701140018;MS2701140018;LATA AL 350ML MOEMA;LATA;MOEMA;GERAL;0,38;71397,06;ABR;2025;04/2025;
MS;2701140018;MS2701140018;LATA AL 350ML MOEMA;LATA;MOEMA;GERAL;0,38;52771,74;ABR;2025;04/2025;
MS;2701140018;MS2701140018;LATA AL 350ML MOEMA;LATA;MOEMA;GERAL;0,38;71397,06;ABR;2025;04/2025;
MS;2701140018;MS2701140018;LATA AL 350ML MOEMA;LATA;MOEMA;GERAL;0,38;62084,4;ABR;2025;04/2025;
MS;2701140018;MS2701140018;LATA AL 350ML MOEMA;LATA;MOEMA;GERAL;0,38;71397,06;MAI;2025;05/2025;
MS;2701140018;MS2701140018;LATA AL 350ML MOEMA;LATA;MOEMA;GERAL;0,38;71397,06;MAI;2025;05/2025;
MS;2701140018;MS2701140018;LATA AL 350ML MOEMA;LATA;MOEMA;GERAL;0,38;71397,06;MAI;2025;05/2025;
MS;2701140018;MS2701140018;LATA AL 350ML MOEMA;LATA;MOEMA;GERAL;0,38;71397,06;MAI;2025;05/2025;
MS;2701140018;MS2701140018;LATA AL 350ML MOEMA;LATA;MOEMA;GERAL;0,38;71397,06;MAI;2025;05/2025;
MS;2701140018;MS2701140018;LATA AL 350ML MOEMA;LATA;MOEMA;GERAL;0,38;71397,06;MAI;2025;05/2025;
MS;2701140018;MS2701140018;LATA AL 350ML MOEMA;LATA;MOEMA;GERAL;0,38;71397,06;MAI;2025;05/2025;
MS;2701140006;MS2701140006;LATA AL BELA ROMA / 473ML ;LATA;BELLA ROMA;GERAL;0,51;73007,520000000004;MAI;2025;05/2025;
MS;2701140006;MS2701140006;LATA AL BELA ROMA / 473ML ;LATA;BELLA ROMA;GERAL;0,51;73007,520000000004;MAI;2025;05/2025;
MS;2701140006;MS2701140006;LATA AL BELA ROMA / 473ML ;LATA;BELLA ROMA;GERAL;0,51;34916,639999999999;MAI;2025;05/2025;
MS;2701140026;MS2701140026;LATA AL 473ML FURIOSO;LATA;FURIOSO;GERAL;0,51;73007,520000000004;MAI;2025;05/2025;
MS;2701140026;MS2701140026;LATA AL 473ML FURIOSO;LATA;FURIOSO;GERAL;0,51;38090,879999999997;MAI;2025;05/2025;
MS;2701140018;MS2701140018;LATA AL 350ML MOEMA;LATA;MOEMA;GERAL;0,38;71397,06;MAI;2025;05/2025;
MS;2701140018;MS2701140018;LATA AL 350ML MOEMA;LATA;MOEMA;GERAL;0,38;71397,06;MAI;2025;05/2025;
MS;2701140006;MS2701140006;LATA AL BELA ROMA / 473ML ;LATA;BELLA ROMA;GERAL;0,51;73007,520000000004;MAI;2025;05/2025;
MS;2701140006;MS2701140006;LATA AL BELA ROMA / 473ML ;LATA;BELLA ROMA;GERAL;0,51;53962,080000000002;MAI;2025;05/2025;
MS;2701140006;MS2701140006;LATA AL BELA ROMA / 473ML ;LATA;BELLA ROMA;GERAL;0,51;63484,800000000003;MAI;2025;05/2025;
MS;2701140018;MS2701140018;LATA AL 350ML MOEMA;LATA;MOEMA;GERAL;0,38;71397,06;MAI;2025;05/2025;
MS;2701140018;MS2701140018;LATA AL 350ML MOEMA;LATA;MOEMA;GERAL;0,38;9312,66;MAI;2025;05/2025;
MS;2701140018;MS2701140018;LATA AL 350ML MOEMA;LATA;MOEMA;GERAL;0,38;62084,4;MAI;2025;05/2025;
MS;2701140018;MS2701140018;LATA AL 350ML MOEMA;LATA;MOEMA;GERAL;0,38;71397,06;MAI;2025;05/2025;
MS;2701140018;MS2701140018;LATA AL 350ML MOEMA;LATA;MOEMA;GERAL;0,38;71397,06;MAI;2025;05/2025;
MS;2701140018;MS2701140018;LATA AL 350ML MOEMA;LATA;MOEMA;GERAL;0,38;52771,74;MAI;2025;05/2025;
MS;2701140018;MS2701140018;LATA AL 350ML MOEMA;LATA;MOEMA;GERAL;0,38;62084,4;MAI;2025;05/2025;
MS;2701140018;MS2701140018;LATA AL 350ML MOEMA;LATA;MOEMA;GERAL;0,38;62084,4;MAI;2025;05/2025;
MS;2701140018;MS2701140018;LATA AL 350ML MOEMA;LATA;MOEMA;GERAL;0,38;9312,66;MAI;2025;05/2025;
MS;2701140018;MS2701140018;LATA AL 350ML MOEMA;LATA;MOEMA;GERAL;0,38;71397,06;MAI;2025;05/2025;
MS;2701140018;MS2701140018;LATA AL 350ML MOEMA;LATA;MOEMA;GERAL;0,38;71397,06;MAI;2025;05/2025;
MS;2701140015;MS2701140015;LATA AL 473ML FURIOSO MELANCIA E MORANGO;LATA;FURIOSO;GERAL;0,51;15871,2;MAI;2025;05/2025;
MS;2701140027;MS2701140027;LATA AL 473 ML FURIOSO ZERO;LATA;FURIOSO;GERAL;0,51;9522,7199999999993;MAI;2025;05/2025;
MS;2701140028;MS2701140028;LATA AL 473ML MORANGO E MELANCIA ZERO;LATA;FURIOSO;GERAL;0,51;31742,400000000001;MAI;2025;05/2025;
MS;2701140017;MS2701140017;LATA 473ML FURIOSO TROPICAL;LATA;FURIOSO;GERAL;0,51;15871,2;MAI;2025;05/2025;
MS;2701140018;MS2701140018;LATA AL 350ML MOEMA;LATA;MOEMA;GERAL;0,38;71397,06;MAI;2025;05/2025;
MS;2701140018;MS2701140018;LATA AL 350ML MOEMA;LATA;MOEMA;GERAL;0,38;71397,06;MAI;2025;05/2025;
MS;2701140018;MS2701140018;LATA AL 350ML MOEMA;LATA;MOEMA;GERAL;0,38;71397,06;MAI;2025;05/2025;
MS;2701140018;MS2701140018;LATA AL 350ML MOEMA;LATA;MOEMA;GERAL;0,38;62084,4;MAI;2025;05/2025;
MS;2701140018;MS2701140018;LATA AL 350ML MOEMA;LATA;MOEMA;GERAL;0,38;52771,74;MAI;2025;05/2025;
MS;2701140018;MS2701140018;LATA AL 350ML MOEMA;LATA;MOEMA;GERAL;0,38;27937,98;MAI;2025;05/2025;
MS;2701140018;MS2701140018;LATA AL 350ML MOEMA;LATA;MOEMA;GERAL;0,38;71397,06;MAI;2025;05/2025;
MS;2701140018;MS2701140018;LATA AL 350ML MOEMA;LATA;MOEMA;GERAL;0,38;71397,06;MAI;2025;05/2025;
MS;2701140018;MS2701140018;LATA AL 350ML MOEMA;LATA;MOEMA;GERAL;0,38;71397,06;MAI;2025;05/2025;
MS;2701140018;MS2701140018;LATA AL 350ML MOEMA;LATA;MOEMA;GERAL;0,38;62084,4;MAI;2025;05/2025;
MS;2701140003;MS2701140003;LATA AL 355ML BAMBOA LAGER;LATA;BAMBOA;GERAL;0,43;50856,959999999999;MAI;2025;05/2025;
MS;2701140018;MS2701140018;LATA AL 350ML MOEMA;LATA;MOEMA;GERAL;0,38;52771,74;MAI;2025;05/2025;
MS;2701140018;MS2701140018;LATA AL 350ML MOEMA;LATA;MOEMA;GERAL;0,38;71397,06;JUN;2025;06/2025;
MS;2701140018;MS2701140018;LATA AL 350ML MOEMA;LATA;MOEMA;GERAL;0,38;15521,1;JUN;2025;06/2025;
MS;2701140018;MS2701140018;LATA AL 350ML MOEMA;LATA;MOEMA;GERAL;0,38;3104,2200000000003;JUN;2025;06/2025;
MS;2701140018;MS2701140018;LATA AL 350ML MOEMA;LATA;MOEMA;GERAL;0,38;52771,74;JUN;2025;06/2025;
MS;2701140018;MS2701140018;LATA AL 350ML MOEMA;LATA;MOEMA;GERAL;0,38;15521,1;JUN;2025;06/2025;
MS;2701140025;MS2701140025;LATA AL 350ML GUARANA;LATA;REFRIKO;GERAL;0,38;55875,96;JUN;2025;06/2025;
MS;2701140018;MS2701140018;LATA AL 350ML MOEMA;LATA;MOEMA;GERAL;0,38;52771,74;JUN;2025;06/2025;
MS;2701140018;MS2701140018;LATA AL 350ML MOEMA;LATA;MOEMA;GERAL;0,38;62084,4;JUN;2025;06/2025;
MS;2701140018;MS2701140018;LATA AL 350ML MOEMA;LATA;MOEMA;GERAL;0,38;71397,06;JUN;2025;06/2025;
MS;2701140039;MS2701140039;LATA AL 269ML MOEMA;LATA;MOEMA;GERAL;0,042;10711,008;JUN;2025;06/2025;
MS;2701140018;MS2701140018;LATA AL 350ML MOEMA;LATA;MOEMA;GERAL;0,38;71397,06;JUN;2025;06/2025;
MS;2701140017;MS2701140017;LATA 473ML FURIOSO TROPICAL;LATA;FURIOSO;GERAL;0,51;22219,68;JUN;2025;06/2025;
MS;2701140016;MS2701140016;LATA 473ML FURIOSO MELAO;LATA;FURIOSO;GERAL;0,51;6348,4800000000005;JUN;2025;06/2025;
MS;2701140015;MS2701140015;LATA AL 473ML FURIOSO MELANCIA E MORANGO;LATA;FURIOSO;GERAL;0,51;44439,360000000001;JUN;2025;06/2025;
MS;2701140018;MS2701140018;LATA AL 350ML MOEMA;LATA;MOEMA;GERAL;0,38;43459,08;JUN;2025;06/2025;
MS;2701140018;MS2701140018;LATA AL 350ML MOEMA;LATA;MOEMA;GERAL;0,38;15521,1;JUN;2025;06/2025;
MS;2701140018;MS2701140018;LATA AL 350ML MOEMA;LATA;MOEMA;GERAL;0,38;3104,2200000000003;JUN;2025;06/2025;
MS;2701140018;MS2701140018;LATA AL 350ML MOEMA;LATA;MOEMA;GERAL;0,38;9312,66;JUN;2025;06/2025;
MS;2701140018;MS2701140018;LATA AL 350ML MOEMA;LATA;MOEMA;GERAL;0,38;71397,06;JUN;2025;06/2025;
MS;2701140006;MS2701140006;LATA AL BELA ROMA / 473ML ;LATA;BELLA ROMA;GERAL;0,51;63484,800000000003;JUN;2025;06/2025;
MS;2701140006;MS2701140006;LATA AL BELA ROMA / 473ML ;LATA;BELLA ROMA;GERAL;0,51;53962,080000000002;JUN;2025;06/2025;
MS;2701140018;MS2701140018;LATA AL 350ML MOEMA;LATA;MOEMA;GERAL;0,38;71397,06;JUN;2025;06/2025;
MS;2701140018;MS2701140018;LATA AL 350ML MOEMA;LATA;MOEMA;GERAL;0,38;71397,06;JUN;2025;06/2025;
MS;2901140013;MS2901140013;LATA CHOPP DO MARQUES 473ML;LATA;MARQUES;GERAL;0,51;73007,520000000004;JUN;2025;06/2025;
MS;2701140018;MS2701140018;LATA AL 350ML MOEMA;LATA;MOEMA;GERAL;0,38;71397,06;JUN;2025;06/2025;
MS;2701140018;MS2701140018;LATA AL 350ML MOEMA;LATA;MOEMA;GERAL;0,38;71397,06;JUN;2025;06/2025;
MS;2701140018;MS2701140018;LATA AL 350ML MOEMA;LATA;MOEMA;GERAL;0,38;71397,06;JUN;2025;06/2025;
MS;2701140018;MS2701140018;LATA AL 350ML MOEMA;LATA;MOEMA;GERAL;0,38;52771,74;JUN;2025;06/2025;
MS;2701140018;MS2701140018;LATA AL 350ML MOEMA;LATA;MOEMA;GERAL;0,38;62084,4;JUN;2025;06/2025;
MS;2701140018;MS2701140018;LATA AL 350ML MOEMA;LATA;MOEMA;GERAL;0,38;12416,880000000001;JUN;2025;06/2025;
MS;2701140044;MS2701140044;LATA AL 473ML UVA VERDE E PESSEGO;LATA;FURIOSO;GERAL;0,51;60310,559999999998;JUN;2025;06/2025;
MS;2701140018;MS2701140018;LATA AL 350ML MOEMA;LATA;MOEMA;GERAL;0,38;37250,639999999999;JUN;2025;06/2025;
MS;2701140018;MS2701140018;LATA AL 350ML MOEMA;LATA;MOEMA;GERAL;0,38;71397,06;JUN;2025;06/2025;
MS;2701140003;MS2701140003;LATA AL 355ML BAMBOA LAGER;LATA;BAMBOA;GERAL;0,43;39959,040000000001;JUN;2025;06/2025;
MS;2701140018;MS2701140018;LATA AL 350ML MOEMA;LATA;MOEMA;GERAL;0,38;71397,06;JUN;2025;06/2025;
MS;2701140018;MS2701140018;LATA AL 350ML MOEMA;LATA;MOEMA;GERAL;0,38;62084,4;JUN;2025;06/2025;
MS;2701140018;MS2701140018;LATA AL 350ML MOEMA;LATA;MOEMA;GERAL;0,38;52771,74;JUN;2025;06/2025;
MS;2701140018;MS2701140018;LATA AL 350ML MOEMA;LATA;MOEMA;GERAL;0,38;71397,06;JUN;2025;06/2025;
MS;2701140018;MS2701140018;LATA AL 350ML MOEMA;LATA;MOEMA;GERAL;0,38;71397,06;JUN;2025;06/2025;
MS;2701140006;MS2701140006;LATA AL BELA ROMA / 473ML ;LATA;BELLA ROMA;GERAL;0,51;34916,639999999999;JUN;2025;06/2025;
MS;2701140006;MS2701140006;LATA AL BELA ROMA / 473ML ;LATA;BELLA ROMA;GERAL;0,51;73007,520000000004;JUN;2025;06/2025;
MS;2701140018;MS2701140018;LATA AL 350ML MOEMA;LATA;MOEMA;GERAL;0,38;37250,639999999999;JUN;2025;06/2025;
MS;2701140018;MS2701140018;LATA AL 350ML MOEMA;LATA;MOEMA;GERAL;0,38;71397,06;JUN;2025;06/2025;
MS;2701140018;MS2701140018;LATA AL 350ML MOEMA;LATA;MOEMA;GERAL;0,38;21729,54;JUN;2025;06/2025;
MS;2701140035;MS2701140035;LATA AL 269ML FURIOSO;LATA;FURIOSO;GERAL;0,042;5588,3520000000008;JUN;2025;06/2025;
MS;2701140005;MS2701140005;LATA AL BELA ROMA / 265ML;LATA;BELLA ROMA;GERAL;0,042;8382,5280000000002;JUN;2025;06/2025;
MS;2701140018;MS2701140018;LATA AL 350ML MOEMA;LATA;MOEMA;GERAL;0,38;71397,06;JUN;2025;06/2025;
MS;2701140018;MS2701140018;LATA AL 350ML MOEMA;LATA;MOEMA;GERAL;0,38;71397,06;JUN;2025;06/2025;
MS;2701140018;MS2701140018;LATA AL 350ML MOEMA;LATA;MOEMA;GERAL;0,38;34146,42;JUN;2025;06/2025;
MS;2701140016;MS2701140016;LATA 473ML FURIOSO MELAO;LATA;FURIOSO;GERAL;0,51;38090,879999999997;JUN;2025;06/2025;
MS;2701140006;MS2701140006;LATA AL BELA ROMA / 473ML ;LATA;BELLA ROMA;GERAL;0,51;57136,32;JUN;2025;06/2025;
MS;2701140044;MS2701140044;LATA AL 473ML UVA VERDE E PESSEGO;LATA;FURIOSO;GERAL;0,51;12696,960000000001;JUN;2025;06/2025;
MS;2701140044;MS2701140044;LATA AL 473ML UVA VERDE E PESSEGO;LATA;FURIOSO;GERAL;0,51;3174,2400000000002;JUN;2025;06/2025;
MS;2701140018;MS2701140018;LATA AL 350ML MOEMA;LATA;MOEMA;GERAL;0,38;71397,06;JUL;2025;07/2025;
MS;2701140018;MS2701140018;LATA AL 350ML MOEMA;LATA;MOEMA;GERAL;0,38;37250,639999999999;JUL;2025;07/2025;
MS;2701140003;MS2701140003;LATA AL 355ML BAMBOA LAGER;LATA;BAMBOA;GERAL;0,43;83550,720000000001;JUL;2025;07/2025;
MS;2701140044;MS2701140044;LATA AL 473ML UVA VERDE E PESSEGO;LATA;FURIOSO;GERAL;0,51;34916,639999999999;JUL;2025;07/2025;
MS;2701140018;MS2701140018;LATA AL 350ML MOEMA;LATA;MOEMA;GERAL;0,38;71397,06;JUL;2025;07/2025;
MS;2701140006;MS2701140006;LATA AL BELA ROMA / 473ML ;LATA;BELLA ROMA;GERAL;0,51;73007,520000000004;JUL;2025;07/2025;
MS;2701140006;MS2701140006;LATA AL BELA ROMA / 473ML ;LATA;BELLA ROMA;GERAL;0,51;63484,800000000003;JUL;2025;07/2025;
MS;2701140018;MS2701140018;LATA AL 350ML MOEMA;LATA;MOEMA;GERAL;0,38;71397,06;JUL;2025;07/2025;
MS;2701140018;MS2701140018;LATA AL 350ML MOEMA;LATA;MOEMA;GERAL;0,38;31042,2;JUL;2025;07/2025;
MS;2701140019;MS2701140019;LATA AL 473ML MOEMA;LATA;MOEMA;GERAL;0,51;9522,7199999999993;JUL;2025;07/2025;
MS;2701140018;MS2701140018;LATA AL 350ML MOEMA;LATA;MOEMA;GERAL;0,38;12416,880000000001;JUL;2025;07/2025;
MS;2701140006;MS2701140006;LATA AL BELA ROMA / 473ML ;LATA;BELLA ROMA;GERAL;0,51;9522,7199999999993;JUL;2025;07/2025;
MS;2701140026;MS2701140026;LATA AL 473ML FURIOSO;LATA;FURIOSO;GERAL;0,51;63484,800000000003;JUL;2025;07/2025;
MS;2701140018;MS2701140018;LATA AL 350ML MOEMA;LATA;MOEMA;GERAL;0,38;71397,06;JUL;2025;07/2025;
MS;2701140018;MS2701140018;LATA AL 350ML MOEMA;LATA;MOEMA;GERAL;0,38;71397,06;JUL;2025;07/2025;
MS;2701140018;MS2701140018;LATA AL 350ML MOEMA;LATA;MOEMA;GERAL;0,38;71397,06;JUL;2025;07/2025;
MS;2701140018;MS2701140018;LATA AL 350ML MOEMA;LATA;MOEMA;GERAL;0,38;52771,74;JUL;2025;07/2025;
MS;2701140018;MS2701140018;LATA AL 350ML MOEMA;LATA;MOEMA;GERAL;0,38;62084,4;JUL;2025;07/2025;
MS;2701140006;MS2701140006;LATA AL BELA ROMA / 473ML ;LATA;BELLA ROMA;GERAL;0,51;73007,520000000004;JUL;2025;07/2025;
MS;2701140018;MS2701140018;LATA AL 350ML MOEMA;LATA;MOEMA;GERAL;0,38;71397,06;JUL;2025;07/2025;
MS;2901140013;MS2901140013;LATA CHOPP DO MARQUES 473ML;LATA;MARQUES;GERAL;0,51;73007,520000000004;JUL;2025;07/2025;
MS;2701140028;MS2701140028;LATA AL 473ML MORANGO E MELANCIA ZERO;LATA;FURIOSO;GERAL;0,51;6348,4800000000005;JUL;2025;07/2025;
MS;2701140044;MS2701140044;LATA AL 473ML UVA VERDE E PESSEGO;LATA;FURIOSO;GERAL;0,51;12696,960000000001;JUL;2025;07/2025;
MS;2701140006;MS2701140006;LATA AL BELA ROMA / 473ML ;LATA;BELLA ROMA;GERAL;0,51;19045,439999999999;JUL;2025;07/2025;
MS;2701140027;MS2701140027;LATA AL 473 ML FURIOSO ZERO;LATA;FURIOSO;GERAL;0,51;9522,7199999999993;JUL;2025;07/2025;
MS;2701140039;MS2701140039;LATA AL 269ML MOEMA;LATA;MOEMA;GERAL;0,042;2794,1760000000004;JUL;2025;07/2025;
MS;2701140006;MS2701140006;LATA AL BELA ROMA / 473ML ;LATA;BELLA ROMA;GERAL;0,51;60310,559999999998;JUL;2025;07/2025;
MS;2701140015;MS2701140015;LATA AL 473ML FURIOSO MELANCIA E MORANGO;LATA;FURIOSO;GERAL;0,51;6348,4800000000005;JUL;2025;07/2025;
MS;2701140006;MS2701140006;LATA AL BELA ROMA / 473ML ;LATA;BELLA ROMA;GERAL;0,51;12696,960000000001;JUL;2025;07/2025;
MS;2701140018;MS2701140018;LATA AL 350ML MOEMA;LATA;MOEMA;GERAL;0,38;71397,06;JUL;2025;07/2025;
MS;2701140018;MS2701140018;LATA AL 350ML MOEMA;LATA;MOEMA;GERAL;0,38;62084,4;JUL;2025;07/2025;
MS;2701140018;MS2701140018;LATA AL 350ML MOEMA;LATA;MOEMA;GERAL;0,38;52771,74;JUL;2025;07/2025;
MS;2701140018;MS2701140018;LATA AL 350ML MOEMA;LATA;MOEMA;GERAL;0,38;71397,06;JUL;2025;07/2025;
MS;2701140018;MS2701140018;LATA AL 350ML MOEMA;LATA;MOEMA;GERAL;0,38;3104,2200000000003;JUL;2025;07/2025;
MS;2701140018;MS2701140018;LATA AL 350ML MOEMA;LATA;MOEMA;GERAL;0,38;71397,06;JUL;2025;07/2025;
MS;2701140006;MS2701140006;LATA AL BELA ROMA / 473ML ;LATA;BELLA ROMA;GERAL;0,51;69833,279999999999;JUL;2025;07/2025;
MS;2701140018;MS2701140018;LATA AL 350ML MOEMA;LATA;MOEMA;GERAL;0,38;71397,06;JUL;2025;07/2025;
MS;2701140018;MS2701140018;LATA AL 350ML MOEMA;LATA;MOEMA;GERAL;0,38;15521,1;JUL;2025;07/2025;
MS;2701140018;MS2701140018;LATA AL 350ML MOEMA;LATA;MOEMA;GERAL;0,38;71397,06;JUL;2025;07/2025;
MS;2701140018;MS2701140018;LATA AL 350ML MOEMA;LATA;MOEMA;GERAL;0,38;62084,4;JUL;2025;07/2025;
MS;2701140018;MS2701140018;LATA AL 350ML MOEMA;LATA;MOEMA;GERAL;0,38;71397,06;JUL;2025;07/2025;
MS;2701140015;MS2701140015;LATA AL 473ML FURIOSO MELANCIA E MORANGO;LATA;FURIOSO;GERAL;0,51;12696,960000000001;JUL;2025;07/2025;
MS;2701140044;MS2701140044;LATA AL 473ML UVA VERDE E PESSEGO;LATA;FURIOSO;GERAL;0,51;28568,16;JUL;2025;07/2025;
MS;2701140018;MS2701140018;LATA AL 350ML MOEMA;LATA;MOEMA;GERAL;0,38;24833,760000000002;JUL;2025;07/2025;
MS;2701140026;MS2701140026;LATA AL 473ML FURIOSO;LATA;FURIOSO;GERAL;0,51;9522,7199999999993;JUL;2025;07/2025;
MS;2701140019;MS2701140019;LATA AL 473ML MOEMA;LATA;MOEMA;GERAL;0,51;63484,800000000003;JUL;2025;07/2025;
MS;2701140039;MS2701140039;LATA AL 269ML MOEMA;LATA;MOEMA;GERAL;0,042;5588,3520000000008;JUL;2025;07/2025;
MS;2701140027;MS2701140027;LATA AL 473 ML FURIOSO ZERO;LATA;FURIOSO;GERAL;0,51;6348,4800000000005;JUL;2025;07/2025;
MS;2701140018;MS2701140018;LATA AL 350ML MOEMA;LATA;MOEMA;GERAL;0,38;71397,06;JUL;2025;07/2025;
MS;2701140018;MS2701140018;LATA AL 350ML MOEMA;LATA;MOEMA;GERAL;0,38;71397,06;JUL;2025;07/2025;
MS;2701140018;MS2701140018;LATA AL 350ML MOEMA;LATA;MOEMA;GERAL;0,38;62084,4;JUL;2025;07/2025;
MS;2701140018;MS2701140018;LATA AL 350ML MOEMA;LATA;MOEMA;GERAL;0,38;52771,74;JUL;2025;07/2025;
MS;2701140018;MS2701140018;LATA AL 350ML MOEMA;LATA;MOEMA;GERAL;0,38;71397,06;JUL;2025;07/2025;
MS;2701140003;MS2701140003;LATA AL 355ML BAMBOA LAGER;LATA;BAMBOA;GERAL;0,43;21795,84;JUL;2025;07/2025;
MS;2701140018;MS2701140018;LATA AL 350ML MOEMA;LATA;MOEMA;GERAL;0,38;52771,74;JUL;2025;07/2025;
MS;2701140006;MS2701140006;LATA AL BELA ROMA / 473ML ;LATA;BELLA ROMA;GERAL;0,51;73007,520000000004;JUL;2025;07/2025;
MS;2701140018;MS2701140018;LATA AL 350ML MOEMA;LATA;MOEMA;GERAL;0,38;52771,74;AGO;2025;08/2025;
MS;2701140018;MS2701140018;LATA AL 350ML MOEMA;LATA;MOEMA;GERAL;0,38;62084,4;AGO;2025;08/2025;
MS;2701140006;MS2701140006;LATA AL BELA ROMA / 473ML ;LATA;BELLA ROMA;GERAL;0,51;73007,520000000004;AGO;2025;08/2025;
MS;2701140006;MS2701140006;LATA AL BELA ROMA / 473ML ;LATA;BELLA ROMA;GERAL;0,51;73007,520000000004;AGO;2025;08/2025;
MS;2701140018;MS2701140018;LATA AL 350ML MOEMA;LATA;MOEMA;GERAL;0,38;21729,54;AGO;2025;08/2025;
MS;2701140023;MS2701140023;LATA AL 350ML TUBAINA;LATA;REFRIKO;GERAL;0,38;49667,520000000004;AGO;2025;08/2025;
MS;2701140018;MS2701140018;LATA AL 350ML MOEMA;LATA;MOEMA;GERAL;0,38;71397,06;AGO;2025;08/2025;
MS;2701140026;MS2701140026;LATA AL 473ML FURIOSO;LATA;FURIOSO;GERAL;0,51;9522,7199999999993;AGO;2025;08/2025;
MS;2701140026;MS2701140026;LATA AL 473ML FURIOSO;LATA;FURIOSO;GERAL;0,51;44439,360000000001;AGO;2025;08/2025;
MS;2701140026;MS2701140026;LATA AL 473ML FURIOSO;LATA;FURIOSO;GERAL;0,51;63484,800000000003;AGO;2025;08/2025;
MS;2701140018;MS2701140018;LATA AL 350ML MOEMA;LATA;MOEMA;GERAL;0,38;31042,2;AGO;2025;08/2025;
MS;2701140006;MS2701140006;LATA AL BELA ROMA / 473ML ;LATA;BELLA ROMA;GERAL;0,51;73007,520000000004;AGO;2025;08/2025;
MS;2701140017;MS2701140017;LATA 473ML FURIOSO TROPICAL;LATA;FURIOSO;GERAL;0,51;41265,120000000003;AGO;2025;08/2025;
MS;2701140003;MS2701140003;LATA AL 355ML BAMBOA LAGER;LATA;BAMBOA;GERAL;0,43;83550,720000000001;AGO;2025;08/2025;
MS;2701140006;MS2701140006;LATA AL BELA ROMA / 473ML ;LATA;BELLA ROMA;GERAL;0,51;73007,520000000004;AGO;2025;08/2025;
MS;2701140005;MS2701140005;LATA AL BELA ROMA / 265ML;LATA;BELLA ROMA;GERAL;0,042;5588,3520000000008;AGO;2025;08/2025;
MS;2701140018;MS2701140018;LATA AL 350ML MOEMA;LATA;MOEMA;GERAL;0,38;62084,4;AGO;2025;08/2025;
MS;2701140018;MS2701140018;LATA AL 350ML MOEMA;LATA;MOEMA;GERAL;0,38;71397,06;AGO;2025;08/2025;
MS;2701140026;MS2701140026;LATA AL 473ML FURIOSO;LATA;FURIOSO;GERAL;0,51;9522,7199999999993;AGO;2025;08/2025;
MS;2701140019;MS2701140019;LATA AL 473ML MOEMA;LATA;MOEMA;GERAL;0,51;34916,639999999999;AGO;2025;08/2025;
MS;2701140027;MS2701140027;LATA AL 473 ML FURIOSO ZERO;LATA;FURIOSO;GERAL;0,51;19045,439999999999;AGO;2025;08/2025;
MS;2701140018;MS2701140018;LATA AL 350ML MOEMA;LATA;MOEMA;GERAL;0,38;15521,1;AGO;2025;08/2025;
MS;2701140018;MS2701140018;LATA AL 350ML MOEMA;LATA;MOEMA;GERAL;0,38;71397,06;AGO;2025;08/2025;
MS;2701140018;MS2701140018;LATA AL 350ML MOEMA;LATA;MOEMA;GERAL;0,38;3104,2200000000003;AGO;2025;08/2025;
MS;2701140034;MS2701140034;LATA 269ML FURIOSO MELANCIA ZERO;LATA;FURIOSO;GERAL;0,042;1397,0880000000002;AGO;2025;08/2025;
MS;2701140026;MS2701140026;LATA AL 473ML FURIOSO;LATA;FURIOSO;GERAL;0,51;69833,279999999999;AGO;2025;08/2025;
MS;2701140018;MS2701140018;LATA AL 350ML MOEMA;LATA;MOEMA;GERAL;0,38;71397,06;AGO;2025;08/2025;
MS;2701140018;MS2701140018;LATA AL 350ML MOEMA;LATA;MOEMA;GERAL;0,38;46563,3;AGO;2025;08/2025;
MS;2701140040;MS2701140040;LATA CER MOEMA PILSEN URUGUAI 473ML                       ;LATA;MOEMA;GERAL;0,5251;26145,779200000001;AGO;2025;08/2025;
MS;2701140018;MS2701140018;LATA AL 350ML MOEMA;LATA;MOEMA;GERAL;0,38;52771,74;AGO;2025;08/2025;
MS;2701140018;MS2701140018;LATA AL 350ML MOEMA;LATA;MOEMA;GERAL;0,38;62084,4;AGO;2025;08/2025;
MS;2701140019;MS2701140019;LATA AL 473ML MOEMA;LATA;MOEMA;GERAL;0,51;73007,520000000004;AGO;2025;08/2025;
MS;2701140019;MS2701140019;LATA AL 473ML MOEMA;LATA;MOEMA;GERAL;0,51;73007,520000000004;AGO;2025;08/2025;
MS;2701140018;MS2701140018;LATA AL 350ML MOEMA;LATA;MOEMA;GERAL;0,38;71397,06;AGO;2025;08/2025;
MS;2701140019;MS2701140019;LATA AL 473ML MOEMA;LATA;MOEMA;GERAL;0,51;73007,520000000004;AGO;2025;08/2025;
MS;2701140018;MS2701140018;LATA AL 350ML MOEMA;LATA;MOEMA;GERAL;0,38;71397,06;AGO;2025;08/2025;
MS;2701140018;MS2701140018;LATA AL 350ML MOEMA;LATA;MOEMA;GERAL;0,38;40354,86;AGO;2025;08/2025;
MS;2701140039;MS2701140039;LATA AL 269ML MOEMA;LATA;MOEMA;GERAL;0,042;4656,96;AGO;2025;08/2025;
MS;2701140018;MS2701140018;LATA AL 350ML MOEMA;LATA;MOEMA;GERAL;0,38;71397,06;AGO;2025;08/2025;
MS;2701140018;MS2701140018;LATA AL 350ML MOEMA;LATA;MOEMA;GERAL;0,38;71397,06;AGO;2025;08/2025;
MS;2701140018;MS2701140018;LATA AL 350ML MOEMA;LATA;MOEMA;GERAL;0,38;71397,06;AGO;2025;08/2025;
MS;2701140006;MS2701140006;LATA AL BELA ROMA / 473ML ;LATA;BELLA ROMA;GERAL;0,51;25393,920000000002;AGO;2025;08/2025;
MS;2701140006;MS2701140006;LATA AL BELA ROMA / 473ML ;LATA;BELLA ROMA;GERAL;0,51;73007,520000000004;AGO;2025;08/2025;
MS;2701140020;MS2701140020;LATA AL 350ML COLA;LATA;REFRIKO;GERAL;0,38;37250,639999999999;AGO;2025;08/2025;
MS;2701140023;MS2701140023;LATA AL 350ML TUBAINA;LATA;REFRIKO;GERAL;0,38;6208,4400000000005;AGO;2025;08/2025;
MS;2701140021;MS2701140021;LATA AL 350ML LARANJA;LATA;REFRIKO;GERAL;0,38;40354,86;AGO;2025;08/2025;
MS;2701140030;MS2701140030;LATA AL 350ML UVA DQI1%;LATA;REFRIKO;GERAL;0,38;24833,760000000002;AGO;2025;08/2025;
MS;2701140020;MS2701140020;LATA AL 350ML COLA;LATA;REFRIKO;GERAL;0,38;9312,66;AGO;2025;08/2025;
MS;2901140013;MS2901140013;LATA CHOPP DO MARQUES 473ML;LATA;MARQUES;GERAL;0,51;73007,520000000004;SET;2025;09/2025;
MS;2701140018;MS2701140018;LATA AL 350ML MOEMA;LATA;MOEMA;GERAL;0,38;37250,639999999999;SET;2025;09/2025;
MS;2701140018;MS2701140018;LATA AL 350ML MOEMA;LATA;MOEMA;GERAL;0,38;71397,06;SET;2025;09/2025;
MS;2701140018;MS2701140018;LATA AL 350ML MOEMA;LATA;MOEMA;GERAL;0,38;46563,3;SET;2025;09/2025;
MS;2701140003;MS2701140003;LATA AL 355ML BAMBOA LAGER;LATA;BAMBOA;GERAL;0,43;83550,720000000001;SET;2025;09/2025;
MS;2701140025;MS2701140025;LATA AL 350ML GUARANA;LATA;REFRIKO;GERAL;0,38;34146,42;SET;2025;09/2025;
MS;2701140023;MS2701140023;LATA AL 350ML TUBAINA;LATA;REFRIKO;GERAL;0,38;24833,760000000002;SET;2025;09/2025;
MS;2701140018;MS2701140018;LATA AL 350ML MOEMA;LATA;MOEMA;GERAL;0,38;71397,06;SET;2025;09/2025;
MS;2701140018;MS2701140018;LATA AL 350ML MOEMA;LATA;MOEMA;GERAL;0,38;71397,06;SET;2025;09/2025;
MS;2701140018;MS2701140018;LATA AL 350ML MOEMA;LATA;MOEMA;GERAL;0,38;71397,06;SET;2025;09/2025;
MS;2701140018;MS2701140018;LATA AL 350ML MOEMA;LATA;MOEMA;GERAL;0,38;52771,74;SET;2025;09/2025;
MS;2701140018;MS2701140018;LATA AL 350ML MOEMA;LATA;MOEMA;GERAL;0,38;62084,4;SET;2025;09/2025;
MS;2701140001;MS2701140001;LATA AL 269ML BAMBOA PILSEN;LATA;BAMBOA;GERAL;0,042;10711,008;SET;2025;09/2025;
MS;2701140019;MS2701140019;LATA AL 473ML MOEMA;LATA;MOEMA;GERAL;0,51;73007,520000000004;SET;2025;09/2025;
MS;2701140019;MS2701140019;LATA AL 473ML MOEMA;LATA;MOEMA;GERAL;0,51;63484,800000000003;SET;2025;09/2025;
MS;2701140019;MS2701140019;LATA AL 473ML MOEMA;LATA;MOEMA;GERAL;0,51;73007,520000000004;SET;2025;09/2025;
MS;2701140019;MS2701140019;LATA AL 473ML MOEMA;LATA;MOEMA;GERAL;0,51;53962,080000000002;SET;2025;09/2025;
MS;2701140018;MS2701140018;LATA AL 350ML MOEMA;LATA;MOEMA;GERAL;0,38;6208,4400000000005;SET;2025;09/2025;
MS;2701140018;MS2701140018;LATA AL 350ML MOEMA;LATA;MOEMA;GERAL;0,38;62084,4;SET;2025;09/2025;
MS;2701140044;MS2701140044;LATA AL 473ML UVA VERDE E PESSEGO;LATA;FURIOSO;GERAL;0,51;34916,639999999999;SET;2025;09/2025;
MS;2701140043;MS2701140043;LATA AL 269ML UVA VERDE E PESSEGO;LATA;FURIOSO;GERAL;0,042;5588,3520000000008;SET;2025;09/2025;
MS;2701140001;MS2701140001;LATA AL 269ML BAMBOA PILSEN;LATA;BAMBOA;GERAL;0,042;6519,7440000000006;SET;2025;09/2025;
MS;2701140044;MS2701140044;LATA AL 473ML UVA VERDE E PESSEGO;LATA;FURIOSO;GERAL;0,51;3174,2400000000002;SET;2025;09/2025;
MS;2701140018;MS2701140018;LATA AL 350ML MOEMA;LATA;MOEMA;GERAL;0,38;71397,06;SET;2025;09/2025;
MS;2701140019;MS2701140019;LATA AL 473ML MOEMA;LATA;MOEMA;GERAL;0,51;73007,520000000004;SET;2025;09/2025;
MS;2701140018;MS2701140018;LATA AL 350ML MOEMA;LATA;MOEMA;GERAL;0,38;31042,2;SET;2025;09/2025;
MS;2701140018;MS2701140018;LATA AL 350ML MOEMA;LATA;MOEMA;GERAL;0,38;62084,4;SET;2025;09/2025;
MS;2701140034;MS2701140034;LATA 269ML FURIOSO MELANCIA ZERO;LATA;FURIOSO;GERAL;0,042;931,39200000000005;SET;2025;09/2025;
MS;2701140028;MS2701140028;LATA AL 473ML MORANGO E MELANCIA ZERO;LATA;FURIOSO;GERAL;0,51;25393,920000000002;SET;2025;09/2025;
MS;2701140019;MS2701140019;LATA AL 473ML MOEMA;LATA;MOEMA;GERAL;0,51;38090,879999999997;SET;2025;09/2025;
MS;2701140015;MS2701140015;LATA AL 473ML FURIOSO MELANCIA E MORANGO;LATA;FURIOSO;GERAL;0,51;15871,2;SET;2025;09/2025;
MS;2701140030;MS2701140030;LATA AL 350ML UVA DQI1%;LATA;REFRIKO;GERAL;0,38;9312,66;SET;2025;09/2025;
MS;2701140006;MS2701140006;LATA AL BELA ROMA / 473ML ;LATA;BELLA ROMA;GERAL;0,51;73007,520000000004;SET;2025;09/2025;
MS;2701140018;MS2701140018;LATA AL 350ML MOEMA;LATA;MOEMA;GERAL;0,38;71397,06;SET;2025;09/2025;
MS;2701140018;MS2701140018;LATA AL 350ML MOEMA;LATA;MOEMA;GERAL;0,38;52771,74;SET;2025;09/2025;
MS;2701140018;MS2701140018;LATA AL 350ML MOEMA;LATA;MOEMA;GERAL;0,38;62084,4;SET;2025;09/2025;
MS;2701140018;MS2701140018;LATA AL 350ML MOEMA;LATA;MOEMA;GERAL;0,38;71397,06;SET;2025;09/2025;
MS;2701140018;MS2701140018;LATA AL 350ML MOEMA;LATA;MOEMA;GERAL;0,38;71397,06;SET;2025;09/2025;
MS;2701140018;MS2701140018;LATA AL 350ML MOEMA;LATA;MOEMA;GERAL;0,38;9312,66;SET;2025;09/2025;
MS;2701140018;MS2701140018;LATA AL 350ML MOEMA;LATA;MOEMA;GERAL;0,38;15521,1;SET;2025;09/2025;
MS;2701140018;MS2701140018;LATA AL 350ML MOEMA;LATA;MOEMA;GERAL;0,38;43459,08;SET;2025;09/2025;
MS;2701140006;MS2701140006;LATA AL BELA ROMA / 473ML ;LATA;BELLA ROMA;GERAL;0,51;44439,360000000001;SET;2025;09/2025;
MS;2701140028;MS2701140028;LATA AL 473ML MORANGO E MELANCIA ZERO;LATA;FURIOSO;GERAL;0,51;12696,960000000001;SET;2025;09/2025;
MS;2701140006;MS2701140006;LATA AL BELA ROMA / 473ML ;LATA;BELLA ROMA;GERAL;0,51;28568,16;SET;2025;09/2025;
MS;2701140015;MS2701140015;LATA AL 473ML FURIOSO MELANCIA E MORANGO;LATA;FURIOSO;GERAL;0,51;22219,68;OUT;2025;10/2025;
MS;2701140018;MS2701140018;LATA AL 350ML MOEMA;LATA;MOEMA;GERAL;0,38;37250,639999999999;OUT;2025;10/2025;
MS;2701140018;MS2701140018;LATA AL 350ML MOEMA;LATA;MOEMA;GERAL;0,38;71397,06;OUT;2025;10/2025;
MS;2701140023;MS2701140023;LATA AL 350ML TUBAINA;LATA;REFRIKO;GERAL;0,38;31042,2;OUT;2025;10/2025;
MS;2701140021;MS2701140021;LATA AL 350ML LARANJA;LATA;REFRIKO;GERAL;0,38;9312,66;OUT;2025;10/2025;
MS;2701140021;MS2701140021;LATA AL 350ML LARANJA;LATA;REFRIKO;GERAL;0,38;37250,639999999999;OUT;2025;10/2025;
MS;2701140030;MS2701140030;LATA AL 350ML UVA DQI1%;LATA;REFRIKO;GERAL;0,38;27937,98;OUT;2025;10/2025;
MS;2701140030;MS2701140030;LATA AL 350ML UVA DQI1%;LATA;REFRIKO;GERAL;0,38;12416,880000000001;OUT;2025;10/2025;
MS;2701140044;MS2701140044;LATA AL 473ML UVA VERDE E PESSEGO;LATA;FURIOSO;GERAL;0,51;34916,639999999999;OUT;2025;10/2025;
MS;2701140020;MS2701140020;LATA AL 350ML COLA;LATA;REFRIKO;GERAL;0,38;34146,42;OUT;2025;10/2025;
MS;2701140030;MS2701140030;LATA AL 350ML UVA DQI1%;LATA;REFRIKO;GERAL;0,38;3104,2200000000003;OUT;2025;10/2025;
MS;2701140018;MS2701140018;LATA AL 350ML MOEMA;LATA;MOEMA;GERAL;0,38;71397,06;OUT;2025;10/2025;
MS;2701140018;MS2701140018;LATA AL 350ML MOEMA;LATA;MOEMA;GERAL;0,38;71397,06;OUT;2025;10/2025;
MS;2701140018;MS2701140018;LATA AL 350ML MOEMA;LATA;MOEMA;GERAL;0,38;71397,06;OUT;2025;10/2025;
MS;2701140006;MS2701140006;LATA AL BELA ROMA / 473ML ;LATA;BELLA ROMA;GERAL;0,51;53962,080000000002;OUT;2025;10/2025;
MS;2701140006;MS2701140006;LATA AL BELA ROMA / 473ML ;LATA;BELLA ROMA;GERAL;0,51;63484,800000000003;OUT;2025;10/2025;
MS;2701140018;MS2701140018;LATA AL 350ML MOEMA;LATA;MOEMA;GERAL;0,38;71397,06;OUT;2025;10/2025;
MS;2701140003;MS2701140003;LATA AL 355ML BAMBOA LAGER;LATA;BAMBOA;GERAL;0,43;83550,720000000001;OUT;2025;10/2025;
MS;2701140018;MS2701140018;LATA AL 350ML MOEMA;LATA;MOEMA;GERAL;0,38;71397,06;OUT;2025;10/2025;
MS;2701140018;MS2701140018;LATA AL 350ML MOEMA;LATA;MOEMA;GERAL;0,38;6208,4400000000005;OUT;2025;10/2025;
MS;2701140006;MS2701140006;LATA AL BELA ROMA / 473ML ;LATA;BELLA ROMA;GERAL;0,51;60310,559999999998;OUT;2025;10/2025;
MS;2701140018;MS2701140018;LATA AL 350ML MOEMA;LATA;MOEMA;GERAL;0,38;71397,06;OUT;2025;10/2025;
MS;2701140019;MS2701140019;LATA AL 473ML MOEMA;LATA;MOEMA;GERAL;0,51;12696,960000000001;OUT;2025;10/2025;
MS;2701140039;MS2701140039;LATA AL 269ML MOEMA;LATA;MOEMA;GERAL;0,042;5588,3520000000008;OUT;2025;10/2025;
MS;2701140019;MS2701140019;LATA AL 473ML MOEMA;LATA;MOEMA;GERAL;0,51;25393,920000000002;OUT;2025;10/2025;
MS;2701140039;MS2701140039;LATA AL 269ML MOEMA;LATA;MOEMA;GERAL;0,042;6985,4400000000005;OUT;2025;10/2025;
MS;2701140018;MS2701140018;LATA AL 350ML MOEMA;LATA;MOEMA;GERAL;0,38;71397,06;OUT;2025;10/2025;
MS;2701140018;MS2701140018;LATA AL 350ML MOEMA;LATA;MOEMA;GERAL;0,38;71397,06;OUT;2025;10/2025;
MS;2901140013;MS2901140013;LATA CHOPP DO MARQUES 473ML;LATA;MARQUES;GERAL;0,51;73007,520000000004;OUT;2025;10/2025;
MS;2701140018;MS2701140018;LATA AL 350ML MOEMA;LATA;MOEMA;GERAL;0,38;62084,4;OUT;2025;10/2025;
MS;2701140018;MS2701140018;LATA AL 350ML MOEMA;LATA;MOEMA;GERAL;0,38;52771,74;OUT;2025;10/2025;
MS;2701140018;MS2701140018;LATA AL 350ML MOEMA;LATA;MOEMA;GERAL;0,38;71397,06;OUT;2025;10/2025;
MS;2701140018;MS2701140018;LATA AL 350ML MOEMA;LATA;MOEMA;GERAL;0,38;71397,06;OUT;2025;10/2025;
MS;2701140018;MS2701140018;LATA AL 350ML MOEMA;LATA;MOEMA;GERAL;0,38;71397,06;OUT;2025;10/2025;
MS;2901140013;MS2901140013;LATA CHOPP DO MARQUES 473ML;LATA;MARQUES;GERAL;0,51;6348,4800000000005;OUT;2025;10/2025;
MS;2701140040;MS2701140040;LATA CER MOEMA PILSEN URUGUAI 473ML                       ;LATA;MOEMA;GERAL;0,5251;9804,6671999999999;OUT;2025;10/2025;
MS;2701140006;MS2701140006;LATA AL BELA ROMA / 473ML ;LATA;BELLA ROMA;GERAL;0,51;66659,040000000008;OUT;2025;10/2025;
MS;2701140018;MS2701140018;LATA AL 350ML MOEMA;LATA;MOEMA;GERAL;0,38;62084,4;OUT;2025;10/2025;
MS;2701140044;MS2701140044;LATA AL 473ML UVA VERDE E PESSEGO;LATA;FURIOSO;GERAL;0,51;73007,520000000004;OUT;2025;10/2025;
MS;2701140025;MS2701140025;LATA AL 350ML GUARANA;LATA;REFRIKO;GERAL;0,38;71397,06;OUT;2025;10/2025;
MS;2701140018;MS2701140018;LATA AL 350ML MOEMA;LATA;MOEMA;GERAL;0,38;62084,4;OUT;2025;10/2025;
MS;2701140018;MS2701140018;LATA AL 350ML MOEMA;LATA;MOEMA;GERAL;0,38;52771,74;OUT;2025;10/2025;
MS;2701140018;MS2701140018;LATA AL 350ML MOEMA;LATA;MOEMA;GERAL;0,38;71397,06;OUT;2025;10/2025;
MS;2701140020;MS2701140020;LATA AL 350ML COLA;LATA;REFRIKO;GERAL;0,38;24833,760000000002;OUT;2025;10/2025;
MS;2701140040;MS2701140040;LATA CER MOEMA PILSEN URUGUAI 473ML                       ;LATA;MOEMA;GERAL;0,5251;49023,336000000003;OUT;2025;10/2025;
MS;2701140018;MS2701140018;LATA AL 350ML MOEMA;LATA;MOEMA;GERAL;0,38;52771,74;OUT;2025;10/2025;
MS;2701140003;MS2701140003;LATA AL 355ML BAMBOA LAGER;LATA;BAMBOA;GERAL;0,43;83550,720000000001;OUT;2025;10/2025;
MS;2701140018;MS2701140018;LATA AL 350ML MOEMA;LATA;MOEMA;GERAL;0,38;65188,62;OUT;2025;10/2025;
MS;2701140018;MS2701140018;LATA AL 350ML MOEMA;LATA;MOEMA;GERAL;0,38;62084,4;OUT;2025;10/2025;
MS;2701140003;MS2701140003;LATA AL 355ML BAMBOA LAGER;LATA;BAMBOA;GERAL;0,43;7265,28;OUT;2025;10/2025;
MS;2701140006;MS2701140006;LATA AL BELA ROMA / 473ML ;LATA;BELLA ROMA;GERAL;0,51;73007,520000000004;OUT;2025;10/2025;
MS;2701140016;MS2701140016;LATA 473ML FURIOSO MELAO;LATA;FURIOSO;GERAL;0,51;12696,960000000001;OUT;2025;10/2025;
MS;2701140026;MS2701140026;LATA AL 473ML FURIOSO;LATA;FURIOSO;GERAL;0,51;60310,559999999998;OUT;2025;10/2025;
MS;2701140015;MS2701140015;LATA AL 473ML FURIOSO MELANCIA E MORANGO;LATA;FURIOSO;GERAL;0,51;28568,16;OUT;2025;10/2025;
MS;2701140016;MS2701140016;LATA 473ML FURIOSO MELAO;LATA;FURIOSO;GERAL;0,51;15871,2;OUT;2025;10/2025;
MS;2701140027;MS2701140027;LATA AL 473 ML FURIOSO ZERO;LATA;FURIOSO;GERAL;0,51;28568,16;OUT;2025;10/2025;
MS;2701140018;MS2701140018;LATA AL 350ML MOEMA;LATA;MOEMA;GERAL;0,38;71397,06;OUT;2025;10/2025;
MS;2701140018;MS2701140018;LATA AL 350ML MOEMA;LATA;MOEMA;GERAL;0,38;71397,06;OUT;2025;10/2025;
MS;2701140018;MS2701140018;LATA AL 350ML MOEMA;LATA;MOEMA;GERAL;0,38;62084,4;NOV;2025;11/2025;
MS;2701140018;MS2701140018;LATA AL 350ML MOEMA;LATA;MOEMA;GERAL;0,38;52771,74;NOV;2025;11/2025;
MS;2701140018;MS2701140018;LATA AL 350ML MOEMA;LATA;MOEMA;GERAL;0,38;71397,06;NOV;2025;11/2025;
MS;2701140006;MS2701140006;LATA AL BELA ROMA / 473ML ;LATA;BELLA ROMA;GERAL;0,51;73007,520000000004;NOV;2025;11/2025;
MS;2701140018;MS2701140018;LATA AL 350ML MOEMA;LATA;MOEMA;GERAL;0,38;21729,54;NOV;2025;11/2025;
MS;2701140003;MS2701140003;LATA AL 355ML BAMBOA LAGER;LATA;BAMBOA;GERAL;0,43;58122,239999999998;NOV;2025;11/2025;
MS;2701140018;MS2701140018;LATA AL 350ML MOEMA;LATA;MOEMA;GERAL;0,38;37250,639999999999;NOV;2025;11/2025;
MS;2701140018;MS2701140018;LATA AL 350ML MOEMA;LATA;MOEMA;GERAL;0,38;71397,06;NOV;2025;11/2025;
MS;2701140001;MS2701140001;LATA AL 269ML BAMBOA PILSEN;LATA;BAMBOA;GERAL;0,042;5122,6559999999999;NOV;2025;11/2025;
MS;2701140018;MS2701140018;LATA AL 350ML MOEMA;LATA;MOEMA;GERAL;0,38;71397,06;NOV;2025;11/2025;
MS;2701140018;MS2701140018;LATA AL 350ML MOEMA;LATA;MOEMA;GERAL;0,38;71397,06;NOV;2025;11/2025;
MS;2701140003;MS2701140003;LATA AL 355ML BAMBOA LAGER;LATA;BAMBOA;GERAL;0,43;72652,800000000003;NOV;2025;11/2025;
MS;2701140003;MS2701140003;LATA AL 355ML BAMBOA LAGER;LATA;BAMBOA;GERAL;0,43;61754,879999999997;NOV;2025;11/2025;
MS;2701140026;MS2701140026;LATA AL 473ML FURIOSO;LATA;FURIOSO;GERAL;0,51;60310,559999999998;NOV;2025;11/2025;
MS;2701140018;MS2701140018;LATA AL 350ML MOEMA;LATA;MOEMA;GERAL;0,38;12416,880000000001;NOV;2025;11/2025;
MS;2701140026;MS2701140026;LATA AL 473ML FURIOSO;LATA;FURIOSO;GERAL;0,51;60310,559999999998;NOV;2025;11/2025;
MS;2701140027;MS2701140027;LATA AL 473 ML FURIOSO ZERO;LATA;FURIOSO;GERAL;0,51;12696,960000000001;NOV;2025;11/2025;
MS;2701140018;MS2701140018;LATA AL 350ML MOEMA;LATA;MOEMA;GERAL;0,38;71397,06;NOV;2025;11/2025;
MS;2701140018;MS2701140018;LATA AL 350ML MOEMA;LATA;MOEMA;GERAL;0,38;71397,06;NOV;2025;11/2025;
MS;2901140013;MS2901140013;LATA CHOPP DO MARQUES 473ML;LATA;MARQUES;GERAL;0,51;60310,559999999998;NOV;2025;11/2025;
MS;2701140018;MS2701140018;LATA AL 350ML MOEMA;LATA;MOEMA;GERAL;0,38;3104,2200000000003;NOV;2025;11/2025;
MS;2701140020;MS2701140020;LATA AL 350ML COLA;LATA;REFRIKO;GERAL;0,38;3104,2200000000003;NOV;2025;11/2025;
MS;2701140018;MS2701140018;LATA AL 350ML MOEMA;LATA;MOEMA;GERAL;0,38;27937,98;NOV;2025;11/2025;
MS;2701140018;MS2701140018;LATA AL 350ML MOEMA;LATA;MOEMA;GERAL;0,38;24833,760000000002;NOV;2025;11/2025;
MS;2701140020;MS2701140020;LATA AL 350ML COLA;LATA;REFRIKO;GERAL;0,38;18625,32;NOV;2025;11/2025;
MS;2701140026;MS2701140026;LATA AL 473ML FURIOSO;LATA;FURIOSO;GERAL;0,51;12696,960000000001;NOV;2025;11/2025;
MS;2701140018;MS2701140018;LATA AL 350ML MOEMA;LATA;MOEMA;GERAL;0,38;3104,2200000000003;NOV;2025;11/2025;
MS;2701140018;MS2701140018;LATA AL 350ML MOEMA;LATA;MOEMA;GERAL;0,38;71397,06;NOV;2025;11/2025;
MS;2701140006;MS2701140006;LATA AL BELA ROMA / 473ML ;LATA;BELLA ROMA;GERAL;0,51;63484,800000000003;NOV;2025;11/2025;
MS;2701140018;MS2701140018;LATA AL 350ML MOEMA;LATA;MOEMA;GERAL;0,38;71397,06;NOV;2025;11/2025;
MS;2701140018;MS2701140018;LATA AL 350ML MOEMA;LATA;MOEMA;GERAL;0,38;65188,62;NOV;2025;11/2025;
MS;2901140013;MS2901140013;LATA CHOPP DO MARQUES 473ML;LATA;MARQUES;GERAL;0,51;6348,4800000000005;NOV;2025;11/2025;
MS;2701140019;MS2701140019;LATA AL 473ML MOEMA;LATA;MOEMA;GERAL;0,51;63484,800000000003;NOV;2025;11/2025;
MS;2701140017;MS2701140017;LATA 473ML FURIOSO TROPICAL;LATA;FURIOSO;GERAL;0,51;12696,960000000001;NOV;2025;11/2025;
MS;2701140019;MS2701140019;LATA AL 473ML MOEMA;LATA;MOEMA;GERAL;0,51;31742,400000000001;NOV;2025;11/2025;
MS;2701140006;MS2701140006;LATA AL BELA ROMA / 473ML ;LATA;BELLA ROMA;GERAL;0,51;73007,520000000004;NOV;2025;11/2025;
MS;2701140018;MS2701140018;LATA AL 350ML MOEMA;LATA;MOEMA;GERAL;0,38;71397,06;NOV;2025;11/2025;
MS;2701140015;MS2701140015;LATA AL 473ML FURIOSO MELANCIA E MORANGO;LATA;FURIOSO;GERAL;0,51;9522,7199999999993;NOV;2025;11/2025;
MS;2701140018;MS2701140018;LATA AL 350ML MOEMA;LATA;MOEMA;GERAL;0,38;62084,4;NOV;2025;11/2025;
MS;2701140018;MS2701140018;LATA AL 350ML MOEMA;LATA;MOEMA;GERAL;0,38;52771,74;NOV;2025;11/2025;
MS;2701140018;MS2701140018;LATA AL 350ML MOEMA;LATA;MOEMA;GERAL;0,38;71397,06;NOV;2025;11/2025;
MS;2701140018;MS2701140018;LATA AL 350ML MOEMA;LATA;MOEMA;GERAL;0,38;24833,760000000002;NOV;2025;11/2025;
MS;2701140019;MS2701140019;LATA AL 473ML MOEMA;LATA;MOEMA;GERAL;0,51;73007,520000000004;NOV;2025;11/2025;
MS;2701140006;MS2701140006;LATA AL BELA ROMA / 473ML ;LATA;BELLA ROMA;GERAL;0,51;47613,599999999999;NOV;2025;11/2025;
MS;2701140006;MS2701140006;LATA AL BELA ROMA / 473ML ;LATA;BELLA ROMA;GERAL;0,51;63484,800000000003;NOV;2025;11/2025;
MS;2701140006;MS2701140006;LATA AL BELA ROMA / 473ML ;LATA;BELLA ROMA;GERAL;0,51;28568,16;NOV;2025;11/2025;
MS;2701140003;MS2701140003;LATA AL 355ML BAMBOA LAGER;LATA;BAMBOA;GERAL;0,43;29061,119999999999;NOV;2025;11/2025;
MS;2701140019;MS2701140019;LATA AL 473ML MOEMA;LATA;MOEMA;GERAL;0,51;73007,520000000004;NOV;2025;11/2025;
MS;2701140018;MS2701140018;LATA AL 350ML MOEMA;LATA;MOEMA;GERAL;0,38;71397,06;NOV;2025;11/2025;
MS;2701140018;MS2701140018;LATA AL 350ML MOEMA;LATA;MOEMA;GERAL;0,38;31042,2;NOV;2025;11/2025;
MS;2701140008;MS2701140008;LATA CER DEL PUERTO 350ML                            ;LATA;PUERTO;GERAL;0,042;6861,96;NOV;2025;11/2025;
MS;2701140018;MS2701140018;LATA AL 350ML MOEMA;LATA;MOEMA;GERAL;0,38;71397,06;NOV;2025;11/2025;
MS;2701140018;MS2701140018;LATA AL 350ML MOEMA;LATA;MOEMA;GERAL;0,38;71397,06;NOV;2025;11/2025;
MS;2701140006;MS2701140006;LATA AL BELA ROMA / 473ML ;LATA;BELLA ROMA;GERAL;0,51;73007,520000000004;NOV;2025;11/2025;
MS;2701140006;MS2701140006;LATA AL BELA ROMA / 473ML ;LATA;BELLA ROMA;GERAL;0,51;41265,120000000003;NOV;2025;11/2025;
MS;2701140018;MS2701140018;LATA AL 350ML MOEMA;LATA;MOEMA;GERAL;0,38;71397,06;DEZ;2025;12/2025;
MS;2701140014;MS2701140014;LATA CER DEL PUERTO 269ML                            ;LATA;PUERTO;GERAL;0,38;75841,919999999998;DEZ;2025;12/2025;
MS;2701140035;MS2701140035;LATA AL 269ML FURIOSO;LATA;FURIOSO;GERAL;0,042;4656,96;DEZ;2025;12/2025;
MS;2701140039;MS2701140039;LATA AL 269ML MOEMA;LATA;MOEMA;GERAL;0,042;7451,1360000000004;DEZ;2025;12/2025;
MS;2701140026;MS2701140026;LATA AL 473ML FURIOSO;LATA;FURIOSO;GERAL;0,51;73007,520000000004;DEZ;2025;12/2025;
MS;2701140026;MS2701140026;LATA AL 473ML FURIOSO;LATA;FURIOSO;GERAL;0,51;12696,960000000001;DEZ;2025;12/2025;
MS;2701140026;MS2701140026;LATA AL 473ML FURIOSO;LATA;FURIOSO;GERAL;0,51;73007,520000000004;DEZ;2025;12/2025;
MS;2701140003;MS2701140003;LATA AL 355ML BAMBOA LAGER;LATA;BAMBOA;GERAL;0,43;10897,92;DEZ;2025;12/2025;
MS;2701140018;MS2701140018;LATA AL 350ML MOEMA;LATA;MOEMA;GERAL;0,38;3104,2200000000003;DEZ;2025;12/2025;
MS;2701140018;MS2701140018;LATA AL 350ML MOEMA;LATA;MOEMA;GERAL;0,38;27937,98;DEZ;2025;12/2025;
MS;2701140016;MS2701140016;LATA 473ML FURIOSO MELAO;LATA;FURIOSO;GERAL;0,51;12696,960000000001;DEZ;2025;12/2025;
MS;2701140027;MS2701140027;LATA AL 473 ML FURIOSO ZERO;LATA;FURIOSO;GERAL;0,51;6348,4800000000005;DEZ;2025;12/2025;
MS;2701140026;MS2701140026;LATA AL 473ML FURIOSO;LATA;FURIOSO;GERAL;0,51;31742,400000000001;DEZ;2025;12/2025;
MS;2701140015;MS2701140015;LATA AL 473ML FURIOSO MELANCIA E MORANGO;LATA;FURIOSO;GERAL;0,51;25393,920000000002;DEZ;2025;12/2025;
MS;2701140028;MS2701140028;LATA AL 473ML MORANGO E MELANCIA ZERO;LATA;FURIOSO;GERAL;0,51;12696,960000000001;DEZ;2025;12/2025;
MS;2701140018;MS2701140018;LATA AL 350ML MOEMA;LATA;MOEMA;GERAL;0,38;46563,3;DEZ;2025;12/2025;
MS;2701140017;MS2701140017;LATA 473ML FURIOSO TROPICAL;LATA;FURIOSO;GERAL;0,51;9522,7199999999993;DEZ;2025;12/2025;
MS;2701140039;MS2701140039;LATA AL 269ML MOEMA;LATA;MOEMA;GERAL;0,042;931,39200000000005;DEZ;2025;12/2025;
MS;2701140006;MS2701140006;LATA AL BELA ROMA / 473ML ;LATA;BELLA ROMA;GERAL;0,51;63484,800000000003;DEZ;2025;12/2025;
MS;2701140006;MS2701140006;LATA AL BELA ROMA / 473ML ;LATA;BELLA ROMA;GERAL;0,51;53962,080000000002;DEZ;2025;12/2025;
MS;2701140006;MS2701140006;LATA AL BELA ROMA / 473ML ;LATA;BELLA ROMA;GERAL;0,51;73007,520000000004;DEZ;2025;12/2025;
MS;2701140018;MS2701140018;LATA AL 350ML MOEMA;LATA;MOEMA;GERAL;0,38;71397,06;DEZ;2025;12/2025;
MS;2701140028;MS2701140028;LATA AL 473ML MORANGO E MELANCIA ZERO;LATA;FURIOSO;GERAL;0,51;12696,960000000001;DEZ;2025;12/2025;
MS;2701140016;MS2701140016;LATA 473ML FURIOSO MELAO;LATA;FURIOSO;GERAL;0,51;12696,960000000001;DEZ;2025;12/2025;
MS;2701140018;MS2701140018;LATA AL 350ML MOEMA;LATA;MOEMA;GERAL;0,38;46563,3;DEZ;2025;12/2025;
MS;2701140018;MS2701140018;LATA AL 350ML MOEMA;LATA;MOEMA;GERAL;0,38;71397,06;DEZ;2025;12/2025;
MS;2701140018;MS2701140018;LATA AL 350ML MOEMA;LATA;MOEMA;GERAL;0,38;71397,06;DEZ;2025;12/2025;
MS;2701140044;MS2701140044;LATA AL 473ML UVA VERDE E PESSEGO;LATA;FURIOSO;GERAL;0,51;44439,360000000001;DEZ;2025;12/2025;
MS;2701140018;MS2701140018;LATA AL 350ML MOEMA;LATA;MOEMA;GERAL;0,38;62084,4;DEZ;2025;12/2025;
MS;2701140018;MS2701140018;LATA AL 350ML MOEMA;LATA;MOEMA;GERAL;0,38;71397,06;DEZ;2025;12/2025;
MS;2701140018;MS2701140018;LATA AL 350ML MOEMA;LATA;MOEMA;GERAL;0,38;52771,74;DEZ;2025;12/2025;
MS;2701140019;MS2701140019;LATA AL 473ML MOEMA;LATA;MOEMA;GERAL;0,51;73007,520000000004;DEZ;2025;12/2025;
MS;2701140017;MS2701140017;LATA 473ML FURIOSO TROPICAL;LATA;FURIOSO;GERAL;0,51;15871,2;DEZ;2025;12/2025;
MS;2701140040;MS2701140040;LATA CER MOEMA PILSEN URUGUAI 473ML                       ;LATA;MOEMA;GERAL;0,5251;13072,8896;DEZ;2025;12/2025;
MS;2701140006;MS2701140006;LATA AL BELA ROMA / 473ML ;LATA;BELLA ROMA;GERAL;0,51;73007,520000000004;DEZ;2025;12/2025;
MS;2701140018;MS2701140018;LATA AL 350ML MOEMA;LATA;MOEMA;GERAL;0,38;71397,06;DEZ;2025;12/2025;
MS;2701140006;MS2701140006;LATA AL BELA ROMA / 473ML ;LATA;BELLA ROMA;GERAL;0,51;63484,800000000003;DEZ;2025;12/2025;
MS;2701140006;MS2701140006;LATA AL BELA ROMA / 473ML ;LATA;BELLA ROMA;GERAL;0,51;53962,080000000002;DEZ;2025;12/2025;
MS;2701140018;MS2701140018;LATA AL 350ML MOEMA;LATA;MOEMA;GERAL;0,38;46563,3;DEZ;2025;12/2025;
MS;2701140018;MS2701140018;LATA AL 350ML MOEMA;LATA;MOEMA;GERAL;0,38;71397,06;DEZ;2025;12/2025;
MS;2701140006;MS2701140006;LATA AL BELA ROMA / 473ML ;LATA;BELLA ROMA;GERAL;0,51;25393,920000000002;DEZ;2025;12/2025;
MS;2701140018;MS2701140018;LATA AL 350ML MOEMA;LATA;MOEMA;GERAL;0,38;58980,18;DEZ;2025;12/2025;
MS;2701140003;MS2701140003;LATA AL 355ML BAMBOA LAGER;LATA;BAMBOA;GERAL;0,43;83550,720000000001;DEZ;2025;12/2025;
MS;2701140003;MS2701140003;LATA AL 355ML BAMBOA LAGER;LATA;BAMBOA;GERAL;0,43;72652,800000000003;DEZ;2025;12/2025;
MS;2701140003;MS2701140003;LATA AL 355ML BAMBOA LAGER;LATA;BAMBOA;GERAL;0,43;61754,879999999997;DEZ;2025;12/2025;
MS;2701140003;MS2701140003;LATA AL 355ML BAMBOA LAGER;LATA;BAMBOA;GERAL;0,43;14530,56;DEZ;2025;12/2025;
MS;2701140018;MS2701140018;LATA AL 350ML MOEMA;LATA;MOEMA;GERAL;0,38;21729,54;DEZ;2025;12/2025;
MS;2701140018;MS2701140018;LATA AL 350ML MOEMA;LATA;MOEMA;GERAL;0,38;71397,06;DEZ;2025;12/2025;
MS;2701140018;MS2701140018;LATA AL 350ML MOEMA;LATA;MOEMA;GERAL;0,38;71397,06;DEZ;2025;12/2025;
MS;2701140039;MS2701140039;LATA AL 269ML MOEMA;LATA;MOEMA;GERAL;0,042;7451,1360000000004;DEZ;2025;12/2025;
MS;2701140018;MS2701140018;LATA AL 350ML MOEMA;LATA;MOEMA;GERAL;0,38;62084,4;DEZ;2025;12/2025;
MS;2701140018;MS2701140018;LATA AL 350ML MOEMA;LATA;MOEMA;GERAL;0,38;52771,74;DEZ;2025;12/2025;
MS;2701140018;MS2701140018;LATA AL 350ML MOEMA;LATA;MOEMA;GERAL;0,38;71397,06;DEZ;2025;12/2025;
MS;2701140018;MS2701140018;LATA AL 350ML MOEMA;LATA;MOEMA;GERAL;0,38;71397,06;DEZ;2025;12/2025;
MS;2701140018;MS2701140018;LATA AL 350ML MOEMA;LATA;MOEMA;GERAL;0,38;71397,06;DEZ;2025;12/2025;
MS;2701140018;MS2701140018;LATA AL 350ML MOEMA;LATA;MOEMA;GERAL;0,38;71397,06;DEZ;2025;12/2025;
MS;2701140018;MS2701140018;LATA AL 350ML MOEMA;LATA;MOEMA;GERAL;0,38;71397,06;JAN;2026;01/2026;
MS;2701140018;MS2701140018;LATA AL 350ML MOEMA;LATA;MOEMA;GERAL;0,38;71397,06;JAN;2026;01/2026;
MS;2701140018;MS2701140018;LATA AL 350ML MOEMA;LATA;MOEMA;GERAL;0,38;71397,06;JAN;2026;01/2026;
MS;2701140018;MS2701140018;LATA AL 350ML MOEMA;LATA;MOEMA;GERAL;0,38;62084,4;JAN;2026;01/2026;
MS;2701140018;MS2701140018;LATA AL 350ML MOEMA;LATA;MOEMA;GERAL;0,38;52771,74;JAN;2026;01/2026;
MS;2701140018;MS2701140018;LATA AL 350ML MOEMA;LATA;MOEMA;GERAL;0,38;71397,06;JAN;2026;01/2026;
MS;2701140018;MS2701140018;LATA AL 350ML MOEMA;LATA;MOEMA;GERAL;0,38;71397,06;JAN;2026;01/2026;
MS;2701140018;MS2701140018;LATA AL 350ML MOEMA;LATA;MOEMA;GERAL;0,38;46563,3;JAN;2026;01/2026;
MS;2701140018;MS2701140018;LATA AL 350ML MOEMA;LATA;MOEMA;GERAL;0,38;52771,74;JAN;2026;01/2026;
MS;2701140018;MS2701140018;LATA AL 350ML MOEMA;LATA;MOEMA;GERAL;0,38;71397,06;JAN;2026;01/2026;
MS;2701140018;MS2701140018;LATA AL 350ML MOEMA;LATA;MOEMA;GERAL;0,38;24833,760000000002;JAN;2026;01/2026;
MS;2701140018;MS2701140018;LATA AL 350ML MOEMA;LATA;MOEMA;GERAL;0,38;62084,4;JAN;2026;01/2026;
MS;2701140018;MS2701140018;LATA AL 350ML MOEMA;LATA;MOEMA;GERAL;0,38;71397,06;JAN;2026;01/2026;
MS;2701140018;MS2701140018;LATA AL 350ML MOEMA;LATA;MOEMA;GERAL;0,38;71397,06;JAN;2026;01/2026;
MS;2701140018;MS2701140018;LATA AL 350ML MOEMA;LATA;MOEMA;GERAL;0,38;68292,84;JAN;2026;01/2026;
MS;2701140018;MS2701140018;LATA AL 350ML MOEMA;LATA;MOEMA;GERAL;0,38;71397,06;JAN;2026;01/2026;
MS;2701140018;MS2701140018;LATA AL 350ML MOEMA;LATA;MOEMA;GERAL;0,38;71397,06;JAN;2026;01/2026;
MS;2701140006;MS2701140006;LATA AL BELA ROMA / 473ML ;LATA;BELLA ROMA;GERAL;0,51;73007,520000000004;JAN;2026;01/2026;
MS;2701140006;MS2701140006;LATA AL BELA ROMA / 473ML ;LATA;BELLA ROMA;GERAL;0,51;63484,800000000003;JAN;2026;01/2026;
MS;2701140018;MS2701140018;LATA AL 350ML MOEMA;LATA;MOEMA;GERAL;0,38;9312,66;JAN;2026;01/2026;
MS;2701140006;MS2701140006;LATA AL BELA ROMA / 473ML ;LATA;BELLA ROMA;GERAL;0,51;73007,520000000004;JAN;2026;01/2026;
MS;2701140018;MS2701140018;LATA AL 350ML MOEMA;LATA;MOEMA;GERAL;0,38;3104,2200000000003;JAN;2026;01/2026;
MS;2701140044;MS2701140044;LATA AL 473ML UVA VERDE E PESSEGO;LATA;FURIOSO;GERAL;0,51;41265,120000000003;JAN;2026;01/2026;
MS;2701140017;MS2701140017;LATA 473ML FURIOSO TROPICAL;LATA;FURIOSO;GERAL;0,51;31742,400000000001;JAN;2026;01/2026;
MS;2701140018;MS2701140018;LATA AL 350ML MOEMA;LATA;MOEMA;GERAL;0,38;3104,2200000000003;JAN;2026;01/2026;
MS;2701140019;MS2701140019;LATA AL 473ML MOEMA;LATA;MOEMA;GERAL;0,51;34916,639999999999;JAN;2026;01/2026;
MS;2701140019;MS2701140019;LATA AL 473ML MOEMA;LATA;MOEMA;GERAL;0,51;53962,080000000002;JAN;2026;01/2026;
MS;2701140019;MS2701140019;LATA AL 473ML MOEMA;LATA;MOEMA;GERAL;0,51;63484,800000000003;JAN;2026;01/2026;
MS;2701140019;MS2701140019;LATA AL 473ML MOEMA;LATA;MOEMA;GERAL;0,51;69833,279999999999;JAN;2026;01/2026;
MS;2701140019;MS2701140019;LATA AL 473ML MOEMA;LATA;MOEMA;GERAL;0,51;38090,879999999997;JAN;2026;01/2026;
MS;2701140019;MS2701140019;LATA AL 473ML MOEMA;LATA;MOEMA;GERAL;0,51;73007,520000000004;JAN;2026;01/2026;
MS;2901140013;MS2901140013;LATA CHOPP DO MARQUES 473ML;LATA;MARQUES;GERAL;0,51;69833,279999999999;JAN;2026;01/2026;
MS;2701140024;MS2701140024;LATA CER MOEMA PILSEN ARGENTINA 473ML                      ;LATA;MOEMA;GERAL;0,5251;75169,1152;JAN;2026;01/2026;
MS;2701140024;MS2701140024;LATA CER MOEMA PILSEN ARGENTINA 473ML                      ;LATA;MOEMA;GERAL;0,5251;3268,2224000000001;JAN;2026;01/2026;
MS;2701140006;MS2701140006;LATA AL BELA ROMA / 473ML ;LATA;BELLA ROMA;GERAL;0,51;73007,520000000004;JAN;2026;01/2026;
MS;2701140006;MS2701140006;LATA AL BELA ROMA / 473ML ;LATA;BELLA ROMA;GERAL;0,51;73007,520000000004;JAN;2026;01/2026;
MS;2701140024;MS2701140024;LATA CER MOEMA PILSEN ARGENTINA 473ML                      ;LATA;MOEMA;GERAL;0,5251;42486,891199999998;JAN;2026;01/2026;
MS;2701140024;MS2701140024;LATA CER MOEMA PILSEN ARGENTINA 473ML                      ;LATA;MOEMA;GERAL;0,5251;65364,448000000004;JAN;2026;01/2026;
MS;2701140003;MS2701140003;LATA AL 355ML BAMBOA LAGER;LATA;BAMBOA;GERAL;0,43;83550,720000000001;JAN;2026;01/2026;
MS;2701140004;MS2701140004;LATA AL 473ML BAMBOA PILSEN;LATA;BAMBOA;GERAL;0,51;12696,960000000001;JAN;2026;01/2026;
MS;2701140018;MS2701140018;LATA AL 350ML MOEMA;LATA;MOEMA;GERAL;0,38;24833,760000000002;JAN;2026;01/2026;
MS;2701140018;MS2701140018;LATA AL 350ML MOEMA;LATA;MOEMA;GERAL;0,38;71397,06;JAN;2026;01/2026;
MS;2701140018;MS2701140018;LATA AL 350ML MOEMA;LATA;MOEMA;GERAL;0,38;71397,06;JAN;2026;01/2026;
MS;2701140018;MS2701140018;LATA AL 350ML MOEMA;LATA;MOEMA;GERAL;0,38;71397,06;JAN;2026;01/2026;
MS;2701140018;MS2701140018;LATA AL 350ML MOEMA;LATA;MOEMA;GERAL;0,38;24833,760000000002;JAN;2026;01/2026;
MS;2701140004;MS2701140004;LATA AL 473ML BAMBOA PILSEN;LATA;BAMBOA;GERAL;0,51;3174,2400000000002;JAN;2026;01/2026;
MS;2701140004;MS2701140004;LATA AL 473ML BAMBOA PILSEN;LATA;BAMBOA;GERAL;0,51;63484,800000000003;JAN;2026;01/2026;
MS;2701140018;MS2701140018;LATA AL 350ML MOEMA;LATA;MOEMA;GERAL;0,38;71397,06;JAN;2026;01/2026;
MS;2701140018;MS2701140018;LATA AL 350ML MOEMA;LATA;MOEMA;GERAL;0,38;71397,06;JAN;2026;01/2026;
MS;2901140013;MS2901140013;LATA CHOPP DO MARQUES 473ML;LATA;MARQUES;GERAL;0,51;3174,2400000000002;FEV;2026;02/2026;
MS;2701140018;MS2701140018;LATA AL 350ML MOEMA;LATA;MOEMA;GERAL;0,38;52771,74;FEV;2026;02/2026;
MS;2701140018;MS2701140018;LATA AL 350ML MOEMA;LATA;MOEMA;GERAL;0,38;62084,4;FEV;2026;02/2026;
MS;2701140018;MS2701140018;LATA AL 350ML MOEMA;LATA;MOEMA;GERAL;0,38;68292,84;FEV;2026;02/2026;
MS;2701140003;MS2701140003;LATA AL 355ML BAMBOA LAGER;LATA;BAMBOA;GERAL;0,43;76285,440000000002;FEV;2026;02/2026;
MS;2701140018;MS2701140018;LATA AL 350ML MOEMA;LATA;MOEMA;GERAL;0,38;6208,4400000000005;FEV;2026;02/2026;
MS;2701140006;MS2701140006;LATA AL BELA ROMA / 473ML ;LATA;BELLA ROMA;GERAL;0,51;73007,520000000004;FEV;2026;02/2026;
MS;2701140026;MS2701140026;LATA AL 473ML FURIOSO;LATA;FURIOSO;GERAL;0,51;73007,520000000004;FEV;2026;02/2026;
MS;2701140044;MS2701140044;LATA AL 473ML UVA VERDE E PESSEGO;LATA;FURIOSO;GERAL;0,51;73007,520000000004;FEV;2026;02/2026;
MS;2701140042;MS2701140042;LATA DE ALUMINIO LISA 473ML;LATA;FURIOSO;GERAL;0,51;38090,879999999997;FEV;2026;02/2026;
MS;2701140026;MS2701140026;LATA AL 473ML FURIOSO;LATA;FURIOSO;GERAL;0,51;73007,520000000004;FEV;2026;02/2026;
MS;2701140027;MS2701140027;LATA AL 473 ML FURIOSO ZERO;LATA;FURIOSO;GERAL;0,51;25393,920000000002;FEV;2026;02/2026;
MS;2701140006;MS2701140006;LATA AL BELA ROMA / 473ML ;LATA;BELLA ROMA;GERAL;0,51;73007,520000000004;FEV;2026;02/2026;
MS;2701140018;MS2701140018;LATA AL 350ML MOEMA;LATA;MOEMA;GERAL;0,38;71397,06;FEV;2026;02/2026;
MS;2701140017;MS2701140017;LATA 473ML FURIOSO TROPICAL;LATA;FURIOSO;GERAL;0,51;41265,120000000003;FEV;2026;02/2026;
MS;2701140017;MS2701140017;LATA 473ML FURIOSO TROPICAL;LATA;FURIOSO;GERAL;0,51;47613,599999999999;FEV;2026;02/2026;
MS;2701140026;MS2701140026;LATA AL 473ML FURIOSO;LATA;FURIOSO;GERAL;0,51;47613,599999999999;FEV;2026;02/2026;
MS;2701140028;MS2701140028;LATA AL 473ML MORANGO E MELANCIA ZERO;LATA;FURIOSO;GERAL;0,51;31742,400000000001;FEV;2026;02/2026;
MS;2701140044;MS2701140044;LATA AL 473ML UVA VERDE E PESSEGO;LATA;FURIOSO;GERAL;0,51;6348,4800000000005;FEV;2026;02/2026;
MS;2701140044;MS2701140044;LATA AL 473ML UVA VERDE E PESSEGO;LATA;FURIOSO;GERAL;0,51;63484,800000000003;FEV;2026;02/2026;
MS;2701140006;MS2701140006;LATA AL BELA ROMA / 473ML ;LATA;BELLA ROMA;GERAL;0,51;3174,2400000000002;FEV;2026;02/2026;
MS;2701140006;MS2701140006;LATA AL BELA ROMA / 473ML ;LATA;BELLA ROMA;GERAL;0,51;73007,520000000004;FEV;2026;02/2026;
MS;2701140006;MS2701140006;LATA AL BELA ROMA / 473ML ;LATA;BELLA ROMA;GERAL;0,51;73007,520000000004;FEV;2026;02/2026;
MS;2701140006;MS2701140006;LATA AL BELA ROMA / 473ML ;LATA;BELLA ROMA;GERAL;0,51;73007,520000000004;FEV;2026;02/2026;
MS;2701140008;MS2701140008;LATA CER DEL PUERTO 269ML;LATA;PUERTO;GERAL;0,042;9313,92;FEV;2026;02/2026;
MS;2701140008;MS2701140008;LATA CER DEL PUERTO 269ML;LATA;PUERTO;GERAL;0,042;7451,1360000000004;FEV;2026;02/2026;
MS;2701140018;MS2701140018;LATA AL 350ML MOEMA;LATA;MOEMA;GERAL;0,38;71397,06;FEV;2026;02/2026;
MS;2701140018;MS2701140018;LATA AL 350ML MOEMA;LATA;MOEMA;GERAL;0,38;71397,06;FEV;2026;02/2026;
MS;2701140003;MS2701140003;LATA AL 355ML BAMBOA LAGER;LATA;BAMBOA;GERAL;0,43;50856,959999999999;FEV;2026;02/2026;
MS;2701140018;MS2701140018;LATA AL 350ML MOEMA;LATA;MOEMA;GERAL;0,38;52771,74;FEV;2026;02/2026;
MS;2701140018;MS2701140018;LATA AL 350ML MOEMA;LATA;MOEMA;GERAL;0,38;62084,4;FEV;2026;02/2026;
MS;2701140018;MS2701140018;LATA AL 350ML MOEMA;LATA;MOEMA;GERAL;0,38;12416,880000000001;FEV;2026;02/2026;
MS;2701140018;MS2701140018;LATA AL 350ML MOEMA;LATA;MOEMA;GERAL;0,38;58980,18;FEV;2026;02/2026;
MS;2701140001;MS2701140001;LATA AL 269ML BAMBOA PILSEN;LATA;BAMBOA;GERAL;0,042;465,69600000000003;FEV;2026;02/2026;
MS;2701140001;MS2701140001;LATA AL 269ML BAMBOA PILSEN;LATA;BAMBOA;GERAL;0,042;3725,5680000000002;FEV;2026;02/2026;
MS;2701140006;MS2701140006;LATA AL BELA ROMA / 473ML ;LATA;BELLA ROMA;GERAL;0,51;73007,520000000004;FEV;2026;02/2026;
MS;2701140018;MS2701140018;LATA AL 350ML MOEMA;LATA;MOEMA;GERAL;0,38;71397,06;FEV;2026;02/2026;
MS;2701140006;MS2701140006;LATA AL BELA ROMA / 473ML ;LATA;BELLA ROMA;GERAL;0,51;73007,520000000004;FEV;2026;02/2026;
MS;2701140018;MS2701140018;LATA AL 350ML MOEMA;LATA;MOEMA;GERAL;0,38;71397,06;FEV;2026;02/2026;
MS;2701140018;MS2701140018;LATA AL 350ML MOEMA;LATA;MOEMA;GERAL;0,38;71397,06;FEV;2026;02/2026;
MS;2701140018;MS2701140018;LATA AL 350ML MOEMA;LATA;MOEMA;GERAL;0,38;71397,06;FEV;2026;02/2026;
MS;2701140016;MS2701140016;LATA 473ML FURIOSO MELAO;LATA;FURIOSO;GERAL;0,51;22219,68;FEV;2026;02/2026;
MS;2701140006;MS2701140006;LATA AL BELA ROMA / 473ML ;LATA;BELLA ROMA;GERAL;0,51;3174,2400000000002;FEV;2026;02/2026;
MS;2701140044;MS2701140044;LATA AL 473ML UVA VERDE E PESSEGO;LATA;FURIOSO;GERAL;0,51;38090,879999999997;FEV;2026;02/2026;
MS;2701140027;MS2701140027;LATA AL 473 ML FURIOSO ZERO;LATA;FURIOSO;GERAL;0,51;28568,16;FEV;2026;02/2026;
MS;2701140018;MS2701140018;LATA AL 350ML MOEMA;LATA;MOEMA;GERAL;0,38;71397,06;FEV;2026;02/2026;
MS;2701140015;MS2701140015;LATA AL 473ML FURIOSO MELANCIA E MORANGO;LATA;FURIOSO;GERAL;0,51;73007,520000000004;FEV;2026;02/2026;
MS;2701140028;MS2701140028;LATA AL 473ML MORANGO E MELANCIA ZERO;LATA;FURIOSO;GERAL;0,51;25393,920000000002;FEV;2026;02/2026;
MS;2701140021;MS2701140021;LATA AL 350ML LARANJA;LATA;REFRIKO;GERAL;0,38;12416,880000000001;MAR;2026;03/2026;
MS;2701140021;MS2701140021;LATA AL 350ML LARANJA;LATA;REFRIKO;GERAL;0,38;18625,32;MAR;2026;03/2026;
MS;2701140031;MS2701140031;LATA AL 473ML TANGERINA E LIMÃO ZERO;LATA;FURIOSO;GERAL;0,51;19045,439999999999;MAR;2026;03/2026;
MS;2701140020;MS2701140020;LATA AL 350ML COLA;LATA;REFRIKO;GERAL;0,38;43459,08;MAR;2026;03/2026;
MS;2701140006;MS2701140006;LATA AL BELA ROMA / 473ML ;LATA;BELLA ROMA;GERAL;0,51;73007,520000000004;MAR;2026;03/2026;
MS;2701140023;MS2701140023;LATA AL 350ML TUBAINA;LATA;REFRIKO;GERAL;0,38;12416,880000000001;MAR;2026;03/2026;
MS;2701140006;MS2701140006;LATA AL BELA ROMA / 473ML ;LATA;BELLA ROMA;GERAL;0,51;38090,879999999997;MAR;2026;03/2026;
MS;2701140018;MS2701140018;LATA AL 350ML MOEMA;LATA;MOEMA;GERAL;0,38;27937,98;MAR;2026;03/2026;
MS;2701140026;MS2701140026;LATA AL 473ML FURIOSO;LATA;FURIOSO;GERAL;0,51;53962,080000000002;MAR;2026;03/2026;
MS;2701140018;MS2701140018;LATA AL 350ML MOEMA;LATA;MOEMA;GERAL;0,38;40354,86;MAR;2026;03/2026;
MS;2701140018;MS2701140018;LATA AL 350ML MOEMA;LATA;MOEMA;GERAL;0,38;71397,06;MAR;2026;03/2026;
MS;2701140018;MS2701140018;LATA AL 350ML MOEMA;LATA;MOEMA;GERAL;0,38;71397,06;MAR;2026;03/2026;
MS;2701140018;MS2701140018;LATA AL 350ML MOEMA;LATA;MOEMA;GERAL;0,38;71397,06;MAR;2026;03/2026;
MS;2701140018;MS2701140018;LATA AL 350ML MOEMA;LATA;MOEMA;GERAL;0,38;71397,06;MAR;2026;03/2026;
MS;2701140024;MS2701140024;LATA CER MOEMA PILSEN ARGENTINA 473ML                      ;LATA;MOEMA;GERAL;0,5251;29414,0016;MAR;2026;03/2026;
MS;2701140024;MS2701140024;LATA CER MOEMA PILSEN ARGENTINA 473ML                      ;LATA;MOEMA;GERAL;0,5251;65364,448000000004;MAR;2026;03/2026;
MS;2901140013;MS2901140013;LATA CHOPP DO MARQUES 473ML;LATA;MARQUES;GERAL;0,51;41265,120000000003;MAR;2026;03/2026;
MS;2701140024;MS2701140024;LATA CER MOEMA PILSEN ARGENTINA 473ML                      ;LATA;MOEMA;GERAL;0,5251;75169,1152;MAR;2026;03/2026;
MS;2701140018;MS2701140018;LATA AL 350ML MOEMA;LATA;MOEMA;GERAL;0,38;31042,2;MAR;2026;03/2026;
MS;2701140006;MS2701140006;LATA AL BELA ROMA / 473ML ;LATA;BELLA ROMA;GERAL;0,51;25393,920000000002;MAR;2026;03/2026;
MS;2701140003;MS2701140003;LATA AL 355ML BAMBOA LAGER;LATA;BAMBOA;GERAL;0,43;83550,720000000001;MAR;2026;03/2026;
MS;2701140003;MS2701140003;LATA AL 355ML BAMBOA LAGER;LATA;BAMBOA;GERAL;0,43;83550,720000000001;MAR;2026;03/2026;
MS;2701140039;MS2701140039;LATA AL 269ML MOEMA;LATA;MOEMA;GERAL;0,042;4191,2640000000001;MAR;2026;03/2026;
MS;2701140039;MS2701140039;LATA AL 269ML MOEMA;LATA;MOEMA;GERAL;0,042;3725,5680000000002;MAR;2026;03/2026;
MS;2701140006;MS2701140006;LATA AL BELA ROMA / 473ML ;LATA;BELLA ROMA;GERAL;0,51;79356;MAR;2026;03/2026;
MS;2701140006;MS2701140006;LATA AL BELA ROMA / 473ML ;LATA;BELLA ROMA;GERAL;0,51;79356;MAR;2026;03/2026;
MS;2701140001;MS2701140001;LATA AL 269ML BAMBOA PILSEN;LATA;BAMBOA;GERAL;0,042;2794,1760000000004;MAR;2026;03/2026;
MS;2701140006;MS2701140006;LATA AL BELA ROMA / 473ML ;LATA;BELLA ROMA;GERAL;0,51;73007,520000000004;MAR;2026;03/2026;
MS;2701140018;MS2701140018;LATA AL 350ML MOEMA;LATA;MOEMA;GERAL;0,38;62084,4;MAR;2026;03/2026;
MS;2701140018;MS2701140018;LATA AL 350ML MOEMA;LATA;MOEMA;GERAL;0,38;27937,98;MAR;2026;03/2026;
MS;2701140018;MS2701140018;LATA AL 350ML MOEMA;LATA;MOEMA;GERAL;0,38;71397,06;MAR;2026;03/2026;
MS;2701140025;MS2701140025;LATA AL 350ML GUARANA;LATA;REFRIKO;GERAL;0,38;24833,760000000002;MAR;2026;03/2026;
MS;2701140018;MS2701140018;LATA AL 350ML MOEMA;LATA;MOEMA;GERAL;0,38;37250,639999999999;MAR;2026;03/2026;
MS;2701140006;MS2701140006;LATA AL BELA ROMA / 473ML ;LATA;BELLA ROMA;GERAL;0,51;34916,639999999999;MAR;2026;03/2026;
MS;2701140018;MS2701140018;LATA AL 350ML MOEMA;LATA;MOEMA;GERAL;0,38;71397,06;MAR;2026;03/2026;
MS;2701140018;MS2701140018;LATA AL 350ML MOEMA;LATA;MOEMA;GERAL;0,38;71397,06;MAR;2026;03/2026;
MS;2701140018;MS2701140018;LATA AL 350ML MOEMA;LATA;MOEMA;GERAL;0,38;71397,06;MAR;2026;03/2026;
MS;2701140006;MS2701140006;LATA AL BELA ROMA / 473ML ;LATA;BELLA ROMA;GERAL;0,51;63484,800000000003;MAR;2026;03/2026;
MS;2701140006;MS2701140006;LATA AL BELA ROMA / 473ML ;LATA;BELLA ROMA;GERAL;0,51;73007,520000000004;MAR;2026;03/2026;
MS;2701140006;MS2701140006;LATA AL BELA ROMA / 473ML ;LATA;BELLA ROMA;GERAL;0,51;53962,080000000002;MAR;2026;03/2026;
MS;2701140027;MS2701140027;LATA AL 473 ML FURIOSO ZERO;LATA;FURIOSO;GERAL;0,51;19045,439999999999;MAR;2026;03/2026;
MS;2701140031;MS2701140031;LATA AL 473ML TANGERINA E LIMÃO ZERO;LATA;FURIOSO;GERAL;0,51;28568,16;MAR;2026;03/2026;
MS;2701140006;MS2701140006;LATA AL BELA ROMA / 473ML ;LATA;BELLA ROMA;GERAL;0,51;73007,520000000004;MAR;2026;03/2026;
MS;2701140044;MS2701140044;LATA AL 473ML UVA VERDE E PESSEGO;LATA;FURIOSO;GERAL;0,51;25393,920000000002;MAR;2026;03/2026;
MS;2701140026;MS2701140026;LATA AL 473ML FURIOSO;LATA;FURIOSO;GERAL;0,51;73007,520000000004;MAR;2026;03/2026;
MS;2701140026;MS2701140026;LATA AL 473ML FURIOSO;LATA;FURIOSO;GERAL;0,51;73007,520000000004;MAR;2026;03/2026;
MS;2701140018;MS2701140018;LATA AL 350ML MOEMA;LATA;MOEMA;GERAL;0,38;62084,4;MAR;2026;03/2026;
MS;2701140018;MS2701140018;LATA AL 350ML MOEMA;LATA;MOEMA;GERAL;0,38;71397,06;MAR;2026;03/2026;
MS;2701140018;MS2701140018;LATA AL 350ML MOEMA;LATA;MOEMA;GERAL;0,38;9312,66;MAR;2026;03/2026;
MS;2701140018;MS2701140018;LATA AL 350ML MOEMA;LATA;MOEMA;GERAL;0,38;34146,42;MAR;2026;03/2026;
MS;2701140018;MS2701140018;LATA AL 350ML MOEMA;LATA;MOEMA;GERAL;0,38;71397,06;MAR;2026;03/2026;
MS;2701140030;MS2701140030;LATA AL 350ML UVA DQI1%;LATA;REFRIKO;GERAL;0,38;9312,66;MAR;2026;03/2026;
MS;2701140018;MS2701140018;LATA AL 350ML MOEMA;LATA;MOEMA;GERAL;0,38;37250,639999999999;MAR;2026;03/2026;
MS;2701140018;MS2701140018;LATA AL 350ML MOEMA;LATA;MOEMA;GERAL;0,38;34146,42;MAR;2026;03/2026;
MS;2701140018;MS2701140018;LATA AL 350ML MOEMA;LATA;MOEMA;GERAL;0,38;71397,06;MAR;2026;03/2026;
MS;2701140018;MS2701140018;LATA AL 350ML MOEMA;LATA;MOEMA;GERAL;0,38;71397,06;ABR;2026;04/2026;
MS;2901140013;MS2901140013;LATA CHOPP DO MARQUES 473ML;LATA;MARQUES;GERAL;0,51;31742,400000000001;ABR;2026;04/2026;
MS;2701140018;MS2701140018;LATA AL 350ML MOEMA;LATA;MOEMA;GERAL;0,38;40354,86;ABR;2026;04/2026;
MS;2701140006;MS2701140006;LATA AL BELA ROMA / 473ML ;LATA;BELLA ROMA;GERAL;0,51;53962,080000000002;ABR;2026;04/2026;
MS;2701140006;MS2701140006;LATA AL BELA ROMA / 473ML ;LATA;BELLA ROMA;GERAL;0,51;63484,800000000003;ABR;2026;04/2026;
MS;2701140003;MS2701140003;LATA AL 355ML BAMBOA LAGER;LATA;BAMBOA;GERAL;0,43;83550,720000000001;ABR;2026;04/2026;
MS;2701140018;MS2701140018;LATA AL 350ML MOEMA;LATA;MOEMA;GERAL;0,38;71397,06;ABR;2026;04/2026;
MS;2701140003;MS2701140003;LATA AL 355ML BAMBOA LAGER;LATA;BAMBOA;GERAL;0,43;69020,160000000003;ABR;2026;04/2026;
MS;2701140006;MS2701140006;LATA AL BELA ROMA / 473ML ;LATA;BELLA ROMA;GERAL;0,51;12696,960000000001;ABR;2026;04/2026;
MS;2701140018;MS2701140018;LATA AL 350ML MOEMA;LATA;MOEMA;GERAL;0,38;37250,639999999999;ABR;2026;04/2026;
MS;2701140020;MS2701140020;LATA AL 350ML COLA;LATA;REFRIKO;GERAL;0,38;9312,66;ABR;2026;04/2026;
MS;2701140020;MS2701140020;LATA AL 350ML COLA;LATA;REFRIKO;GERAL;0,38;62084,4;ABR;2026;04/2026;
MS;2701140018;MS2701140018;LATA AL 350ML MOEMA;LATA;MOEMA;GERAL;0,38;15521,1;ABR;2026;04/2026;
MS;2701140025;MS2701140025;LATA AL 350ML GUARANA;LATA;REFRIKO;GERAL;0,38;43459,08;ABR;2026;04/2026;
MS;2701140023;MS2701140023;LATA AL 350ML TUBAINA;LATA;REFRIKO;GERAL;0,38;12416,880000000001;ABR;2026;04/2026;
MS;2701140018;MS2701140018;LATA AL 350ML MOEMA;LATA;MOEMA;GERAL;0,38;71397,06;ABR;2026;04/2026;
MS;2701140018;MS2701140018;LATA AL 350ML MOEMA;LATA;MOEMA;GERAL;0,38;71397,06;ABR;2026;04/2026;
MS;2701140017;MS2701140017;LATA 473ML FURIOSO TROPICAL;LATA;FURIOSO;GERAL;0,51;34916,639999999999;ABR;2026;04/2026;
MS;2701140016;MS2701140016;LATA 473ML FURIOSO MELAO;LATA;FURIOSO;GERAL;0,51;38090,879999999997;ABR;2026;04/2026;
MS;2701140018;MS2701140018;LATA AL 350ML MOEMA;LATA;MOEMA;GERAL;0,38;62084,4;ABR;2026;04/2026;
MS;2701140018;MS2701140018;LATA AL 350ML MOEMA;LATA;MOEMA;GERAL;0,38;52771,74;ABR;2026;04/2026;
MS;2701140018;MS2701140018;LATA AL 350ML MOEMA;LATA;MOEMA;GERAL;0,38;71397,06;ABR;2026;04/2026;
MS;2701140006;MS2701140006;LATA AL BELA ROMA / 473ML ;LATA;BELLA ROMA;GERAL;0,51;73007,520000000004;ABR;2026;04/2026;
MS;2701140018;MS2701140018;LATA AL 350ML MOEMA;LATA;MOEMA;GERAL;0,38;71397,06;ABR;2026;04/2026;
MS;2701140018;MS2701140018;LATA AL 350ML MOEMA;LATA;MOEMA;GERAL;0,38;71397,06;ABR;2026;04/2026;
MS;2701140006;MS2701140006;LATA AL BELA ROMA / 473ML ;LATA;BELLA ROMA;GERAL;0,51;53962,080000000002;ABR;2026;04/2026;
MS;2701140026;MS2701140026;LATA AL 473ML FURIOSO;LATA;FURIOSO;GERAL;0,51;50787,840000000004;ABR;2026;04/2026;
MS;2701140006;MS2701140006;LATA AL BELA ROMA / 473ML ;LATA;BELLA ROMA;GERAL;0,51;73007,520000000004;ABR;2026;04/2026;
MS;2701140006;MS2701140006;LATA AL BELA ROMA / 473ML ;LATA;BELLA ROMA;GERAL;0,51;63484,800000000003;ABR;2026;04/2026;
MS;2701140026;MS2701140026;LATA AL 473ML FURIOSO;LATA;FURIOSO;GERAL;0,51;73007,520000000004;ABR;2026;04/2026;
MS;2701140027;MS2701140027;LATA AL 473 ML FURIOSO ZERO;LATA;FURIOSO;GERAL;0,51;22219,68;ABR;2026;04/2026;
MS;2701140044;MS2701140044;LATA AL 473ML UVA VERDE E PESSEGO;LATA;FURIOSO;GERAL;0,51;28568,16;ABR;2026;04/2026;
MS;2701140024;MS2701140024;LATA CER MOEMA PILSEN ARGENTINA 473ML                      ;LATA;MOEMA;GERAL;0,5251;45755,113600000004;ABR;2026;04/2026;
MS;2701140018;MS2701140018;LATA AL 350ML MOEMA;LATA;MOEMA;GERAL;0,38;71397,06;ABR;2026;04/2026;
MS;2701140018;MS2701140018;LATA AL 350ML MOEMA;LATA;MOEMA;GERAL;0,38;71397,06;ABR;2026;04/2026;
MS;2701140024;MS2701140024;LATA CER MOEMA PILSEN ARGENTINA 473ML                      ;LATA;MOEMA;GERAL;0,5251;65364,448000000004;ABR;2026;04/2026;
MS;2701140024;MS2701140024;LATA CER MOEMA PILSEN ARGENTINA 473ML                      ;LATA;MOEMA;GERAL;0,5251;55559,7808;ABR;2026;04/2026;
MS;2701140018;MS2701140018;LATA AL 350ML MOEMA;LATA;MOEMA;GERAL;0,38;71397,06;ABR;2026;04/2026;
MS;2701140018;MS2701140018;LATA AL 350ML MOEMA;LATA;MOEMA;GERAL;0,38;71397,06;ABR;2026;04/2026;
MS;2701140018;MS2701140018;LATA AL 350ML MOEMA;LATA;MOEMA;GERAL;0,38;71397,06;ABR;2026;04/2026;
MS;2701140018;MS2701140018;LATA AL 350ML MOEMA;LATA;MOEMA;GERAL;0,38;71397,06;ABR;2026;04/2026;
MS;2701140018;MS2701140018;LATA AL 350ML MOEMA;LATA;MOEMA;GERAL;0,38;71397,06;ABR;2026;04/2026;
MS;2701140018;MS2701140018;LATA AL 350ML MOEMA;LATA;MOEMA;GERAL;0,38;52771,74;ABR;2026;04/2026;
MS;2701140018;MS2701140018;LATA AL 350ML MOEMA;LATA;MOEMA;GERAL;0,38;62084,4;ABR;2026;04/2026;
MS;2701140025;MS2701140025;LATA AL 350ML GUARANA;LATA;REFRIKO;GERAL;0,38;12416,880000000001;MAI;2026;05/2026;
MS;2701140023;MS2701140023;LATA AL 350ML TUBAINA;LATA;REFRIKO;GERAL;0,38;24833,760000000002;MAI;2026;05/2026;
MS;2701140020;MS2701140020;LATA AL 350ML COLA;LATA;REFRIKO;GERAL;0,38;49667,520000000004;MAI;2026;05/2026;
MS;2701140018;MS2701140018;LATA AL 350ML MOEMA;LATA;MOEMA;GERAL;0,38;71397,06;MAI;2026;05/2026;
MS;2701140018;MS2701140018;LATA AL 350ML MOEMA;LATA;MOEMA;GERAL;0,38;9312,66;MAI;2026;05/2026;
MS;2701140018;MS2701140018;LATA AL 350ML MOEMA;LATA;MOEMA;GERAL;0,38;71397,06;MAI;2026;05/2026;
MS;2701140006;MS2701140006;LATA AL BELA ROMA / 473ML ;LATA;BELLA ROMA;GERAL;0,51;73007,520000000004;MAI;2026;05/2026;
MS;2701140030;MS2701140030;LATA AL 350ML UVA DQI1%;LATA;REFRIKO;GERAL;0,38;24833,760000000002;MAI;2026;05/2026;
MS;2701140021;MS2701140021;LATA AL 350ML LARANJA;LATA;REFRIKO;GERAL;0,38;21729,54;MAI;2026;05/2026;
MS;2701140006;MS2701140006;LATA AL BELA ROMA / 473ML ;LATA;BELLA ROMA;GERAL;0,51;79356;MAI;2026;05/2026;
MS;2701140006;MS2701140006;LATA AL BELA ROMA / 473ML ;LATA;BELLA ROMA;GERAL;0,51;79356;MAI;2026;05/2026;
MS;2701140019;MS2701140019;LATA AL 473ML MOEMA;LATA;MOEMA;GERAL;0,51;12696,960000000001;MAI;2026;05/2026;
MS;2701140018;MS2701140018;LATA AL 350ML MOEMA;LATA;MOEMA;GERAL;0,38;77605,5;MAI;2026;05/2026;
MS;2701140018;MS2701140018;LATA AL 350ML MOEMA;LATA;MOEMA;GERAL;0,38;65188,62;MAI;2026;05/2026;
MS;2701140039;MS2701140039;LATA AL 269ML MOEMA;LATA;MOEMA;GERAL;0,042;3259,8720000000003;MAI;2026;05/2026;
MS;2701140006;MS2701140006;LATA AL BELA ROMA / 473ML ;LATA;BELLA ROMA;GERAL;0,51;31742,400000000001;MAI;2026;05/2026;
MS;2701140018;MS2701140018;LATA AL 350ML MOEMA;LATA;MOEMA;GERAL;0,38;71397,06;MAI;2026;05/2026;
MS;2701140018;MS2701140018;LATA AL 350ML MOEMA;LATA;MOEMA;GERAL;0,38;71397,06;MAI;2026;05/2026;
MS;2701140006;MS2701140006;LATA AL BELA ROMA / 473ML ;LATA;BELLA ROMA;GERAL;0,51;63484,800000000003;MAI;2026;05/2026;
MS;2701140015;MS2701140015;LATA AL 473ML FURIOSO MELANCIA E MORANGO;LATA;FURIOSO;GERAL;0,51;22219,68;MAI;2026;05/2026;
MS;2701140044;MS2701140044;LATA AL 473ML UVA VERDE E PESSEGO;LATA;FURIOSO;GERAL;0,51;28568,16;MAI;2026;05/2026;
MS;2701140016;MS2701140016;LATA 473ML FURIOSO MELAO;LATA;FURIOSO;GERAL;0,51;22219,68;MAI;2026;05/2026;
MS;2701140018;MS2701140018;LATA AL 350ML MOEMA;LATA;MOEMA;GERAL;0,38;62084,4;MAI;2026;05/2026;
MS;2701140018;MS2701140018;LATA AL 350ML MOEMA;LATA;MOEMA;GERAL;0,38;52771,74;MAI;2026;05/2026;
MS;2701140018;MS2701140018;LATA AL 350ML MOEMA;LATA;MOEMA;GERAL;0,38;71397,06;MAI;2026;05/2026;
MS;2701140028;MS2701140028;LATA AL 473ML MORANGO E MELANCIA ZERO;LATA;FURIOSO;GERAL;0,51;15871,2;MAI;2026;05/2026;
MS;2701140026;MS2701140026;LATA AL 473ML FURIOSO;LATA;FURIOSO;GERAL;0,51;57136,32;MAI;2026;05/2026;
MS;2701140019;MS2701140019;LATA AL 473ML MOEMA;LATA;MOEMA;GERAL;0,51;73007,520000000004;MAI;2026;05/2026;
MS;2701140018;MS2701140018;LATA AL 350ML MOEMA;LATA;MOEMA;GERAL;0,38;71397,06;MAI;2026;05/2026;
MS;2701140018;MS2701140018;LATA AL 350ML MOEMA;LATA;MOEMA;GERAL;0,38;71397,06;MAI;2026;05/2026;
MS;2701140031;MS2701140031;LATA AL 473ML TANGERINA E LIMÃO ZERO;LATA;FURIOSO;GERAL;0,51;15871,2;MAI;2026;05/2026;
MS;2701140018;MS2701140018;LATA AL 350ML MOEMA;LATA;MOEMA;GERAL;0,38;52771,74;MAI;2026;05/2026;
MS;2701140018;MS2701140018;LATA AL 350ML MOEMA;LATA;MOEMA;GERAL;0,38;62084,4;MAI;2026;05/2026;
MS;2701140018;MS2701140018;LATA AL 350ML MOEMA;LATA;MOEMA;GERAL;0,38;71397,06;MAI;2026;05/2026;
MS;2701140031;MS2701140031;LATA AL 473ML TANGERINA E LIMÃO ZERO;LATA;FURIOSO;GERAL;0,51;57136,32;MAI;2026;05/2026;
MS;2701140018;MS2701140018;LATA AL 350ML MOEMA;LATA;MOEMA;GERAL;0,38;71397,06;MAI;2026;05/2026;
MS;2701140018;MS2701140018;LATA AL 350ML MOEMA;LATA;MOEMA;GERAL;0,38;71397,06;MAI;2026;05/2026;
MS;2701140018;MS2701140018;LATA AL 350ML MOEMA;LATA;MOEMA;GERAL;0,38;71397,06;MAI;2026;05/2026;
MS;2701140018;MS2701140018;LATA AL 350ML MOEMA;LATA;MOEMA;GERAL;0,38;52771,74;MAI;2026;05/2026;
MS;2701140018;MS2701140018;LATA AL 350ML MOEMA;LATA;MOEMA;GERAL;0,38;62084,4;MAI;2026;05/2026;
MS;2701140018;MS2701140018;LATA AL 350ML MOEMA;LATA;MOEMA;GERAL;0,38;71397,06;MAI;2026;05/2026;
MS;2701140018;MS2701140018;LATA AL 350ML MOEMA;LATA;MOEMA;GERAL;0,38;71397,06;MAI;2026;05/2026;
MS;2701140018;MS2701140018;LATA AL 350ML MOEMA;LATA;MOEMA;GERAL;0,38;71397,06;MAI;2026;05/2026;
MS;2701140006;MS2701140006;LATA AL BELA ROMA / 473ML ;LATA;BELLA ROMA;GERAL;0,51;31742,400000000001;MAI;2026;05/2026;
MS;2701140019;MS2701140019;LATA AL 473ML MOEMA;LATA;MOEMA;GERAL;0,51;22219,68;MAI;2026;05/2026;
MS;2701140019;MS2701140019;LATA AL 473ML MOEMA;LATA;MOEMA;GERAL;0,51;63484,800000000003;MAI;2026;05/2026;
MS;2701140006;MS2701140006;LATA AL BELA ROMA / 473ML ;LATA;BELLA ROMA;GERAL;0,51;73007,520000000004;MAI;2026;05/2026;
MS;2701140006;MS2701140006;LATA AL BELA ROMA / 473ML ;LATA;BELLA ROMA;GERAL;0,51;73007,520000000004;MAI;2026;05/2026;
MS;2701140018;MS2701140018;LATA AL 350ML MOEMA;LATA;MOEMA;GERAL;0,38;62084,4;MAI;2026;05/2026;
MS;2701140018;MS2701140018;LATA AL 350ML MOEMA;LATA;MOEMA;GERAL;0,38;52771,74;MAI;2026;05/2026;
MS;2701140018;MS2701140018;LATA AL 350ML MOEMA;LATA;MOEMA;GERAL;0,38;71397,06;MAI;2026;05/2026;
MS;2701140018;MS2701140018;LATA AL 350ML MOEMA;LATA;MOEMA;GERAL;0,38;71397,06;MAI;2026;05/2026;
MS;2701140018;MS2701140018;LATA AL 350ML MOEMA;LATA;MOEMA;GERAL;0,38;71397,06;MAI;2026;05/2026;
MS;2701140018;MS2701140018;LATA AL 350ML MOEMA;LATA;MOEMA;GERAL;0,38;21729,54;MAI;2026;05/2026;
MS;2701140039;MS2701140039;LATA AL 269ML MOEMA;LATA;MOEMA;GERAL;0,042;6985,4400000000005;MAI;2026;05/2026;
MS;2701140003;MS2701140003;LATA AL 355ML BAMBOA LAGER;LATA;BAMBOA;GERAL;0,43;58122,239999999998;MAI;2026;05/2026;
MS;2701140037;MS2701140037;LATA AL 269ML FURIOSO TROPICAL;LATA;FURIOSO;GERAL;0,042;1397,0880000000002;MAI;2026;05/2026;
MS;2701140034;MS2701140034;LATA 269ML FURIOSO MELANCIA ZERO;LATA;FURIOSO;GERAL;0,042;3259,8720000000003;MAI;2026;05/2026;
MS;2701140005;MS2701140005;LATA AL BELA ROMA / 265ML;LATA;BELLA ROMA;GERAL;0,042;3725,5680000000002;MAI;2026;05/2026;
MS;2701140001;MS2701140001;LATA AL 269ML BAMBOA PILSEN;LATA;BAMBOA;GERAL;0,042;2328,48;MAI;2026;05/2026;
MS;2701140035;MS2701140035;LATA AL 269ML FURIOSO;LATA;FURIOSO;GERAL;0,042;931,39200000000005;MAI;2026;05/2026;
MS;2701140036;MS2701140036;LATA AL 269ML FURIOSO ZERO;LATA;FURIOSO;GERAL;0,042;2794,1760000000004;MAI;2026;05/2026;
MS;2701140018;MS2701140018;LATA AL 350ML MOEMA;LATA;MOEMA;GERAL;0,38;71397,06;JUN;2026;06/2026;
MS;2701140018;MS2701140018;LATA AL 350ML MOEMA;LATA;MOEMA;GERAL;0,38;71397,06;JUN;2026;06/2026;
MS;2701140018;MS2701140018;LATA AL 350ML MOEMA;LATA;MOEMA;GERAL;0,38;71397,06;JUN;2026;06/2026;
MS;2701140018;MS2701140018;LATA AL 350ML MOEMA;LATA;MOEMA;GERAL;0,38;71397,06;JUN;2026;06/2026;
MS;2701140018;MS2701140018;LATA AL 350ML MOEMA;LATA;MOEMA;GERAL;0,38;77605,5;JUN;2026;06/2026;
MS;2701140018;MS2701140018;LATA AL 350ML MOEMA;LATA;MOEMA;GERAL;0,38;71397,06;JUN;2026;06/2026;
MS;2701140018;MS2701140018;LATA AL 350ML MOEMA;LATA;MOEMA;GERAL;0,38;52771,74;JUN;2026;06/2026;
MS;2701140018;MS2701140018;LATA AL 350ML MOEMA;LATA;MOEMA;GERAL;0,38;71397,06;JUN;2026;06/2026;
MS;2701140018;MS2701140018;LATA AL 350ML MOEMA;LATA;MOEMA;GERAL;0,38;71397,06;JUN;2026;06/2026;
MS;2701140018;MS2701140018;LATA AL 350ML MOEMA;LATA;MOEMA;GERAL;0,38;62084,4;JUN;2026;06/2026;
MS;2701140018;MS2701140018;LATA AL 350ML MOEMA;LATA;MOEMA;GERAL;0,38;71397,06;JUN;2026;06/2026;
MS;2701140018;MS2701140018;LATA AL 350ML MOEMA;LATA;MOEMA;GERAL;0,38;71397,06;JUN;2026;06/2026;
MS;2701140018;MS2701140018;LATA AL 350ML MOEMA;LATA;MOEMA;GERAL;0,38;77605,5;JUN;2026;06/2026;
MS;2701140018;MS2701140018;LATA AL 350ML MOEMA;LATA;MOEMA;GERAL;0,38;77605,5;JUN;2026;06/2026;
MS;2701140020;MS2701140020;LATA AL 350ML COLA;LATA;REFRIKO;GERAL;0,38;71397,06;JUN;2026;06/2026;
MS;2701140006;MS2701140006;LATA AL BELA ROMA / 473ML ;LATA;BELLA ROMA;GERAL;0,51;73007,520000000004;JUN;2026;06/2026;
MS;2701140018;MS2701140018;LATA AL 350ML MOEMA;LATA;MOEMA;GERAL;0,38;71397,06;JUN;2026;06/2026;
MS;2701140030;MS2701140030;LATA AL 350ML UVA DQI1%;LATA;REFRIKO;GERAL;0,38;15521,1;JUN;2026;06/2026;
MS;2701140021;MS2701140021;LATA AL 350ML LARANJA;LATA;REFRIKO;GERAL;0,38;15521,1;JUN;2026;06/2026;
MS;2701140025;MS2701140025;LATA AL 350ML GUARANA;LATA;REFRIKO;GERAL;0,38;9312,66;JUN;2026;06/2026;
MS;2701140025;MS2701140025;LATA AL 350ML GUARANA;LATA;REFRIKO;GERAL;0,38;62084,4;JUN;2026;06/2026;
MS;2701140006;MS2701140006;LATA AL BELA ROMA / 473ML ;LATA;BELLA ROMA;GERAL;0,51;12696,960000000001;JUN;2026;06/2026;
MS;2701140006;MS2701140006;LATA AL BELA ROMA / 473ML ;LATA;BELLA ROMA;GERAL;0,51;73007,520000000004;JUN;2026;06/2026;
MS;2701140018;MS2701140018;LATA AL 350ML MOEMA;LATA;MOEMA;GERAL;0,38;77605,5;JUN;2026;06/2026;
MS;2701140018;MS2701140018;LATA AL 350ML MOEMA;LATA;MOEMA;GERAL;0,38;77605,5;JUN;2026;06/2026;
MS;2701140024;MS2701140024;LATA CER MOEMA PILSEN ARGENTINA 473ML                      ;LATA;MOEMA;GERAL;0,5251;75169,1152;JUN;2026;06/2026;
MS;2701140024;MS2701140024;LATA CER MOEMA PILSEN ARGENTINA 473ML                      ;LATA;MOEMA;GERAL;0,5251;75169,1152;JUN;2026;06/2026;
MS;2701140015;MS2701140015;LATA AL 473ML FURIOSO MELANCIA E MORANGO;LATA;FURIOSO;GERAL;0,51;38090,879999999997;JUN;2026;06/2026;
MS;2701140026;MS2701140026;LATA AL 473ML FURIOSO;LATA;FURIOSO;GERAL;0,51;44439,360000000001;JUN;2026;06/2026;
MS;2701140016;MS2701140016;LATA 473ML FURIOSO MELAO;LATA;FURIOSO;GERAL;0,51;25393,920000000002;JUN;2026;06/2026;
MS;2701140016;MS2701140016;LATA 473ML FURIOSO MELAO;LATA;FURIOSO;GERAL;0,51;9522,7199999999993;JUN;2026;06/2026;
MS;2701140006;MS2701140006;LATA AL BELA ROMA / 473ML ;LATA;BELLA ROMA;GERAL;0,51;73007,520000000004;JUN;2026;06/2026;
MS;2701140006;MS2701140006;LATA AL BELA ROMA / 473ML ;LATA;BELLA ROMA;GERAL;0,51;73007,520000000004;JUN;2026;06/2026;
MS;2701140006;MS2701140006;LATA AL BELA ROMA / 473ML ;LATA;BELLA ROMA;GERAL;0,51;15871,2;JUN;2026;06/2026;
MS;2701140018;MS2701140018;LATA AL 350ML MOEMA;LATA;MOEMA;GERAL;0,38;77605,5;JUN;2026;06/2026;
MS;2701140018;MS2701140018;LATA AL 350ML MOEMA;LATA;MOEMA;GERAL;0,38;77605,5;JUN;2026;06/2026;
MS;2701140018;MS2701140018;LATA AL 350ML MOEMA;LATA;MOEMA;GERAL;0,38;77605,5;JUN;2026;06/2026;
MS;2701140018;MS2701140018;LATA AL 350ML MOEMA;LATA;MOEMA;GERAL;0,38;77605,5;JUN;2026;06/2026;
MS;2701140044;MS2701140044;LATA AL 473ML UVA VERDE E PESSEGO;LATA;FURIOSO;GERAL;0,51;28568,16;JUN;2026;06/2026;
MS;2701140031;MS2701140031;LATA AL 473ML TANGERINA E LIMÃO ZERO;LATA;FURIOSO;GERAL;0,51;44439,360000000001;JUN;2026;06/2026;
MS;2701140015;MS2701140015;LATA AL 473ML FURIOSO MELANCIA E MORANGO;LATA;FURIOSO;GERAL;0,51;25393,920000000002;JUN;2026;06/2026;
MS;2701140027;MS2701140027;LATA AL 473 ML FURIOSO ZERO;LATA;FURIOSO;GERAL;0,51;3174,2400000000002;JUN;2026;06/2026;
MS;2701140027;MS2701140027;LATA AL 473 ML FURIOSO ZERO;LATA;FURIOSO;GERAL;0,51;34916,639999999999;JUN;2026;06/2026;
MS;2701140028;MS2701140028;LATA AL 473ML MORANGO E MELANCIA ZERO;LATA;FURIOSO;GERAL;0,51;22219,68;JUN;2026;06/2026;
MS;2701140028;MS2701140028;LATA AL 473ML MORANGO E MELANCIA ZERO;LATA;FURIOSO;GERAL;0,51;22219,68;JUN;2026;06/2026;
MS;2701140016;MS2701140016;LATA 473ML FURIOSO MELAO;LATA;FURIOSO;GERAL;0,51;22219,68;JUN;2026;06/2026;
MS;2701140018;MS2701140018;LATA AL 350ML MOEMA;LATA;MOEMA;GERAL;0,38;77605,5;JUN;2026;06/2026;
MS;2701140018;MS2701140018;LATA AL 350ML MOEMA;LATA;MOEMA;GERAL;0,38;77605,5;JUN;2026;06/2026;
MS;2701140018;MS2701140018;LATA AL 350ML MOEMA;LATA;MOEMA;GERAL;0,38;77605,5;JUN;2026;06/2026;
MS;2701140018;MS2701140018;LATA AL 350ML MOEMA;LATA;MOEMA;GERAL;0,38;52771,74;JUN;2026;06/2026;
MS;2701140018;MS2701140018;LATA AL 350ML MOEMA;LATA;MOEMA;GERAL;0,38;62084,4;JUN;2026;06/2026;
MS;2701140018;MS2701140018;LATA AL 350ML MOEMA;LATA;MOEMA;GERAL;0,38;77605,5;JUN;2026;06/2026;
MS;2701140018;MS2701140018;LATA AL 350ML MOEMA;LATA;MOEMA;GERAL;0,38;77605,5;JUN;2026;06/2026;
MS;2701140018;MS2701140018;LATA AL 350ML MOEMA;LATA;MOEMA;GERAL;0,38;77605,5;JUN;2026;06/2026;
MS;2701140006;MS2701140006;LATA AL BELA ROMA / 473ML ;LATA;BELLA ROMA;GERAL;0,51;73007,520000000004;JUN;2026;06/2026;
MS;2701140006;MS2701140006;LATA AL BELA ROMA / 473ML ;LATA;BELLA ROMA;GERAL;0,51;19045,439999999999;JUN;2026;06/2026;
MS;2701140019;MS2701140019;LATA AL 473ML MOEMA;LATA;MOEMA;GERAL;0,51;53962,080000000002;JUN;2026;06/2026;
MS;2701140019;MS2701140019;LATA AL 473ML MOEMA;LATA;MOEMA;GERAL;0,51;73007,520000000004;JUN;2026;06/2026;
MS;2701140018;MS2701140018;LATA AL 350ML MOEMA;LATA;MOEMA;GERAL;0,38;71397,06;JUN;2026;06/2026;
MS;2701140018;MS2701140018;LATA AL 350ML MOEMA;LATA;MOEMA;GERAL;0,38;71397,06;JUN;2026;06/2026;
MS;2701140018;MS2701140018;LATA AL 350ML MOEMA;LATA;MOEMA;GERAL;0,38;71397,06;JUN;2026;06/2026;
MS;2701140018;MS2701140018;LATA AL 350ML MOEMA;LATA;MOEMA;GERAL;0,38;52771,74;JUN;2026;06/2026;
MS;2701140018;MS2701140018;LATA AL 350ML MOEMA;LATA;MOEMA;GERAL;0,38;62084,4;JUN;2026;06/2026;
MS;2701140018;MS2701140018;LATA AL 350ML MOEMA;LATA;MOEMA;GERAL;0,38;71397,06;JUN;2026;06/2026;
MS;2701140018;MS2701140018;LATA AL 350ML MOEMA;LATA;MOEMA;GERAL;0,38;77605,5;JUL;2026;07/2026;
MS;2701140018;MS2701140018;LATA AL 350ML MOEMA;LATA;MOEMA;GERAL;0,38;77605,5;JUL;2026;07/2026;
MS;2701140018;MS2701140018;LATA AL 350ML MOEMA;LATA;MOEMA;GERAL;0,38;77605,5;JUL;2026;07/2026;
MS;2701140018;MS2701140018;LATA AL 350ML MOEMA;LATA;MOEMA;GERAL;0,38;77605,5;JUL;2026;07/2026;
MS;2701140018;MS2701140018;LATA AL 350ML MOEMA;LATA;MOEMA;GERAL;0,38;77605,5;JUL;2026;07/2026;
MS;2701140018;MS2701140018;LATA AL 350ML MOEMA;LATA;MOEMA;GERAL;0,38;77605,5;JUL;2026;07/2026;
MS;2701140018;MS2701140018;LATA AL 350ML MOEMA;LATA;MOEMA;GERAL;0,38;52771,74;JUL;2026;07/2026;
MS;2701140018;MS2701140018;LATA AL 350ML MOEMA;LATA;MOEMA;GERAL;0,38;62084,4;JUL;2026;07/2026;
MS;2701140018;MS2701140018;LATA AL 350ML MOEMA;LATA;MOEMA;GERAL;0,38;77605,5;JUL;2026;07/2026;
MS;2701140018;MS2701140018;LATA AL 350ML MOEMA;LATA;MOEMA;GERAL;0,38;77605,5;JUL;2026;07/2026;
MS;2701140017;MS2701140017;LATA 473ML FURIOSO TROPICAL;LATA;FURIOSO;GERAL;0,51;28568,16;JUL;2026;07/2026;
MS;2701140026;MS2701140026;LATA AL 473ML FURIOSO;LATA;FURIOSO;GERAL;0,51;44439,360000000001;JUL;2026;07/2026;
MS;2701140006;MS2701140006;LATA AL BELA ROMA / 473ML ;LATA;BELLA ROMA;GERAL;0,51;63484,800000000003;JUL;2026;07/2026;
MS;2701140006;MS2701140006;LATA AL BELA ROMA / 473ML ;LATA;BELLA ROMA;GERAL;0,51;53962,080000000002;JUL;2026;07/2026;
MS;2701140018;MS2701140018;LATA AL 350ML MOEMA;LATA;MOEMA;GERAL;0,38;71397,06;JUL;2026;07/2026;
MS;2701140018;MS2701140018;LATA AL 350ML MOEMA;LATA;MOEMA;GERAL;0,38;71397,06;JUL;2026;07/2026;
MS;2701140018;MS2701140018;LATA AL 350ML MOEMA;LATA;MOEMA;GERAL;0,38;77605,5;JUL;2026;07/2026;
MS;2701140018;MS2701140018;LATA AL 350ML MOEMA;LATA;MOEMA;GERAL;0,38;77605,5;JUL;2026;07/2026;
MS;2701140018;MS2701140018;LATA AL 350ML MOEMA;LATA;MOEMA;GERAL;0,38;77605,5;JUL;2026;07/2026;
MS;2701140006;MS2701140006;LATA AL BELA ROMA / 473ML ;LATA;BELLA ROMA;GERAL;0,51;57136,32;JUL;2026;07/2026;
MS;2701140026;MS2701140026;LATA AL 473ML FURIOSO;LATA;FURIOSO;GERAL;0,51;15871,2;JUL;2026;07/2026;
MS;2701140018;MS2701140018;LATA AL 350ML MOEMA;LATA;MOEMA;GERAL;0,38;77605,5;JUL;2026;07/2026;
MS;2701140018;MS2701140018;LATA AL 350ML MOEMA;LATA;MOEMA;GERAL;0,38;77605,5;JUL;2026;07/2026;
MS;2701140018;MS2701140018;LATA AL 350ML MOEMA;LATA;MOEMA;GERAL;0,38;71397,06;JUL;2026;07/2026;
MS;2701140018;MS2701140018;LATA AL 350ML MOEMA;LATA;MOEMA;GERAL;0,38;71397,06;JUL;2026;07/2026;
MS;2701140018;MS2701140018;LATA AL 350ML MOEMA;LATA;MOEMA;GERAL;0,38;52771,74;JUL;2026;07/2026;
MS;2701140018;MS2701140018;LATA AL 350ML MOEMA;LATA;MOEMA;GERAL;0,38;62084,4;JUL;2026;07/2026;
MS;2701140018;MS2701140018;LATA AL 350ML MOEMA;LATA;MOEMA;GERAL;0,38;77605,5;JUL;2026;07/2026;
MS;2701140018;MS2701140018;LATA AL 350ML MOEMA;LATA;MOEMA;GERAL;0,38;77605,5;JUL;2026;07/2026;
MS;2701140018;MS2701140018;LATA AL 350ML MOEMA;LATA;MOEMA;GERAL;0,38;77605,5;JUL;2026;07/2026;
MS;2701140018;MS2701140018;LATA AL 350ML MOEMA;LATA;MOEMA;GERAL;0,38;77605,5;JUL;2026;07/2026;
MS;2701140006;MS2701140006;LATA AL BELA ROMA / 473ML ;LATA;BELLA ROMA;GERAL;0,51;63484,800000000003;JUL;2026;07/2026;
MS;2701140020;MS2701140020;LATA AL 350ML COLA;LATA;REFRIKO;GERAL;0,38;37250,639999999999;JUL;2026;07/2026;
MS;2701140039;MS2701140039;LATA AL 269ML MOEMA;LATA;MOEMA;GERAL;0,042;2328,48;JUL;2026;07/2026;
MS;2701140006;MS2701140006;LATA AL BELA ROMA / 473ML ;LATA;BELLA ROMA;GERAL;0,51;19045,439999999999;JUL;2026;07/2026;
MS;2701140018;MS2701140018;LATA AL 350ML MOEMA;LATA;MOEMA;GERAL;0,38;71397,06;JUL;2026;07/2026;
MS;2701140006;MS2701140006;LATA AL BELA ROMA / 473ML ;LATA;BELLA ROMA;GERAL;0,51;53962,080000000002;JUL;2026;07/2026;
MS;2701140006;MS2701140006;LATA AL BELA ROMA / 473ML ;LATA;BELLA ROMA;GERAL;0,51;73007,520000000004;JUL;2026;07/2026;
MS;2701140018;MS2701140018;LATA AL 350ML MOEMA;LATA;MOEMA;GERAL;0,38;77605,5;JUL;2026;07/2026;
MS;2701140018;MS2701140018;LATA AL 350ML MOEMA;LATA;MOEMA;GERAL;0,38;40354,86;JUL;2026;07/2026;
MS;2701140030;MS2701140030;LATA AL 350ML UVA DQI1%;LATA;REFRIKO;GERAL;0,38;12416,880000000001;JUL;2026;07/2026;
MS;2701140030;MS2701140030;LATA AL 350ML UVA DQI1%;LATA;REFRIKO;GERAL;0,38;24833,760000000002;JUL;2026;07/2026;
MS;2701140025;MS2701140025;LATA AL 350ML GUARANA;LATA;REFRIKO;GERAL;0,38;37250,639999999999;JUL;2026;07/2026;
MS;2701140018;MS2701140018;LATA AL 350ML MOEMA;LATA;MOEMA;GERAL;0,38;77605,5;JUL;2026;07/2026;
MS;2701140018;MS2701140018;LATA AL 350ML MOEMA;LATA;MOEMA;GERAL;0,38;77605,5;JUL;2026;07/2026;
MS;2701140018;MS2701140018;LATA AL 350ML MOEMA;LATA;MOEMA;GERAL;0,38;74501,279999999999;JUL;2026;07/2026;
MS;2701140046;MS2701140046;LATA DE ALUMINIO LISA 350ML                           ;LATA;MOEMA;GERAL;0,042;310,42200000000003;JUL;2026;07/2026;
MS;2701140018;MS2701140018;LATA AL 350ML MOEMA;LATA;MOEMA;GERAL;0,38;77605,5;JUL;2026;07/2026;
MS;2701140018;MS2701140018;LATA AL 350ML MOEMA;LATA;MOEMA;GERAL;0,38;77605,5;JUL;2026;07/2026;
MS;2701140003;MS2701140003;LATA AL 355ML BAMBOA LAGER;LATA;BAMBOA;GERAL;0,43;90816;JUL;2026;07/2026;
MS;2701140003;MS2701140003;LATA AL 355ML BAMBOA LAGER;LATA;BAMBOA;GERAL;0,43;90816;JUL;2026;07/2026;
MS;2701140018;MS2701140018;LATA AL 350ML MOEMA;LATA;MOEMA;GERAL;0,38;77605,5;JUL;2026;07/2026;
MS;2701140018;MS2701140018;LATA AL 350ML MOEMA;LATA;MOEMA;GERAL;0,38;77605,5;JUL;2026;07/2026;
MS;2701140018;MS2701140018;LATA AL 350ML MOEMA;LATA;MOEMA;GERAL;0,38;71397,06;JUL;2026;07/2026;
MS;2701140018;MS2701140018;LATA AL 350ML MOEMA;LATA;MOEMA;GERAL;0,38;62084,4;JUL;2026;07/2026;
MS;2701140019;MS2701140019;LATA AL 473ML MOEMA;LATA;MOEMA;GERAL;0,51;38090,879999999997;JUL;2026;07/2026;
MS;2701140018;MS2701140018;LATA AL 350ML MOEMA;LATA;MOEMA;GERAL;0,38;34146,42;JUL;2026;07/2026;
MS;2701140018;MS2701140018;LATA AL 350ML MOEMA;LATA;MOEMA;GERAL;0,38;52771,74;JUL;2026;07/2026;
MS;2701140018;MS2701140018;LATA AL 350ML MOEMA;LATA;MOEMA;GERAL;0,38;37250,639999999999;JUL;2026;07/2026;
MS;2701140024;MS2701140024;LATA CER MOEMA PILSEN ARGENTINA 473ML                      ;LATA;MOEMA;GERAL;0,5251;35950,446400000001;JUL;2026;07/2026;
MS;2701140018;MS2701140018;LATA AL 350ML MOEMA;LATA;MOEMA;GERAL;0,38;77605,5;JUL;2026;07/2026;
MS;2701140018;MS2701140018;LATA AL 350ML MOEMA;LATA;MOEMA;GERAL;0,38;77605,5;JUL;2026;07/2026;
MS;2701140018;MS2701140018;LATA AL 350ML MOEMA;LATA;MOEMA;GERAL;0,38;77605,5;JUL;2026;07/2026;
MS;2701140018;MS2701140018;LATA AL 350ML MOEMA;LATA;MOEMA;GERAL;0,38;77605,5;JUL;2026;07/2026;
MS;2701140018;MS2701140018;LATA AL 350ML MOEMA;LATA;MOEMA;GERAL;0,38;77605,5;JUL;2026;07/2026;
MS;2701140018;MS2701140018;LATA AL 350ML MOEMA;LATA;MOEMA;GERAL;0,38;77605,5;JUL;2026;07/2026;
MS;2701140018;MS2701140018;LATA AL 350ML MOEMA;LATA;MOEMA;GERAL;0,38;77605,5;JUL;2026;07/2026;
MS;2701140018;MS2701140018;LATA AL 350ML MOEMA;LATA;MOEMA;GERAL;0,38;77605,5;JUL;2026;07/2026;
MS;2701140018;MS2701140018;LATA AL 350ML MOEMA;LATA;MOEMA;GERAL;0,38;77605,5;JUL;2026;07/2026;
MS;2701140018;MS2701140018;LATA AL 350ML MOEMA;LATA;MOEMA;GERAL;0,38;77605,5;JUL;2026;07/2026;
MS;2701140018;MS2701140018;LATA AL 350ML MOEMA;LATA;MOEMA;GERAL;0,38;77605,5;JUL;2026;07/2026;
MS;2701140018;MS2701140018;LATA AL 350ML MOEMA;LATA;MOEMA;GERAL;0,38;77605,5;JUL;2026;07/2026;
MS;2701140018;MS2701140018;LATA AL 350ML MOEMA;LATA;MOEMA;GERAL;0,38;77605,5;JUL;2026;07/2026;
MS;2701140018;MS2701140018;LATA AL 350ML MOEMA;LATA;MOEMA;GERAL;0,38;77605,5;JUL;2026;07/2026;
MS;2701140018;MS2701140018;LATA AL 350ML MOEMA;LATA;MOEMA;GERAL;0,38;71397,06;JUL;2026;07/2026;
MS;2701080001;MS2701080001;ACUCAR CRISTAL;AÇUCAR;XAROPARIA;GERAL;1,84;285891,84000000003;JAN;2026;01/2026;
PR;2701080001;PR2701080001;ACUCAR CRISTAL;AÇUCAR;XAROPARIA;GERAL;1,84;385340,16000000003;JAN;2026;01/2026;
MS;2701080001;MS2701080001;ACUCAR CRISTAL;AÇUCAR;XAROPARIA;GERAL;1,84;546112;FEV;2026;02/2026;
PR;2701080001;PR2701080001;ACUCAR CRISTAL;AÇUCAR;XAROPARIA;GERAL;1,84;272320;FEV;2026;02/2026;
MS;2701080001;MS2701080001;ACUCAR CRISTAL;AÇUCAR;XAROPARIA;GERAL;1,84;308752;MAR;2026;03/2026;
PR;2701080001;PR2701080001;ACUCAR CRISTAL;AÇUCAR;XAROPARIA;GERAL;1,84;614192;MAR;2026;03/2026;
MS;2701080001;MS2701080001;ACUCAR CRISTAL;AÇUCAR;XAROPARIA;GERAL;1,84;287040;ABR;2026;04/2026;
PR;2701080001;PR2701080001;ACUCAR CRISTAL;AÇUCAR;XAROPARIA;GERAL;1,84;514464;ABR;2026;04/2026;
MS;2701080001;MS2701080001;ACUCAR CRISTAL;AÇUCAR;XAROPARIA;GERAL;1,84;401856;MAI;2026;05/2026;
PR;2701080001;PR2701080001;ACUCAR CRISTAL;AÇUCAR;XAROPARIA;GERAL;1,84;710976;MAI;2026;05/2026;
MS;2701170004;MS2701170004;SAQUE THIKARA;AROMA;ENERGÉTICO;SAKERIA&DESTILADOS;4,95775;9915,5;AGO;2026;08/2026;
MS;2701080001;MS2701080001;ACUCAR CRISTAL;AÇUCAR;XAROPARIA;GERAL;1,84;313227,22060181032;SET;2026;09/2026;
PR;2701080001;PR2701080001;ACUCAR CRISTAL;AÇUCAR;XAROPARIA;GERAL;1,84;487042,99185668357;SET;2026;09/2026;
PR2;2701080001;PR22701080001;ACUCAR CRISTAL;AÇUCAR;XAROPARIA;GERAL;1,84;296662,74353191681;SET;2026;09/2026;
PR;2701010142;PR2701010142;ROTULO GUARANA 2 LT ZERO;ROTULO;BOPP;TRIA;0,0355;3549,9999999999995;AGO;2026;08/2026;
MS;2701190001;MS2701190001;MALTE PILSEN BAG 1000 - BARLEY;CERVEJARIA;MALTE;GERAL;3,29;410613,71400000004;SET;2026;09/2026;
PR2;2701190001;PR22701190001;MALTE PILSEN BAG 1000 - BARLEY;CERVEJARIA;MALTE;GERAL;3,56;1009954,556;SET;2026;09/2026;
MS;2701190004;MS2701190004;XAROPE DE HIGH MALTOSE 25KG (BREWGILL);CERVEJARIA;OUTROS;GERAL;2,78;233154,15199999997;SET;2026;09/2026;
PR2;2701190004;PR22701190004;XAROPE DE HIGH MALTOSE 25KG (BREWGILL);CERVEJARIA;OUTROS;GERAL;2,26;392623,92399999994;SET;2026;09/2026;
MS;2701140034;MS2701140034;LATA 269ML FURIOSO MELANCIA ZERO;LATA;FURIOSO;GERAL;0,042;0;AGO;2026;08/2026;
MS;2701140016;MS2701140016;LATA 473ML FURIOSO MELAO;LATA;FURIOSO;GERAL;0,51;0;AGO;2026;08/2026;
MS;2701140017;MS2701140017;LATA 473ML FURIOSO TROPICAL;LATA;FURIOSO;CROWN;0,51;15871,2;AGO;2026;08/2026;
MS;2701140031;MS2701140031;LATA AL 473ML TANGERINA E LIMÃO ZERO;LATA;FURIOSO;CROWN;0,51;19045,439999999999;AGO;2026;08/2026;
MS;2701140043;MS2701140043;LATA AL 269ML UVA VERDE E PESSEGO;LATA;FURIOSO;GERAL;0,042;0;AGO;2026;08/2026;
MS;2701140001;MS2701140001;LATA AL 269ML BAMBOA PILSEN;LATA;BAMBOA;GERAL;0,042;0;AGO;2026;08/2026;
PR2;2701140001;PR22701140001;LATA AL 269ML BAMBOA PILSEN;LATA;BAMBOA;GERAL;0,042;0;AGO;2026;08/2026;
MS;2701140007;MS2701140007;LATA AL 269ML CAYMAN PILSEN;LATA;CAYMAN;GERAL;0,042;0;AGO;2026;08/2026;
PR2;2701140007;PR22701140007;LATA AL 269ML CAYMAN PILSEN;LATA;CAYMAN;GERAL;0,042;0;AGO;2026;08/2026;
MS;2701140035;MS2701140035;LATA AL 269ML FURIOSO;LATA;FURIOSO;GERAL;0,042;0;AGO;2026;08/2026;
MS;2701140032;MS2701140032;LATA AL 269ML FURIOSO MAÇA E MELÃO;LATA;FURIOSO;GERAL;0,042;0;AGO;2026;08/2026;
MS;2701140033;MS2701140033;LATA AL 269ML FURIOSO MELANCIA E MORANGO;LATA;FURIOSO;GERAL;0,042;0;AGO;2026;08/2026;
MS;2701140037;MS2701140037;LATA AL 269ML FURIOSO TROPICAL;LATA;FURIOSO;GERAL;0,042;0;AGO;2026;08/2026;
MS;2701140036;MS2701140036;LATA AL 269ML FURIOSO ZERO;LATA;FURIOSO;GERAL;0,042;0;AGO;2026;08/2026;
MS;2701140039;MS2701140039;LATA AL 269ML MOEMA;LATA;MOEMA;CROWN;0,042;6054,0480000000007;AGO;2026;08/2026;
PR2;2701140039;PR22701140039;LATA AL 269ML MOEMA;LATA;MOEMA;GERAL;0,042;15833,664000000001;AGO;2026;08/2026;
MS;2701140020;MS2701140020;LATA AL 350ML COLA;LATA;REFRIKO;GERAL;0,38;0;AGO;2026;08/2026;
MS;2701140025;MS2701140025;LATA AL 350ML GUARANA;LATA;REFRIKO;GERAL;0,38;6208,4400000000005;AGO;2026;08/2026;
MS;2701140021;MS2701140021;LATA AL 350ML LARANJA;LATA;REFRIKO;GERAL;0,38;0;AGO;2026;08/2026;
MS;2701140018;MS2701140018;LATA AL 350ML MOEMA;LATA;MOEMA;GERAL;0,38;0;AGO;2026;08/2026;
PR2;2701140018;PR22701140018;LATA AL 350ML MOEMA;LATA;MOEMA;GERAL;0,35294;1533844,7695199999;AGO;2026;08/2026;
MS;2701140023;MS2701140023;LATA AL 350ML TUBAINA;LATA;REFRIKO;GERAL;0,38;0;AGO;2026;08/2026;
MS;2701140030;MS2701140030;LATA AL 350ML UVA DQI1%;LATA;REFRIKO;GERAL;0,38;0;AGO;2026;08/2026;
MS;2701140003;MS2701140003;LATA AL 355ML BAMBOA LAGER;LATA;BAMBOA;GERAL;0,43;0;AGO;2026;08/2026;
PR2;2701140003;PR22701140003;LATA AL 355ML BAMBOA LAGER;LATA;BAMBOA;GERAL;0,43;32693,759999999998;AGO;2026;08/2026;
MS;2701140027;MS2701140027;LATA AL 473 ML FURIOSO ZERO;LATA;FURIOSO;CROWN;0,51;28568,16;AGO;2026;08/2026;
MS;2701140028;MS2701140028;LATA AL 473ML MORANGO E MELANCIA ZERO;LATA;FURIOSO;CROWN;0,51;19045,439999999999;AGO;2026;08/2026;
MS;2701140044;MS2701140044;LATA AL 473ML UVA VERDE E PESSEGO;LATA;FURIOSO;CROWN;0,51;47613,599999999999;AGO;2026;08/2026;
MS;2701140004;MS2701140004;LATA AL 473ML BAMBOA PILSEN;LATA;BAMBOA;GERAL;0,51;0;AGO;2026;08/2026;
PR2;2701140004;PR22701140004;LATA AL 473ML BAMBOA PILSEN;LATA;BAMBOA;GERAL;0,51;0;AGO;2026;08/2026;
MS;2701140026;MS2701140026;LATA AL 473ML FURIOSO;LATA;FURIOSO;CROWN;0,51;101575,68000000001;AGO;2026;08/2026;
MS;2701140015;MS2701140015;LATA AL 473ML FURIOSO MELANCIA E MORANGO;LATA;FURIOSO;CROWN;0,51;0;AGO;2026;08/2026;
MS;2701140045;MS2701140045;LATA COQ COWBOYS PESSEGO 350ML;LATA;FURIOSO;CROWN;0,38;37250,639999999999;AGO;2026;08/2026;
MS;2701140047;MS2701140047;LATA FURIOSO LARANJA ULTRA CITRUS ZERO 473ML;LATA;FURIOSO;CROWN;0,51;73007,520000000004;AGO;2026;08/2026;
MS;2701140019;MS2701140019;LATA AL 473ML MOEMA;LATA;MOEMA;CROWN;0,51;215848,32000000001;AGO;2026;08/2026;
PR2;2701140019;PR22701140019;LATA AL 473ML MOEMA;LATA;MOEMA;GERAL;0,51;238068;AGO;2026;08/2026;
MS;2701140005;MS2701140005;LATA AL BELA ROMA / 265ML;LATA;BELLA ROMA;GERAL;0,042;0;AGO;2026;08/2026;
PR2;2701140005;PR22701140005;LATA AL BELA ROMA / 265ML;LATA;BELLA ROMA;GERAL;0,042;0;AGO;2026;08/2026;
MS;2701140006;MS2701140006;LATA AL BELA ROMA / 473ML ;LATA;BELLA ROMA;CROWN;0,51;358689,12;AGO;2026;08/2026;
PR2;2701140006;PR22701140006;LATA AL BELA ROMA / 473ML ;LATA;BELLA ROMA;GERAL;0,51;0;AGO;2026;08/2026;
PR2;2701140040;PR22701140040;LATA CER MOEMA PILSEN URUGUAI 473ML                       ;LATA;MOEMA;GERAL;0,5251;0;AGO;2026;08/2026;
PR2;2701140024;PR22701140024;LATA CER MOEMA PILSEN ARGENTINA 473ML                      ;LATA;MOEMA;GERAL;0,5251;0;AGO;2026;08/2026;
MS;2701140040;MS2701140040;LATA CER MOEMA PILSEN URUGUAI 473ML                       ;LATA;MOEMA;GERAL;0,5251;0;AGO;2026;08/2026;
MS;2701140024;MS2701140024;LATA CER MOEMA PILSEN ARGENTINA 473ML                      ;LATA;MOEMA;GERAL;0,5251;0;AGO;2026;08/2026;
MS;2701140008;MS2701140008;LATA CER DEL PUERTO 269ML;LATA;PUERTO;GERAL;0,042;0;AGO;2026;08/2026;
PR2;2701140008;PR22701140008;LATA CER DEL PUERTO 269ML;LATA;PUERTO;GERAL;0,042;0;AGO;2026;08/2026;
MS;2701140014;MS2701140014;LATA CER DEL PUERTO 350ML;LATA;PUERTO;GERAL;0,38;0;AGO;2026;08/2026;
PR2;2701140014;PR22701140014;LATA CER DEL PUERTO 350ML;LATA;PUERTO;GERAL;0,38;0;AGO;2026;08/2026;
MS;2901140013;MS2901140013;LATA CHOPP DO MARQUES 473ML;LATA;MARQUES;GERAL;0,51;0;AGO;2026;08/2026;
PR2;2901140013;PR22901140013;LATA CHOPP DO MARQUES 473ML;LATA;MARQUES;GERAL;0,51;0;AGO;2026;08/2026;
MS;2701140046;MS2701140046;LATA DE ALUMINIO LISA 350ML;LATA;MOEMA;GERAL;0,042;0;AGO;2026;08/2026;
MS;2701140041;MS2701140041;LATA DE ALUMINIO LISA 269ML;LATA;FURIOSO;GERAL;0,042;0;AGO;2026;08/2026;
MS;2701140042;MS2701140042;LATA DE ALUMINIO LISA 473ML;LATA;FURIOSO;GERAL;0,51;0;AGO;2026;08/2026;
MS;2701140034;MS2701140034;LATA 269ML FURIOSO MELANCIA ZERO;LATA;FURIOSO;GERAL;0,042;0;SET;2026;09/2026;
MS;2701140016;MS2701140016;LATA 473ML FURIOSO MELAO;LATA;FURIOSO;GERAL;0,51;0;SET;2026;09/2026;
MS;2701140017;MS2701140017;LATA 473ML FURIOSO TROPICAL;LATA;FURIOSO;GERAL;0,51;36576,69;SET;2026;09/2026;
MS;2701140031;MS2701140031;LATA AL 473ML TANGERINA E LIMÃO ZERO;LATA;FURIOSO;GERAL;0,51;48910,020000000004;SET;2026;09/2026;
MS;2701140043;MS2701140043;LATA AL 269ML UVA VERDE E PESSEGO;LATA;FURIOSO;GERAL;0,042;237,93;SET;2026;09/2026;
MS;2701140001;MS2701140001;LATA AL 269ML BAMBOA PILSEN;LATA;BAMBOA;GERAL;0,042;0;SET;2026;09/2026;
PR2;2701140001;PR22701140001;LATA AL 269ML BAMBOA PILSEN;LATA;BAMBOA;GERAL;0,042;0;SET;2026;09/2026;
MS;2701140007;MS2701140007;LATA AL 269ML CAYMAN PILSEN;LATA;CAYMAN;GERAL;0,042;0;SET;2026;09/2026;
PR2;2701140007;PR22701140007;LATA AL 269ML CAYMAN PILSEN;LATA;CAYMAN;GERAL;0,042;0;SET;2026;09/2026;
MS;2701140035;MS2701140035;LATA AL 269ML FURIOSO;LATA;FURIOSO;GERAL;0,042;446,08200000000005;SET;2026;09/2026;
MS;2701140032;MS2701140032;LATA AL 269ML FURIOSO MAÇA E MELÃO;LATA;FURIOSO;GERAL;0,042;0;SET;2026;09/2026;
MS;2701140033;MS2701140033;LATA AL 269ML FURIOSO MELANCIA E MORANGO;LATA;FURIOSO;GERAL;0,042;0;SET;2026;09/2026;
MS;2701140037;MS2701140037;LATA AL 269ML FURIOSO TROPICAL;LATA;FURIOSO;GERAL;0,042;0;SET;2026;09/2026;
MS;2701140036;MS2701140036;LATA AL 269ML FURIOSO ZERO;LATA;FURIOSO;GERAL;0,042;0;SET;2026;09/2026;
MS;2701140039;MS2701140039;LATA AL 269ML MOEMA;LATA;MOEMA;GERAL;0,042;17147,634000000002;SET;2026;09/2026;
PR2;2701140039;PR22701140039;LATA AL 269ML MOEMA;LATA;MOEMA;GERAL;0,042;16021,194000000001;SET;2026;09/2026;
MS;2701140020;MS2701140020;LATA AL 350ML COLA;LATA;REFRIKO;GERAL;0,38;0;SET;2026;09/2026;
MS;2701140025;MS2701140025;LATA AL 350ML GUARANA;LATA;REFRIKO;GERAL;0,38;0;SET;2026;09/2026;
MS;2701140021;MS2701140021;LATA AL 350ML LARANJA;LATA;REFRIKO;GERAL;0,38;7409,24;SET;2026;09/2026;
MS;2701140018;MS2701140018;LATA AL 350ML MOEMA;LATA;MOEMA;GERAL;0,38;112084,8;SET;2026;09/2026;
PR2;2701140018;PR22701140018;LATA AL 350ML MOEMA;LATA;MOEMA;GERAL;0,35294;2990732,7367399996;SET;2026;09/2026;
MS;2701140023;MS2701140023;LATA AL 350ML TUBAINA;LATA;REFRIKO;GERAL;0,38;6037,06;SET;2026;09/2026;
MS;2701140030;MS2701140030;LATA AL 350ML UVA DQI1%;LATA;REFRIKO;GERAL;0,38;0;SET;2026;09/2026;
MS;2701140003;MS2701140003;LATA AL 355ML BAMBOA LAGER;LATA;BAMBOA;GERAL;0,43;0;SET;2026;09/2026;
PR2;2701140003;PR22701140003;LATA AL 355ML BAMBOA LAGER;LATA;BAMBOA;GERAL;0,43;276251,34999999998;SET;2026;09/2026;
MS;2701140027;MS2701140027;LATA AL 473 ML FURIOSO ZERO;LATA;FURIOSO;GERAL;0,51;49729,08;SET;2026;09/2026;
MS;2701140028;MS2701140028;LATA AL 473ML MORANGO E MELANCIA ZERO;LATA;FURIOSO;GERAL;0,51;25777,95;SET;2026;09/2026;
MS;2701140044;MS2701140044;LATA AL 473ML UVA VERDE E PESSEGO;LATA;FURIOSO;GERAL;0,51;88670,13;SET;2026;09/2026;
MS;2701140004;MS2701140004;LATA AL 473ML BAMBOA PILSEN;LATA;BAMBOA;GERAL;0,51;0;SET;2026;09/2026;
PR2;2701140004;PR22701140004;LATA AL 473ML BAMBOA PILSEN;LATA;BAMBOA;GERAL;0,51;0;SET;2026;09/2026;
MS;2701140026;MS2701140026;LATA AL 473ML FURIOSO;LATA;FURIOSO;GERAL;0,51;206899,35;SET;2026;09/2026;
MS;2701140015;MS2701140015;LATA AL 473ML FURIOSO MELANCIA E MORANGO;LATA;FURIOSO;GERAL;0,51;25077,72;SET;2026;09/2026;
MS;2701140045;MS2701140045;LATA COQ COWBOYS PESSEGO 350ML;LATA;FURIOSO;GERAL;0,38;78281,899999999994;SET;2026;09/2026;
MS;2701140047;MS2701140047;LATA FURIOSO LARANJA ULTRA CITRUS ZERO 473ML;LATA;FURIOSO;GERAL;0,51;104123,13;SET;2026;09/2026;
MS;2701140019;MS2701140019;LATA AL 473ML MOEMA;LATA;MOEMA;GERAL;0,51;529314,21;SET;2026;09/2026;
PR2;2701140019;PR22701140019;LATA AL 473ML MOEMA;LATA;MOEMA;GERAL;0,51;285767,78999999998;SET;2026;09/2026;
MS;2701140005;MS2701140005;LATA AL BELA ROMA / 265ML;LATA;BELLA ROMA;GERAL;0,042;914,298;SET;2026;09/2026;
PR2;2701140005;PR22701140005;LATA AL BELA ROMA / 265ML;LATA;BELLA ROMA;GERAL;0,042;0;SET;2026;09/2026;
MS;2701140006;MS2701140006;LATA AL BELA ROMA / 473ML ;LATA;BELLA ROMA;GERAL;0,51;767212,89;SET;2026;09/2026;
PR2;2701140006;PR22701140006;LATA AL BELA ROMA / 473ML ;LATA;BELLA ROMA;GERAL;0,51;0;SET;2026;09/2026;
PR2;2701140040;PR22701140040;LATA CER MOEMA PILSEN URUGUAI 473ML                       ;LATA;MOEMA;GERAL;0,5251;55451,085100000004;SET;2026;09/2026;
PR2;2701140024;PR22701140024;LATA CER MOEMA PILSEN ARGENTINA 473ML                      ;LATA;MOEMA;GERAL;0,5251;166352,20509999999;SET;2026;09/2026;
MS;2701140040;MS2701140040;LATA CER MOEMA PILSEN URUGUAI 473ML                       ;LATA;MOEMA;GERAL;0,5251;0;SET;2026;09/2026;
MS;2701140024;MS2701140024;LATA CER MOEMA PILSEN ARGENTINA 473ML                      ;LATA;MOEMA;GERAL;0,5251;0;SET;2026;09/2026;
MS;2701140008;MS2701140008;LATA CER DEL PUERTO 269ML;LATA;PUERTO;GERAL;0,042;0;SET;2026;09/2026;
PR2;2701140008;PR22701140008;LATA CER DEL PUERTO 269ML;LATA;PUERTO;GERAL;0,042;0;SET;2026;09/2026;
MS;2701140014;MS2701140014;LATA CER DEL PUERTO 350ML;LATA;PUERTO;GERAL;0,38;0;SET;2026;09/2026;
PR2;2701140014;PR22701140014;LATA CER DEL PUERTO 350ML;LATA;PUERTO;GERAL;0,38;0;SET;2026;09/2026;
MS;2901140013;MS2901140013;LATA CHOPP DO MARQUES 473ML;LATA;MARQUES;GERAL;0,51;0;SET;2026;09/2026;
PR2;2901140013;PR22901140013;LATA CHOPP DO MARQUES 473ML;LATA;MARQUES;GERAL;0,51;0;SET;2026;09/2026;
MS;2701140046;MS2701140046;LATA DE ALUMINIO LISA 350ML;LATA;MOEMA;GERAL;0,042;0;SET;2026;09/2026;
MS;2701140041;MS2701140041;LATA DE ALUMINIO LISA 269ML;LATA;FURIOSO;GERAL;0,042;0;SET;2026;09/2026;
MS;2701140042;MS2701140042;LATA DE ALUMINIO LISA 473ML;LATA;FURIOSO;GERAL;0,51;0;SET;2026;09/2026;
MS;2701170003;MS2701170003;VINHO DE MESA TINTO SECO GRANEL;VINHO;TANQUE;GERAL;4,2;705600;SET;2026;09/2026;
PR;2801030013;PR2801030013;TAMPA AZUL LISA;TAMPA;PET;GERAL;0,043333;6551,9496000000008;SET;2026;09/2026;
PR;2801130003;PR2801130003;AROMA QUININO;AROMA;MALDIVES;GERAL;1596;15960;SET;2026;09/2026;
PR;2801120002;PR2801120002;PREMIX ENERG EMULVIT 8942;CONCENT./KITs;C.ENERGETICO;GERAL;18,05;36100;OUT;2026;10/2026;
MS;2701260003;MS2701260003;LACRE BARRIL MOEMA;LACRE;CHOPP;GERAL;0,365;1825;SET;2026;09/2026;
MS;2701150003;MS2701150003;VASILHAME NOVO 330ML;VASILHAME;LONGNECK;GERAL;0,88;84022,399999999994;SET;2026;09/2026;
MS;2701040010;MS2701040010;SHRINK MOEMA 473ML - 400X0,06;FILME;MOEMA;PATENA;14,5;29000;SET;2026;09/2026;
MS;2701150006;MS2701150006;VASILHAME AMBAR 300ML - LITRINHO;VASILHAME;NORMAL;GERAL;0,74;75213,600000000006;SET;2026;09/2026;
MS;2701090003;MS2701090003;ACIDO LACTICO - IBC;CERVEJARIA;OUTROS;KALIUM;10,41;10410;SET;2026;09/2026;
MS;2701050017;MS2701050017;AROMA IDENTICO AO NATURAL MELANCIA;AROMA;ENERGÉTICO;GERAL;37,17;3717;SET;2026;09/2026;
MS;2701090006;MS2701090006;CITRATO DE SODIO;ACID.E CONSERV.;ENERG/DELIRIO;GERAL;8,28;8280;SET;2026;09/2026;
PR2;2701130007;PR22701130007;AROMA EXTRATO GUARANA REFRIKO 28;AROMA;REFRIGERANTE;GERAL;32,8;13119,999999999998;SET;2026;09/2026;
PR;2801050006;PR2801050006;AROMA FRUTAS TROPICAIS;AROMA;ENERGÉTICO;GERAL;149,57;44871;SET;2026;09/2026;
PR;2801050019;PR2801050019;AROMA IDENTICO AO NATURAL MARACUJA;AROMA;NOCH DEMAIS;GERAL;54,21;5421;SET;2026;09/2026;
PR;2701130007;PR2701130007;AROMA EXTRATO GUARANA REFRIKO 28;AROMA;REFRIGERANTE;GERAL;32,8;13119,999999999998;SET;2026;09/2026;
PR;2801050021;PR2801050021;AROMA IDENTICO AO NATURAL MELANCIA;AROMA;ENERGÉTICO;GERAL;37,17;11151;SET;2026;09/2026;
PR;2801090005;PR2801090005;CITRATO DE SODIO;ACID.E CONSERV.;ENERG/DELIRIO;GERAL;8,28;8280;SET;2026;09/2026;
PR;2801050038;PR2801050038;EMULSAO SABOR CITRUS;EMULSAO;XAROPARIA;GERAL;100,74;1208,8799999999999;SET;2026;09/2026;
PR;2801090001;PR2801090001;ACIDO MALICO;ACID.E CONSERV.;NOCH;GERAL;9,75;2925;SET;2026;09/2026;
MS;2701050018;MS2701050018;EMULSAO LARANJA REFRIKO 98;EMULSAO;XAROPARIA;GERAL;32,8;3279,9999999999995;OUT;2026;10/2026;
MS;2701160012;MS2701160012;CX 12X300ML - TUBAINA;CAIXA;TUBAINA;GERAL;1,69;33800;OUT;2026;10/2026;
PA;10100024;PA10100024;CICLAMATO DE SÓDIO ;EDULCORANTE;XAROPARIA;GERAL;19,87;11922;OUT;2026;10/2026;
PA;10100006;PA10100006;CITRATO DE SODIO;ACID.E CONSERV.;ENERG/DELIRIO;KONKRETA;10,37;4148;OUT;2026;10/2026;
PA;10090295;PA10090295;CONCENTRADO COLA IAB 7729 (NOVO);CONCENT./KITs;KIT COLA;INTERAMERICA;22,39;60453;OUT;2026;10/2026;
PA;10090017;PA10090017;EMULSAO LARANJA REFRIKO 98;EMULSAO;XAROPARIA;SAPORITI;36;28800;OUT;2026;10/2026;
PA;12030001;PA12030001;FILME STRETCH POLIETILENO 500X0023;FILME;STRETCH;GERAL;9,8;9800;OUT;2026;10/2026;
PA;11040007;PA11040007;FILME TERMO ENCOLHIVEL 420 X 0,06;FILME;REFR/ENERG.;GERAL;10,35;20700;OUT;2026;10/2026;
PA;10090290;PA10090290;PREMIX ENERG EMULVIT 8942 ADM;CONCENT./KITs;C.ENERGETICO;KONKRETA;26,8;13400;OUT;2026;10/2026;
PA;11080236;PA11080236;ROTULO FURIOSO MELANCIA E MORANGO 2L;ROTULO;SLEEVE-PA;CCL;0,28732;14366,000000000002;OUT;2026;10/2026;
PA;11080240;PA11080240;ROTULO FURIOSO TROPICAL 2L;ROTULO;SLEEVE-PA;ALL4LABELL;0,28732;14366,000000000002;OUT;2026;10/2026;
PA;10090032;PA10090032;SACARINA SÓDICA;EDULCORANTE;XAROPARIA;GERAL;38,4;3840;OUT;2026;10/2026;
PA;11090001;PA11090001;TAMPA LARANJA REFRIKO;TAMPA;PET;RAVIBRAS;0,04667;23521,68;OUT;2026;10/2026;
PA;11090034;PA11090034;TAMPA LILAS LISA;TAMPA;PET;RAVIBRAS;0,04667;23521,68;OUT;2026;10/2026;
PA;11090031;PA11090031;TAMPA VERMELHA LISA;TAMPA;PET;RAVIBRAS;0,04667;62724,480000000003;OUT;2026;10/2026;
PR2;2701040033;PR22701040033;SHRINK MOEMA 473ML - 790X0,06;FILME;MOEMA;GERAL;14,5;29000;OUT;2026;10/2026;
PR2;2701050001;PR22701050001;AROMA NATURAL MOUTHFEEL FASV259 ADM;AROMA;REFRIGERANTE;GERAL;165,4;16540;OUT;2026;10/2026;
PR2;2701050018;PR22701050018;EMULSAO LARANJA REFRIKO 98;EMULSAO;XAROPARIA;GERAL;32,8;9840;OUT;2026;10/2026;
PR2;2701210002;PR22701210002;SILICA HP 9000;CERVEJARIA;OUTROS;GERAL;36,01;72020;OUT;2026;10/2026;
PR2;2701050023;PR22701050023;PREP ACIDO COLA ;CONCENT./KITs;KIT COLA;GERAL;25;8750;OUT;2026;10/2026;
PR;2701050001;PR2701050001;AROMA NATURAL MOUTHFEEL FASV259 ADM;AROMA;REFRIGERANTE;GERAL;165,4;16540;OUT;2026;10/2026;
PR;2701050018;PR2701050018;EMULSAO LARANJA REFRIKO 98;EMULSAO;XAROPARIA;GERAL;32,8;19680;OUT;2026;10/2026;
PR;2801010100;PR2801010100;ROTULO FURIOSO 2L;ROTULO;SLEEVE;GERAL;0,2062;82480;OUT;2026;10/2026;
PR;2801010098;PR2801010098;ROTULO FURIOSO MELANCIA E MORANGO 2L;ROTULO;SLEEVE;GERAL;0,2062;41240;OUT;2026;10/2026;
PR2;2701040040;PR22701040040;FILME TERMOENCOLHIVEL CER DEL P 269ML 350X0,06MM;FILME;PUERTO;GERAL;15;30000;SET;2026;09/2026;
PA;10010001;PA10010001;ACUCAR CRISTAL;AÇUCAR;XAROPARIA;GERAL;2,27792;683376;OUT;2026;10/2026;
MS;2701040001;MS2701040001;FILME TERMO ENCOLHIVEL 420 X 0,05;FILME;JUJ/TERN;GERAL;21;63000;NOV;2026;11/2026;
MS;2701040003;MS2701040003;FILME TERMO ENCOLHÍVEL DE 560X006;FILME;DIVERSOS;GERAL;23,5;94000;NOV;2026;11/2026;
MS;2701040009;MS2701040009;FILME STRETCH POLIETILENO 500X0023;FILME;STRETCH;GERAL;22,85;36560;NOV;2026;11/2026;
PR2;2701040007;PR22701040007;FILME TERMO ENCOLHIVEL 860/0,06 MM;FILME;REFR/ENERG.;GERAL;21;21000;NOV;2026;11/2026;
PR2;2701040006;PR22701040006;FILME TERMO ENCOLHIVEL 860/5 MM;FILME;JUJ/TERN;GERAL;14,1;14100;NOV;2026;11/2026;
PR;2701040007;PR2701040007;FILME TERMO ENCOLHIVEL 860/0,06 MM;FILME;REFR/ENERG.;GERAL;23,575;259325;NOV;2026;11/2026;
PR;2701040006;PR2701040006;FILME TERMO ENCOLHIVEL 860/5 MM;FILME;JUJ/TERN;GERAL;23,575;94300;NOV;2026;11/2026;
PR;2701040009;PR2701040009;FILME STRETCH POLIETILENO 500X0023;FILME;STRETCH;GERAL;20;80000;NOV;2026;11/2026;
SP;2801040018;SP2801040018;FILME TERMOENCOLHIVEL LISO 390X0,05MM                    ;FILME;ÁGUA 500;GERAL;23,575;141450;NOV;2026;11/2026;
SP;2801040014;SP2801040014;FILME STRETCH POLIETILENO 500X0023;FILME;STRETCH;GERAL;22,85;22850;NOV;2026;11/2026;
PA;11040794;PA11040794;FILME TERMO - 390X0,05;FILME;REFRI;GERAL;10,35;10350;NOV;2026;11/2026;
PA;12030001;PA12030001;FILME STRETCH POLIETILENO 500X0023;FILME;STRETCH;GERAL;9,8;9800;NOV;2026;11/2026;
PA;11040793;PA11040793;FILME TERMO - 480X0,06;FILME;REFRI;GERAL;10,35;51750;NOV;2026;11/2026;
PA;11040007;PA11040007;FILME TERMO ENCOLHIVEL 420 X 0,06;FILME;REFR/ENERG.;GERAL;10,35;20700;NOV;2026;11/2026;
PR2;2701020051;PR22701020051;PREFORMA PET 200 ML CRISTAL 12 g ;PREFORMA;REFRIKO 200ML;GERAL;0,197948;283600,89139200002;SET;2026;09/2026;
PR2;2801020035;PR22801020035;PREFORMA PET 200 ML CRISTAL 12 g;PREFORMA;REFRIKO 200ML;GERAL;0,197948;49084,769664000007;SET;2026;09/2026;
PR2;2701020097;PR22701020097;PREFORMA PET 200 ML VERDE 12 g ;PREFORMA;REFRIKO 200ML;GERAL;0,197948;409039,74720000004;SET;2026;09/2026;
PR2;2801020053;PR22801020053;PREFORMA PET 200 ML VERDE 12 g;PREFORMA;PET 200 PA;GERAL;0,197948;119984,99251200001;SET;2026;09/2026;
PA;11070041;PA11070041;PREFORMA PET 200 ML CRISTAL 12 G;PREFORMA;PET 200 PA;ENVASES;0,159;78132,600000000006;SET;2026;09/2026;
PA;11070048;PA11070048;PREFORMA PET 200 ML VERDE 12 G;PREFORMA;PET 200 PA;ENVASES;0,159;40926,6;SET;2026;09/2026;
SP;2801020042;SP2801020042;PREFORMA 15G CRISTAL;PREFORMA;PET 500 PA;GERAL;0,22133;174655,9296;SET;2026;09/2026;
PA;11070046;PA11070046;PREFORMA 18 ou 20,6G CRISTAL;PREFORMA;PET 500 PA;ENVASES;0,236;46558,079999999994;SET;2026;09/2026;
PA;11070047;PA11070047;PREFORMA 18 ou 20,6G VERDE;PREFORMA;PET 500 PA;ENVASES;0,236;46558,079999999994;SET;2026;09/2026;
PR;2701020055;PR2701020055;PREFORMA 18G CRISTAL;PREFORMA;FURIOSO 250ML;CRISTALPET;0,25664;379589,03807999997;SET;2026;09/2026;
SP;2801020041;SP2801020041;PREFORMA 18G CRISTAL 500 ML;PREFORMA;PET 500 PA;GERAL;0,25664;253149,69599999997;SET;2026;09/2026;
SP;2801020032;SP2801020032;PREFORMA 31,7G CRISTAL;PREFORMA;ÁGUA 1,5L;GERAL;0,41577;65798,097119999991;SET;2026;09/2026;
MS;2701020059;MS2701020059;PREFORMA 41 G CRISTAL;PREFORMA;REFRIKO 2L;CRISTALPET;0,5553;28466,8992;SET;2026;09/2026;
PR;2701020059;PR2701020059;PREFORMA 41G CRISTAL;PREFORMA;REFRIKO 2L;CRISTALPET;0,5212;155209,19039999999;SET;2026;09/2026;
MS;2701020102;MS2701020102;PREFORMA 41 G VERDE;PREFORMA;REFRIKO 2L;CRISTALPET;0,4013;82288,972800000003;SET;2026;09/2026;
PR2;2701020102;PR22701020102;PREFORMA 41 G VERDE;PREFORMA;REFRIKO 2L;GERAL;0,5212;152357,18400000001;SET;2026;09/2026;
PA;11070012;PA11070012;PREFORMA 46,0G CRISTAL OU 45,7 G;PREFORMA;PET 2L PA;CRISTALPET;0,49;143236,79999999999;SET;2026;09/2026;
PA;11070013;PA11070013;PREFORMA 46,0G VERDE OU 45,7 G;PREFORMA;PET 2L PA;BRASPET;0,49;69572,160000000003;SET;2026;09/2026;
PA;11070032;PA11070032;PREFORMA 48GR CRISTAL OU 50,7 G;PREFORMA;PET 2,5L PA;GERAL;0,498;281111,03999999998;SET;2026;09/2026;
PA;11070033;PA11070033;PREFORMA 48GR VERDE OU 50,7 G;PREFORMA;PET 2,5L PA;GERAL;0,498;111552;SET;2026;09/2026;
MS;2701020075;MS2701020075;PREFORMA PET 46,7GR CRISTAL;PREFORMA;FURIOSO 2L;CRISTALPET;0,594;109143,936;SET;2026;09/2026;
PR;2701020075;PR2701020075;PREFORMA PET 46,7GR CRISTAL ;PREFORMA;FURIOSO 2L;CRISTALPET;0,687488;597157,57670400001;SET;2026;09/2026;
PA;10100006;PA10100006;CITRATO DE SODIO;ACID.E CONSERV.;ENERG/DELIRIO;KONKRETA;10,37;2074;NOV;2026;11/2026;
PA;10100002;PA10100002;SORBATO DE POTASSIO 25KG;ACID.E CONSERV.;REF/ENER/ROM/DEL;KONKRETA;18,55;3710;NOV;2026;11/2026;
PA;10090290;PA10090290;PREMIX ENERG EMULVIT 8942 ADM;CONCENT./KITs;C.ENERGETICO;KONKRETA;26,8;21440;NOV;2026;11/2026;
PR;2701010146;PR2701010146;ROTULO REFRIKO LIMÃO DQI1% 200 ML ;ROTULO;BOPP;GERAL;0,008;16000;SET;2026;09/2026;
PR;2701010131;PR2701010131;ROTULO REFRIKO COLA REDUZIDO 200 ML ;ROTULO;BOPP;GERAL;0,008;16000;SET;2026;09/2026;
PR;2701010154;PR2701010154;ROTULO REFRIKO UVA DQI1% 200 ML ;ROTULO;BOPP;GERAL;0,008;16000;SET;2026;09/2026;
PR;2701010149;PR2701010149;ROTULO REFRIKO TUBAÍNA 200 ML ;ROTULO;BOPP;GERAL;0,008;24000;OUT;2026;10/2026;
PR;2701010137;PR2701010137;ROTULO GUARANA REDUZIDO 200 ML ;ROTULO;BOPP;GERAL;0,008;24000;OUT;2026;10/2026;
;;;;;;;;;;;;
